NEWCODE,HTS_MASTER_CODE,COUNTRY,NEWRATE,NEWRATE_CLEAN,RATE_MODIFIER,ADDITIONAL_DUTY_PCT,ADDITIONAL_VALUE,ADDITIONAL_UNIT,TRADEPROGRAM,MATCH_PRIORITY
9901.00.50,2207.10.60,Canada,0,0.0,,,,,USMCA,10
9901.00.50,2207.10.60,Colombia,0,0.0,,,,,COTPA,10
9901.00.50,2207.10.60,Israel,0,0.0,,,,,ILFTA,10
9901.00.50,2207.10.60,Mexico,0,0.0,,,,,USMCA,10
9901.00.50,2207.10.60,Peru,0,0.0,,,,,PTPA,10
9901.00.50,2710.12.15,Global,Base Rate,,,,0.1427,cents/liter,,20
9901.00.50,2710.19.16,Global,Base Rate,,,,0.1427,cents/liter,,20
9901.00.50,2710.19.24,Global,Base Rate,,,,0.1427,cents/liter,,20
9901.00.50,2710.20.15,Global,Base Rate,,,,0.1427,cents/liter,,20
9901.00.52,2909.19.18,Canada,0,0.0,,,,,USMCA,10
9901.00.52,2909.19.18,Colombia,0,0.0,,,,,COTPA,10
9901.00.52,2909.19.18,Global,Base Rate,,,,0.0599,cents/liter,,20
9901.00.52,2909.19.18,Israel,0,0.0,,,,,ILFTA,10
9901.00.52,2909.19.18,Mexico,0,0.0,,,,,USMCA,10
9901.00.52,2909.19.18,Peru,0,0.0,,,,,PTPA,10
9902.01.01,0710.80.70,Global,0,0.0,,,,,MTB,20
9902.01.02,1514.99.90,Global,0,0.0,,,,,MTB,20
9902.01.03,1805.00.00,Global,0,0.0,,,,,MTB,20
9902.01.04,2001.90.25,Global,0.072,0.072,,,,,MTB,20
9902.01.05,2001.90.38,Global,0,0.0,,,,,MTB,20
9902.01.06,2001.90.38,Global,0,0.0,,,,,MTB,20
9902.01.07,2005.70.25,Global,0,0.0,,,,,MTB,20
9902.01.08,2005.99.50,Global,0,0.0,,,,,MTB,20
9902.01.09,2005.99.55,Global,0,0.0,,,,,MTB,20
9902.01.10,2005.99.80,Global,0.127,0.127,,,,,MTB,20
9902.01.11,2008.80.00,Global,0,0.0,,,,,MTB,20
9902.01.12,2106.90.82,Global,0,0.0,,,,,MTB,20
9902.01.13,2106.90.98,Global,0.058,0.058,,,,,MTB,20
9902.01.14,2009.90.40,Global,0,0.0,,,,,MTB,20
9902.01.15,2009.89.70,Global,0,0.0,,,,,MTB,20
9902.01.16,2009.89.70,Global,0,0.0,,,,,MTB,20
9902.01.17,2009.89.70,Global,0,0.0,,,,,MTB,20
9902.01.18,2710.12.90,Global,0,0.0,,,,,MTB,20
9902.01.19,2710.19.90,Global,0,0.0,,,,,MTB,20
9902.01.20,2805.11.00,Global,0.025,0.025,,,,,MTB,20
9902.01.21,2805.11.00,Global,0.07,0.07,,,,,MTB,20
9902.01.22,2811.19.61,Global,0,0.0,,,,,MTB,20
9902.01.23,2811.19.61,Global,0,0.0,,,,,MTB,20
9902.01.24,2811.19.61,Global,0,0.0,,,,,MTB,20
9902.01.25,2811.19.61,Global,0,0.0,,,,,MTB,20
9902.01.26,2811.22.10,Global,0,0.0,,,,,MTB,20
9902.01.27,2811.22.10,Global,0,0.0,,,,,MTB,20
9902.01.28,2811.22.10,Global,0,0.0,,,,,MTB,20
9902.01.29,2811.22.10,Global,0,0.0,,,,,MTB,20
9902.01.30,2811.22.10,Global,0,0.0,,,,,MTB,20
9902.01.31,2811.22.10,Global,0,0.0,,,,,MTB,20
9902.01.32,2811.22.10,Global,0,0.0,,,,,MTB,20
9902.01.33,2812.17.00,Global,0,0.0,,,,,MTB,20
9902.01.34,2819.90.00,Global,0,0.0,,,,,MTB,20
9902.01.35,2821.10.00,Global,0.021,0.021,,,,,MTB,20
9902.01.36,2825.10.00,Global,0.027,0.027,,,,,MTB,20
9902.01.37,2825.10.00,Global,0,0.0,,,,,MTB,20
9902.01.38,2825.10.00,Global,0,0.0,,,,,MTB,20
9902.01.39,2825.60.00,Global,0,0.0,,,,,MTB,20
9902.01.40,2825.90.20,Global,0,0.0,,,,,MTB,20
9902.01.41,2826.19.10,Global,0,0.0,,,,,MTB,20
9902.01.42,2826.19.20,Global,0,0.0,,,,,MTB,20
9902.01.43,2826.19.90,Global,0,0.0,,,,,MTB,20
9902.01.44,2826.19.90,Global,0,0.0,,,,,MTB,20
9902.01.45,2826.19.90,Global,0,0.0,,,,,MTB,20
9902.01.46,2826.19.90,Global,0,0.0,,,,,MTB,20
9902.01.47,2826.90.90,Global,0,0.0,,,,,MTB,20
9902.01.48,2826.90.90,Global,0,0.0,,,,,MTB,20
9902.01.49,2826.90.90,Global,0,0.0,,,,,MTB,20
9902.01.50,2827.39.30,Global,0,0.0,,,,,MTB,20
9902.01.51,2827.39.60,Global,0,0.0,,,,,MTB,20
9902.01.52,2827.39.90,Global,0,0.0,,,,,MTB,20
9902.01.53,2827.60.51,Global,0,0.0,,,,,MTB,20
9902.01.54,2830.10.00,Global,0,0.0,,,,,MTB,20
9902.01.55,2832.30.10,Global,0,0.0,,,,,MTB,20
9902.01.56,2834.29.51,Global,0,0.0,,,,,MTB,20
9902.01.57,2835.10.00,Global,0,0.0,,,,,MTB,20
9902.01.58,2835.24.00,Global,0.01,0.01,,,,,MTB,20
9902.01.59,2835.39.50,Global,0,0.0,,,,,MTB,20
9902.01.60,2836.99.10,Global,0,0.0,,,,,MTB,20
9902.01.61,2836.99.50,Global,0,0.0,,,,,MTB,20
9902.01.62,2837.20.10,Global,0,0.0,,,,,MTB,20
9902.01.63,2837.20.51,Global,0,0.0,,,,,MTB,20
9902.01.64,2837.20.51,Global,0,0.0,,,,,MTB,20
9902.01.65,2839.11.00,Global,0,0.0,,,,,MTB,20
9902.01.66,2840.20.00,Global,0,0.0,,,,,MTB,20
9902.01.67,2841.80.00,Global,0,0.0,,,,,MTB,20
9902.01.68,2842.90.10,Global,0,0.0,,,,,MTB,20
9902.01.69,2843.29.01,Global,0,0.0,,,,,MTB,20
9902.01.70,2846.10.00,Global,0,0.0,,,,,MTB,20
9902.01.70,2846.90.80,Global,0,0.0,,,,,MTB,20
9902.01.71,2846.90.80,Global,0.024,0.024,,,,,MTB,20
9902.01.72,2846.90.80,Global,0,0.0,,,,,MTB,20
9902.01.73,2846.90.80,Global,0.022,0.022,,,,,MTB,20
9902.01.74,2846.90.80,Global,0,0.0,,,,,MTB,20
9902.01.75,2846.90.80,Global,0,0.0,,,,,MTB,20
9902.01.76,2846.90.80,Global,0,0.0,,,,,MTB,20
9902.01.77,2850.00.07,Global,0,0.0,,,,,MTB,20
9902.01.78,2850.00.07,Global,0,0.0,,,,,MTB,20
9902.01.79,2850.00.50,Global,0,0.0,,,,,MTB,20
9902.01.80,2853.90.90,Global,0,0.0,,,,,MTB,20
9902.01.81,2903.19.60,Global,0,0.0,,,,,MTB,20
9902.01.82,2903.19.60,Global,0,0.0,,,,,MTB,20
9902.01.83,2903.39.20,Global,0,0.0,,,,,MTB,20
9902.01.84,2903.89.31,Global,0,0.0,,,,,MTB,20
9902.01.85,2903.91.10,Global,0.039,0.039,,,,,MTB,20
9902.01.86,2903.91.20,Global,0,0.0,,,,,MTB,20
9902.01.87,2903.91.30,Global,0.027,0.027,,,,,MTB,20
9902.01.88,2903.99.08,Global,0.043,0.043,,,,,MTB,20
9902.01.89,2903.99.10,Global,0.029,0.029,,,,,MTB,20
9902.01.90,2903.99.20,Global,0,0.0,,,,,MTB,20
9902.01.91,2903.99.80,Global,0,0.0,,,,,MTB,20
9902.01.92,2903.99.80,Global,0,0.0,,,,,MTB,20
9902.01.93,2903.99.80,Global,0,0.0,,,,,MTB,20
9902.01.94,2903.99.80,Global,0.021,0.021,,,,,MTB,20
9902.01.95,2903.99.80,Global,0,0.0,,,,,MTB,20
9902.01.96,2903.99.80,Global,0,0.0,,,,,MTB,20
9902.01.97,2904.10.08,Global,0,0.0,,,,,MTB,20
9902.01.98,2904.10.32,Global,0,0.0,,,,,MTB,20
9902.01.99,2904.10.37,Global,0,0.0,,,,,MTB,20
9902.02.01,2904.10.37,Global,0,0.0,,,,,MTB,20
9902.02.02,2904.10.50,Global,0.008,0.008,,,,,MTB,20
9902.02.03,2904.10.50,Global,0,0.0,,,,,MTB,20
9902.02.04,2904.99.15,Global,0,0.0,,,,,MTB,20
9902.02.05,2904.99.20,Global,0,0.0,,,,,MTB,20
9902.02.06,2904.99.50,Global,0,0.0,,,,,MTB,20
9902.02.07,2904.99.50,Global,0,0.0,,,,,MTB,20
9902.02.08,2904.99.50,Global,0,0.0,,,,,MTB,20
9902.02.09,2905.16.00,Global,0,0.0,,,,,MTB,20
9902.02.10,2905.19.90,Global,0,0.0,,,,,MTB,20
9902.02.11,2905.19.90,Global,0,0.0,,,,,MTB,20
9902.02.12,2905.19.90,Global,0,0.0,,,,,MTB,20
9902.02.13,2905.29.90,Global,0,0.0,,,,,MTB,20
9902.02.14,2905.29.90,Global,0,0.0,,,,,MTB,20
9902.02.15,2905.39.90,Global,0,0.0,,,,,MTB,20
9902.02.16,2905.39.90,Global,0,0.0,,,,,MTB,20
9902.02.17,2906.11.00,Global,0,0.0,,,,,MTB,20
9902.02.19,2907.15.10,Global,0,0.0,,,,,MTB,20
9902.02.20,2907.19.40,Global,0,0.0,,,,,MTB,20
9902.02.21,2907.19.80,Global,0,0.0,,,,,MTB,20
9902.02.22,2907.19.80,Global,0,0.0,,,,,MTB,20
9902.02.23,2907.21.00,Global,0,0.0,,,,,MTB,20
9902.02.24,2907.29.10,Global,0,0.0,,,,,MTB,20
9902.02.25,2907.29.90,Global,0,0.0,,,,,MTB,20
9902.02.25,2914.69.90,Global,0,0.0,,,,,MTB,20
9902.02.26,2907.29.90,Global,0,0.0,,,,,MTB,20
9902.02.27,2907.29.90,Global,0,0.0,,,,,MTB,20
9902.02.28,2907.29.90,Global,0,0.0,,,,,MTB,20
9902.02.29,2907.29.90,Global,0,0.0,,,,,MTB,20
9902.02.30,2907.29.90,Global,0,0.0,,,,,MTB,20
9902.02.31,2907.29.90,Global,0,0.0,,,,,MTB,20
9902.02.32,2908.99.25,Global,0,0.0,,,,,MTB,20
9902.02.33,2908.99.80,Global,0,0.0,,,,,MTB,20
9902.02.34,2909.19.60,Global,0,0.0,,,,,MTB,20
9902.02.35,2909.30.30,Global,0.008,0.008,,,,,MTB,20
9902.02.36,2909.30.60,Global,0,0.0,,,,,MTB,20
9902.02.37,2909.49.60,Global,0,0.0,,,,,MTB,20
9902.02.38,2909.60.10,Global,0,0.0,,,,,MTB,20
9902.02.39,2909.60.20,Global,0,0.0,,,,,MTB,20
9902.02.40,2909.60.20,Global,0,0.0,,,,,MTB,20
9902.02.41,2909.60.50,Global,0,0.0,,,,,MTB,20
9902.02.42,2910.90.91,Global,0,0.0,,,,,MTB,20
9902.02.43,2911.00.50,Global,0,0.0,,,,,MTB,20
9902.02.44,2912.19.10,Global,0,0.0,,,,,MTB,20
9902.02.45,2912.19.30,Global,0.002,0.002,,,,,MTB,20
9902.02.46,2912.29.60,Global,0.028,0.028,,,,,MTB,20
9902.02.47,2912.29.60,Global,0,0.0,,,,,MTB,20
9902.02.48,2912.29.60,Global,0,0.0,,,,,MTB,20
9902.02.49,2912.49.10,Global,0,0.0,,,,,MTB,20
9902.02.50,2912.49.26,Global,0,0.0,,,,,MTB,20
9902.02.51,2912.49.55,Global,0,0.0,,,,,MTB,20
9902.02.52,2913.00.40,Global,0,0.0,,,,,MTB,20
9902.02.53,2913.00.40,Global,0,0.0,,,,,MTB,20
9902.02.54,2914.19.00,Global,0.002,0.002,,0.2,,,MTB,20
9902.02.55,2914.23.00,Global,0,0.0,,,,,MTB,20
9902.02.56,2914.23.00,Global,0,0.0,,,,,MTB,20
9902.02.57,2914.29.50,Global,0,0.0,,,,,MTB,20
9902.02.58,2914.29.50,Global,0,0.0,,,,,MTB,20
9902.02.59,2914.29.50,Global,0.017,0.017,,,,,MTB,20
9902.02.60,2914.39.90,Global,0,0.0,,,,,MTB,20
9902.02.61,2914.39.90,Global,0,0.0,,,,,MTB,20
9902.02.62,2914.39.90,Global,0,0.0,,,,,MTB,20
9902.02.63,2914.40.90,Global,0.01,0.01,,1.0,,,MTB,20
9902.02.64,2914.50.30,Global,0,0.0,,,,,MTB,20
9902.02.65,2914.50.30,Global,0,0.0,,,,,MTB,20
9902.02.66,2914.50.50,Global,0,0.0,,,,,MTB,20
9902.02.67,2914.69.10,Global,0,0.0,,,,,MTB,20
9902.02.68,2914.79.40,Global,0,0.0,,,,,MTB,20
9902.02.69,2914.79.40,Global,0.033,0.033,,,,,MTB,20
9902.02.70,2914.79.40,Global,0,0.0,,,,,MTB,20
9902.02.71,2914.79.90,Global,0,0.0,,,,,MTB,20
9902.02.72,2914.79.90,Global,0,0.0,,,,,MTB,20
9902.02.73,2915.39.45,Global,0,0.0,,,,,MTB,20
9902.02.74,2915.40.50,Global,0,0.0,,,,,MTB,20
9902.02.75,2915.40.50,Global,0,0.0,,,,,MTB,20
9902.02.76,2915.40.50,Global,0,0.0,,,,,MTB,20
9902.02.78,2915.90.18,Global,0,0.0,,,,,MTB,20
9902.02.79,2915.90.50,Global,0,0.0,,,,,MTB,20
9902.02.80,2915.90.50,Global,0,0.0,,,,,MTB,20
9902.02.81,2916.12.50,Global,0.001,0.001,,,,,MTB,20
9902.02.82,2916.14.20,Global,0,0.0,,,,,MTB,20
9902.02.83,2916.19.20,Global,0.026,0.026,,,,,MTB,20
9902.02.84,2916.19.30,Global,0,0.0,,,,,MTB,20
9902.02.85,2916.20.50,Global,0,0.0,,,,,MTB,20
9902.02.86,2916.20.50,Global,0.024,0.024,,,,,MTB,20
9902.02.87,2916.32.20,Global,0.02,0.02,,,,,MTB,20
9902.02.88,2916.39.03,Global,0,0.0,,,,,MTB,20
9902.02.89,2916.39.21,Global,0,0.0,,,,,MTB,20
9902.02.90,2916.39.79,Global,0,0.0,,,,,MTB,20
9902.02.91,2917.11.00,Global,0,0.0,,,,,MTB,20
9902.02.92,2917.11.00,Global,0,0.0,,,,,MTB,20
9902.02.93,2917.13.00,Global,0.02,0.02,,,,,MTB,20
9902.02.94,2917.19.70,Global,0,0.0,,,,,MTB,20
9902.02.95,2917.19.70,Global,0,0.0,,,,,MTB,20
9902.02.96,2917.20.00,Global,0,0.0,,,,,MTB,20
9902.02.97,2917.39.04,Global,0,0.0,,,,,MTB,20
9902.02.99,2917.39.30,Global,0,0.0,,,,,MTB,20
9902.03.01,2917.39.70,Global,0,0.0,,,,,MTB,20
9902.03.02,2917.39.70,Global,0,0.0,,,,,MTB,20
9902.03.03,2917.39.70,Global,0,0.0,,,,,MTB,20
9902.03.04,2917.39.70,Global,0,0.0,,,,,MTB,20
9902.03.05,2917.39.70,Global,0,0.0,,,,,MTB,20
9902.03.06,2918.19.90,Global,0,0.0,,,,,MTB,20
9902.03.07,2918.22.10,Global,0.019,0.019,,,,,MTB,20
9902.03.08,2918.23.20,Global,0.023,0.023,,,,,MTB,20
9902.03.09,2918.29.22,Global,0.02,0.02,,,,,MTB,20
9902.03.10,2918.29.30,Global,0,0.0,,,,,MTB,20
9902.03.11,2918.29.65,Global,0,0.0,,,,,MTB,20
9902.03.12,2918.29.75,Global,0,0.0,,,,,MTB,20
9902.03.13,2918.29.75,Global,0,0.0,,,,,MTB,20
9902.03.14,2918.29.75,Global,0,0.0,,,,,MTB,20
9902.03.15,2918.29.75,Global,0,0.0,,,,,MTB,20
9902.03.16,2918.29.75,Global,0,0.0,,,,,MTB,20
9902.03.17,2918.29.75,Global,0,0.0,,,,,MTB,20
9902.03.18,2918.30.30,Global,0.037,0.037,,,,,MTB,20
9902.03.19,2918.30.90,Global,0,0.0,,,,,MTB,20
9902.03.20,2918.30.90,Global,0,0.0,,,,,MTB,20
9902.03.21,2918.99.18,Global,0,0.0,,,,,MTB,20
9902.03.22,2918.99.20,Global,0,0.0,,,,,MTB,20
9902.03.23,2918.99.20,Global,0.025,0.025,,,,,MTB,20
9902.03.24,2918.99.20,Global,0.04,0.04,,,,,MTB,20
9902.03.25,2918.99.43,Global,0,0.0,,,,,MTB,20
9902.03.26,2918.99.43,Global,0,0.0,,,,,MTB,20
9902.03.27,2918.99.43,Global,0,0.0,,,,,MTB,20
9902.03.28,2918.99.43,Global,0,0.0,,,,,MTB,20
9902.03.29,2918.99.43,Global,0,0.0,,,,,MTB,20
9902.03.30,2918.99.43,Global,0,0.0,,,,,MTB,20
9902.03.31,2918.99.50,Global,0,0.0,,,,,MTB,20
9902.03.32,2918.99.50,Global,0,0.0,,,,,MTB,20
9902.03.33,2918.99.50,Global,0,0.0,,,,,MTB,20
9902.03.34,2918.99.50,Global,0,0.0,,,,,MTB,20
9902.03.35,2919.90.30,Global,0,0.0,,,,,MTB,20
9902.03.36,2919.90.30,Global,0,0.0,,,,,MTB,20
9902.03.37,2919.90.50,Global,0.007,0.007,,,,,MTB,20
9902.03.38,2920.19.40,Global,0,0.0,,,,,MTB,20
9902.03.39,2920.19.50,Global,0,0.0,,,,,MTB,20
9902.03.40,2920.21.00,Global,0,0.0,,,,,MTB,20
9902.03.41,2920.90.10,Global,0,0.0,,,,,MTB,20
9902.03.42,2920.90.20,Global,0,0.0,,,,,MTB,20
9902.03.43,2920.90.51,Global,0,0.0,,,,,MTB,20
9902.03.44,2920.90.51,Global,0,0.0,,,,,MTB,20
9902.03.45,2920.90.51,Global,0,0.0,,,,,MTB,20
9902.03.46,2920.90.51,Global,0,0.0,,,,,MTB,20
9902.03.47,2920.90.51,Global,0,0.0,,,,,MTB,20
9902.03.48,2921.19.61,Global,0,0.0,,,,,MTB,20
9902.03.49,2921.19.61,Global,0,0.0,,,,,MTB,20
9902.03.50,2921.19.61,Global,0,0.0,,,,,MTB,20
9902.03.51,2921.29.00,Global,0,0.0,,,,,MTB,20
9902.03.52,2921.29.00,Global,0,0.0,,,,,MTB,20
9902.03.53,2921.29.00,Global,0,0.0,,,,,MTB,20
9902.03.54,2921.42.18,Global,0,0.0,,,,,MTB,20
9902.03.55,2921.42.55,Global,0,0.0,,,,,MTB,20
9902.03.56,2921.42.55,Global,0,0.0,,,,,MTB,20
9902.03.57,2921.42.65,Global,0,0.0,,,,,MTB,20
9902.03.58,2921.42.65,Global,0.04,0.04,,,,,MTB,20
9902.03.59,2921.42.90,Global,0,0.0,,,,,MTB,20
9902.03.60,2921.42.90,Global,0,0.0,,,,,MTB,20
9902.03.61,2921.42.90,Global,0,0.0,,,,,MTB,20
9902.03.62,2921.42.90,Global,0,0.0,,,,,MTB,20
9902.03.63,2921.42.90,Global,0,0.0,,,,,MTB,20
9902.03.64,2921.42.90,Global,0,0.0,,,,,MTB,20
9902.03.65,2921.43.15,Global,0.04,0.04,,,,,MTB,20
9902.03.66,2921.43.22,Global,0,0.0,,,,,MTB,20
9902.03.67,2921.43.40,Global,0,0.0,,,,,MTB,20
9902.03.68,2921.43.90,Global,0,0.0,,,,,MTB,20
9902.03.69,2921.43.90,Global,0,0.0,,,,,MTB,20
9902.03.70,2921.43.90,Global,0,0.0,,,,,MTB,20
9902.03.71,2921.43.90,Global,0.055,0.055,,,,,MTB,20
9902.03.72,2921.43.90,Global,0,0.0,,,,,MTB,20
9902.03.73,2921.43.90,Global,0,0.0,,,,,MTB,20
9902.03.74,2921.49.10,Global,0,0.0,,,,,MTB,20
9902.03.75,2921.49.45,Global,0,0.0,,,,,MTB,20
9902.03.76,2921.49.45,Global,0,0.0,,,,,MTB,20
9902.03.77,2921.49.45,Global,0,0.0,,,,,MTB,20
9902.03.78,2921.49.50,Global,0,0.0,,,,,MTB,20
9902.03.79,2921.49.50,Global,0,0.0,,,,,MTB,20
9902.03.80,2921.51.10,Global,0,0.0,,,,,MTB,20
9902.03.81,2921.51.10,Global,0.04,0.04,,,,,MTB,20
9902.03.82,2921.51.50,Global,0.046,0.046,,,,,MTB,20
9902.03.83,2921.59.08,Global,0,0.0,,,,,MTB,20
9902.03.84,2921.59.20,Global,0.015,0.015,,,,,MTB,20
9902.03.85,2921.59.40,Global,0,0.0,,,,,MTB,20
9902.03.86,2921.59.40,Global,0,0.0,,,,,MTB,20
9902.03.87,2921.59.80,Global,0.016,0.016,,,,,MTB,20
9902.03.88,2921.59.80,Global,0,0.0,,,,,MTB,20
9902.03.89,2922.19.60,Global,0,0.0,,,,,MTB,20
9902.03.90,2922.19.70,Global,0,0.0,,,,,MTB,20
9902.03.91,2922.19.96,Global,0,0.0,,,,,MTB,20
9902.03.92,2922.19.96,Global,0,0.0,,,,,MTB,20
9902.03.93,2922.19.96,Global,0,0.0,,,,,MTB,20
9902.03.94,2922.29.10,Global,0.037,0.037,,,,,MTB,20
9902.03.95,2922.29.61,Global,0,0.0,,,,,MTB,20
9902.03.96,2922.29.61,Global,0,0.0,,,,,MTB,20
9902.03.97,2922.29.61,Global,0,0.0,,,,,MTB,20
9902.03.98,2922.29.81,Global,0,0.0,,,,,MTB,20
9902.03.99,2922.29.81.90,Global,0,0.0,,,,,MTB,20
9902.04.01,2922.29.81,Global,0.013,0.013,,,,,MTB,20
9902.04.02,2922.29.81,Global,0,0.0,,,,,MTB,20
9902.04.03,2922.41.00,Global,0,0.0,,,,,MTB,20
9902.04.04,2922.49.30,Global,0.005,0.005,,,,,MTB,20
9902.04.05,2922.49.30,Global,0,0.0,,,,,MTB,20
9902.04.06,2922.49.30,Global,0,0.0,,,,,MTB,20
9902.04.07,2922.49.30,Global,0,0.0,,,,,MTB,20
9902.04.08,2922.49.40,Global,0.025,0.025,,,,,MTB,20
9902.04.09,2922.49.80,Global,0,0.0,,,,,MTB,20
9902.04.10,2922.49.80,Global,0,0.0,,,,,MTB,20
9902.04.11,2922.49.80,Global,0,0.0,,,,,MTB,20
9902.04.12,2922.49.80,Global,0,0.0,,,,,MTB,20
9902.04.13,2922.49.80,Global,0,0.0,,,,,MTB,20
9902.04.14,2922.50.35,Global,0,0.0,,,,,MTB,20
9902.04.15,2922.50.40,Global,0,0.0,,,,,MTB,20
9902.04.16,2923.10.00,Global,0,0.0,,,,,MTB,20
9902.04.17,2923.20.20,Global,0,0.0,,,,,MTB,20
9902.04.18,2923.20.20,Global,0,0.0,,,,,MTB,20
9902.04.19,2923.20.20,Global,0,0.0,,,,,MTB,20
9902.04.20,2924.19.11,Global,0,0.0,,,,,MTB,20
9902.04.21,2924.19.11,Global,0.033,0.033,,,,,MTB,20
9902.04.22,2924.19.11,Global,0,0.0,,,,,MTB,20
9902.04.23,2924.19.11,Global,0,0.0,,,,,MTB,20
9902.04.24,2924.19.11,Global,0,0.0,,,,,MTB,20
9902.04.25,2924.19.11,Global,0,0.0,,,,,MTB,20
9902.04.26,2924.19.80,Global,0,0.0,,,,,MTB,20
9902.04.27,2924.19.80,Global,0,0.0,,,,,MTB,20
9902.04.28,2924.19.80,Global,0,0.0,,,,,MTB,20
9902.04.30,2924.21.16,Global,0.004,0.004,,,,,MTB,20
9902.04.31,2924.21.16,Global,0,0.0,,,,,MTB,20
9902.04.32,2924.29.31,Global,0,0.0,,,,,MTB,20
9902.04.33,2924.29.43,Global,0,0.0,,,,,MTB,20
9902.04.34,2924.29.47,Global,0,0.0,,,,,MTB,20
9902.04.35,2924.29.47,Global,0,0.0,,,,,MTB,20
9902.04.36,2924.29.47,Global,0,0.0,,,,,MTB,20
9902.04.37,2924.29.47,Global,0,0.0,,,,,MTB,20
9902.04.38,2924.29.47,Global,0,0.0,,,,,MTB,20
9902.04.39,2924.29.47,Global,0,0.0,,,,,MTB,20
9902.04.40,2924.29.47,Global,0.015,0.015,,,,,MTB,20
9902.04.41,2924.29.47,Global,0,0.0,,,,,MTB,20
9902.04.42,2924.29.47,Global,0.042,0.042,,,,,MTB,20
9902.04.43,2924.29.47,Global,0.06,0.06,,,,,MTB,20
9902.04.44,2924.29.47,Global,0,0.0,,,,,MTB,20
9902.04.45,2924.29.47,Global,0,0.0,,,,,MTB,20
9902.04.46,2924.29.47,Global,0,0.0,,,,,MTB,20
9902.04.47,2924.29.47,Global,0,0.0,,,,,MTB,20
9902.04.48,2924.29.71,Global,0.039,0.039,,,,,MTB,20
9902.04.49,2924.29.71,Global,0.042,0.042,,,,,MTB,20
9902.04.50,2924.29.71,Global,0,0.0,,,,,MTB,20
9902.04.51,2924.29.71,Global,0,0.0,,,,,MTB,20
9902.04.52,2924.29.71,Global,0.02,0.02,,,,,MTB,20
9902.04.53,2924.29.77,Global,0,0.0,,,,,MTB,20
9902.04.54,2924.29.77,Global,0,0.0,,,,,MTB,20
9902.04.55,2924.29.77,Global,0,0.0,,,,,MTB,20
9902.04.56,2924.29.77,Global,0,0.0,,,,,MTB,20
9902.04.57,2924.29.95,Global,0,0.0,,,,,MTB,20
9902.04.58,2925.19.42,Global,0,0.0,,,,,MTB,20
9902.04.59,2925.19.91,Global,0,0.0,,,,,MTB,20
9902.04.60,2925.19.91,Global,0,0.0,,,,,MTB,20
9902.04.61,2925.29.60,Global,0,0.0,,,,,MTB,20
9902.04.62,2925.29.60,Global,0,0.0,,,,,MTB,20
9902.04.63,2925.29.90,Global,0,0.0,,,,,MTB,20
9902.04.64,2925.29.90,Global,0,0.0,,,,,MTB,20
9902.04.65,2926.90.21,Global,0.05,0.05,,,,,MTB,20
9902.04.66,2926.90.25,Global,0,0.0,,,,,MTB,20
9902.04.67,2926.90.25,Global,0,0.0,,,,,MTB,20
9902.04.68,2926.90.25,Global,0,0.0,,,,,MTB,20
9902.04.69,2926.90.25,Global,0,0.0,,,,,MTB,20
9902.04.70,2926.90.30,Global,0.034,0.034,,,,,MTB,20
9902.04.71,2926.90.30,Global,0.018,0.018,,,,,MTB,20
9902.04.72,2926.90.30,Global,0,0.0,,,,,MTB,20
9902.04.73,2926.90.30,Global,0,0.0,,,,,MTB,20
9902.04.74,2926.90.30,Global,0,0.0,,,,,MTB,20
9902.04.75,2926.90.30,Global,0,0.0,,,,,MTB,20
9902.04.76,2926.90.30,Global,0,0.0,,,,,MTB,20
9902.04.78,2926.90.30,Global,0,0.0,,,,,MTB,20
9902.04.79,2926.90.43,Global,0,0.0,,,,,MTB,20
9902.04.80,2926.90.48,Global,0,0.0,,,,,MTB,20
9902.04.81,2926.90.48,Global,0,0.0,,,,,MTB,20
9902.04.82,2926.90.48,Global,0,0.0,,,,,MTB,20
9902.04.83,2927.00.50,Global,0,0.0,,,,,MTB,20
9902.04.84,2928.00.25,Global,0.032,0.032,,,,,MTB,20
9902.04.85,2928.00.25,Global,0,0.0,,,,,MTB,20
9902.04.86,2928.00.25,Global,0,0.0,,,,,MTB,20
9902.04.87,2928.00.25,Global,0,0.0,,,,,MTB,20
9902.04.88,2928.00.25,Global,0,0.0,,,,,MTB,20
9902.04.89,2928.00.50,Global,0,0.0,,,,,MTB,20
9902.04.90,2928.00.50,Global,0,0.0,,,,,MTB,20
9902.04.91,2928.00.50,Global,0,0.0,,,,,MTB,20
9902.04.92,2928.00.50,Global,0,0.0,,,,,MTB,20
9902.04.93,2928.00.50,Global,0,0.0,,,,,MTB,20
9902.04.94,2929.10.20,Global,0,0.0,,,,,MTB,20
9902.04.95,2929.10.80,Global,0,0.0,,,,,MTB,20
9902.04.96,2929.10.80,Global,0,0.0,,,,,MTB,20
9902.04.97,2929.90.15,Global,0.055,0.055,,,,,MTB,20
9902.04.98,2929.90.50,Global,0,0.0,,,,,MTB,20
9902.04.99,2930.20.10,Global,0,0.0,,,,,MTB,20
9902.05.01,2930.20.90,Global,0,0.0,,,,,MTB,20
9902.05.02,2930.90.10,Global,0,0.0,,,,,MTB,20
9902.05.03,2930.90.10,Global,0.062,0.062,,,,,MTB,20
9902.05.04,2930.90.10,Global,0,0.0,,,,,MTB,20
9902.05.05,2930.90.10,Global,0,0.0,,,,,MTB,20
9902.05.06,2930.90.10,Global,0,0.0,,,,,MTB,20
9902.05.07,2930.90.29,Global,0.057,0.057,,,,,MTB,20
9902.05.08,2930.90.29,Global,0,0.0,,,,,MTB,20
9902.05.09,2930.90.29,Global,0,0.0,,,,,MTB,20
9902.05.10,2930.90.29,Global,0,0.0,,,,,MTB,20
9902.05.11,2930.90.29,Global,0,0.0,,,,,MTB,20
9902.05.12,2930.90.29,Global,0,0.0,,,,,MTB,20
9902.05.13,2930.90.29,Global,0,0.0,,,,,MTB,20
9902.05.14,2930.90.29,Global,0,0.0,,,,,MTB,20
9902.05.15,2930.90.43,Global,0,0.0,,,,,MTB,20
9902.05.16,2930.90.43,Global,0.032,0.032,,,,,MTB,20
9902.05.17,2930.90.43,Global,0,0.0,,,,,MTB,20
9902.05.18,2930.90.43,Global,0.05,0.05,,,,,MTB,20
9902.05.19,2930.90.43,Global,0,0.0,,,,,MTB,20
9902.05.20,2930.90.49,Global,0,0.0,,,,,MTB,20
9902.05.21,2930.90.49,Global,0,0.0,,,,,MTB,20
9902.05.22,2930.90.91,Global,0,0.0,,,,,MTB,20
9902.05.23,2930.90.91,Global,0,0.0,,,,,MTB,20
9902.05.24,2930.90.91,Global,0,0.0,,,,,MTB,20
9902.05.25,2930.90.91,Global,0,0.0,,,,,MTB,20
9902.05.26,2930.90.91,Global,0,0.0,,,,,MTB,20
9902.05.27,2931.39.00,Global,0.032,0.032,,,,,MTB,20
9902.05.28,2931.39.00,Global,0.028,0.028,,,,,MTB,20
9902.05.29,2931.39.00,Global,0.025,0.025,,,,,MTB,20
9902.05.30,2931.39.00,Global,0,0.0,,,,,MTB,20
9902.05.31,2931.90.26,Global,0,0.0,,,,,MTB,20
9902.05.32,2931.90.26,Global,0,0.0,,,,,MTB,20
9902.05.33,2931.90.30,Global,0,0.0,,,,,MTB,20
9902.05.34,2931.90.30,Global,0.046,0.046,,,,,MTB,20
9902.05.35,2931.90.60,Global,0,0.0,,,,,MTB,20
9902.05.36,2931.90.60,Global,0,0.0,,,,,MTB,20
9902.05.37,2931.39.00,Global,0,0.0,,,,,MTB,20
9902.05.38,2931.90.90,Global,0,0.0,,,,,MTB,20
9902.05.39,2931.90.90,Global,0,0.0,,,,,MTB,20
9902.05.40,2931.90.90,Global,0,0.0,,,,,MTB,20
9902.05.41,2931.90.90,Global,0.031,0.031,,,,,MTB,20
9902.05.42,2931.90.90,Global,0,0.0,,,,,MTB,20
9902.05.43,2931.90.90,Global,0,0.0,,,,,MTB,20
9902.05.44,2931.90.90,Global,0,0.0,,,,,MTB,20
9902.05.45,2932.19.51,Global,0,0.0,,,,,MTB,20
9902.05.46,2932.19.51,Global,0,0.0,,,,,MTB,20
9902.05.47,2932.20.10,Global,0,0.0,,,,,MTB,20
9902.05.48,2932.20.10,Global,0,0.0,,,,,MTB,20
9902.05.49,2932.20.10,Global,0.019,0.019,,,,,MTB,20
9902.05.50,2932.20.10,Global,0,0.0,,,,,MTB,20
9902.05.51,2932.20.50,Global,0,0.0,,,,,MTB,20
9902.05.51,3824.99.92,Global,0,0.0,,,,,MTB,20
9902.05.52,2932.20.50,Global,0,0.0,,,,,MTB,20
9902.05.53,2932.20.50,Global,0,0.0,,,,,MTB,20
9902.05.54,2932.20.50,Global,0,0.0,,,,,MTB,20
9902.05.55,2932.99.08,Global,0,0.0,,,,,MTB,20
9902.05.56,2932.99.20,Global,0,0.0,,,,,MTB,20
9902.05.57,2932.99.70,Global,0,0.0,,,,,MTB,20
9902.05.58,2932.99.90,Global,0,0.0,,,,,MTB,20
9902.05.59,2932.99.90,Global,0,0.0,,,,,MTB,20
9902.05.60,2932.99.90,Global,0,0.0,,,,,MTB,20
9902.05.61,2933.19.23,Global,0,0.0,,,,,MTB,20
9902.05.62,2933.19.23,Global,0,0.0,,,,,MTB,20
9902.05.63,2933.19.23,Global,0,0.0,,,,,MTB,20
9902.05.64,2933.19.23,Global,0,0.0,,,,,MTB,20
9902.05.65,2933.19.23,Global,0,0.0,,,,,MTB,20
9902.05.66,2933.19.23,Global,0.044,0.044,,,,,MTB,20
9902.05.67,2933.19.23,Global,0.062,0.062,,,,,MTB,20
9902.05.68,2933.19.23,Global,0,0.0,,,,,MTB,20
9902.05.69,2933.19.23,Global,0.04,0.04,,,,,MTB,20
9902.05.70,2933.19.23,Global,0,0.0,,,,,MTB,20
9902.05.71,2933.19.23,Global,0,0.0,,,,,MTB,20
9902.05.72,2933.19.37,Global,0.057,0.057,,,,,MTB,20
9902.05.73,2933.21.00,Global,0.02,0.02,,,,,MTB,20
9902.05.74,2933.29.35,Global,0,0.0,,,,,MTB,20
9902.05.75,2933.29.35,Global,0,0.0,,,,,MTB,20
9902.05.76,2933.29.43,Global,0,0.0,,,,,MTB,20
9902.05.77,2933.29.90,Global,0,0.0,,,,,MTB,20
9902.05.78,2933.39.20,Global,0,0.0,,,,,MTB,20
9902.05.79,2933.39.21,Global,0,0.0,,,,,MTB,20
9902.05.80,2933.39.21,Global,0,0.0,,,,,MTB,20
9902.05.81,2933.39.21,Global,0.052,0.052,,,,,MTB,20
9902.05.82,2933.39.21,Global,0,0.0,,,,,MTB,20
9902.05.83,2933.39.21,Global,0,0.0,,,,,MTB,20
9902.05.84,2933.39.21,Global,0,0.0,,,,,MTB,20
9902.05.84,3808.92.15,Global,0,0.0,,,,,MTB,20
9902.05.85,2933.39.23,Global,0.03,0.03,,,,,MTB,20
9902.05.86,2933.39.25,Global,0.022,0.022,,,,,MTB,20
9902.05.87,2933.39.25,Global,0,0.0,,,,,MTB,20
9902.05.88,2933.39.25,Global,0.04,0.04,,,,,MTB,20
9902.05.89,2933.39.25,Global,0.014,0.014,,,,,MTB,20
9902.05.90,2933.39.25,Global,0.043,0.043,,,,,MTB,20
9902.05.91,2933.39.25,Global,0,0.0,,,,,MTB,20
9902.05.92,2933.39.25,Global,0.041,0.041,,,,,MTB,20
9902.05.93,2933.39.25,Global,0,0.0,,,,,MTB,20
9902.05.94,2933.39.25,Global,0.016,0.016,,,,,MTB,20
9902.05.95,2933.39.25,Global,0,0.0,,,,,MTB,20
9902.05.96,2933.39.27,Global,0,0.0,,,,,MTB,20
9902.05.97,2933.39.27,Global,0.043,0.043,,,,,MTB,20
9902.05.98,2933.39.27,Global,0,0.0,,,,,MTB,20
9902.05.99,2933.39.27,Global,0,0.0,,,,,MTB,20
9902.06.01,2933.39.27,Global,0.06,0.06,,,,,MTB,20
9902.06.02,2933.39.27,Global,0,0.0,,,,,MTB,20
9902.06.03,2933.39.27,Global,0,0.0,,,,,MTB,20
9902.06.04,2933.39.27,Global,0.035,0.035,,,,,MTB,20
9902.06.05,2933.39.41,Global,0,0.0,,,,,MTB,20
9902.06.06,2933.39.41,Global,0,0.0,,,,,MTB,20
9902.06.07,2933.39.61,Global,0.025,0.025,,,,,MTB,20
9902.06.08,2933.39.61,Global,0,0.0,,,,,MTB,20
9902.06.09,2933.39.61,Global,0,0.0,,,,,MTB,20
9902.06.10,2933.39.61,Global,0.038,0.038,,,,,MTB,20
9902.06.11,2933.39.61,Global,0,0.0,,,,,MTB,20
9902.06.12,2933.39.61,Global,0,0.0,,,,,MTB,20
9902.06.13,2933.39.61,Global,0,0.0,,,,,MTB,20
9902.06.14,2933.39.61,Global,0,0.0,,,,,MTB,20
9902.06.15,2933.39.61,Global,0,0.0,,,,,MTB,20
9902.06.16,2933.39.61,Global,0,0.0,,,,,MTB,20
9902.06.17,2933.39.61,Global,0,0.0,,,,,MTB,20
9902.06.18,2933.39.61,Global,0,0.0,,,,,MTB,20
9902.06.19,2933.39.61,Global,0,0.0,,,,,MTB,20
9902.06.20,2933.39.91,Global,0.023,0.023,,,,,MTB,20
9902.06.21,2933.39.91,Global,0,0.0,,,,,MTB,20
9902.06.22,2933.49.10,Global,0.012,0.012,,,,,MTB,20
9902.06.23,2933.49.30,Global,0,0.0,,,,,MTB,20
9902.06.24,2933.49.60,Global,0.042,0.042,,,,,MTB,20
9902.06.25,2933.49.60,Global,0,0.0,,,,,MTB,20
9902.06.26,2933.49.70,Global,0,0.0,,,,,MTB,20
9902.06.27,2933.59.10,Global,0,0.0,,,,,MTB,20
9902.06.28,2933.59.10,Global,0,0.0,,,,,MTB,20
9902.06.29,2933.59.10,Global,0,0.0,,,,,MTB,20
9902.06.30,2933.59.15,Global,0.062,0.062,,,,,MTB,20
9902.06.31,2933.59.15,Global,0,0.0,,,,,MTB,20
9902.06.32,2933.59.15,Global,0,0.0,,,,,MTB,20
9902.06.33,2933.59.15,Global,0,0.0,,,,,MTB,20
9902.06.34,2933.59.15,Global,0,0.0,,,,,MTB,20
9902.06.35,2933.59.18,Global,0,0.0,,,,,MTB,20
9902.06.36,2933.59.18,Global,0,0.0,,,,,MTB,20
9902.06.37,2933.59.18,Global,0,0.0,,,,,MTB,20
9902.06.38,2933.59.36,Global,0,0.0,,,,,MTB,20
9902.06.39,2933.59.53,Global,0,0.0,,,,,MTB,20
9902.06.40,2933.59.70,Global,0,0.0,,,,,MTB,20
9902.06.41,2933.59.70,Global,0.006,0.006,,,,,MTB,20
9902.06.42,2933.59.70,Global,0,0.0,,,,,MTB,20
9902.06.43,2933.59.70,Global,0,0.0,,,,,MTB,20
9902.06.44,2933.59.80,Global,0,0.0,,,,,MTB,20
9902.06.45,2933.59.95,Global,0.01,0.01,,,,,MTB,20
9902.06.46,2933.59.95,Global,0,0.0,,,,,MTB,20
9902.06.47,2933.59.95,Global,0,0.0,,,,,MTB,20
9902.06.48,2933.59.95,Global,0,0.0,,,,,MTB,20
9902.06.49,2933.59.95,Global,0,0.0,,,,,MTB,20
9902.06.50,2933.69.60,Global,0,0.0,,,,,MTB,20
9902.06.51,2933.69.60,Global,0.019,0.019,,,,,MTB,20
9902.06.52,2933.69.60,Global,0,0.0,,,,,MTB,20
9902.06.53,2933.69.60,Global,0,0.0,,,,,MTB,20
9902.06.54,2933.69.60,Global,0,0.0,,,,,MTB,20
9902.06.55,2933.69.60,Global,0,0.0,,,,,MTB,20
9902.06.56,2933.69.60,Global,0,0.0,,,,,MTB,20
9902.06.57,2933.69.60,Global,0,0.0,,,,,MTB,20
9902.06.58,2933.69.60,Global,0,0.0,,,,,MTB,20
9902.06.59,2933.69.60,Global,0,0.0,,,,,MTB,20
9902.06.60,2933.69.60,Global,0,0.0,,,,,MTB,20
9902.06.61,2933.69.60,Global,0,0.0,,,,,MTB,20
9902.06.62,2933.69.60,Global,0,0.0,,,,,MTB,20
9902.06.63,2933.69.60,Global,0,0.0,,,,,MTB,20
9902.06.64,2933.69.60,Global,0,0.0,,,,,MTB,20
9902.06.65,2933.69.60,Global,0,0.0,,,,,MTB,20
9902.06.66,2933.69.60,Global,0,0.0,,,,,MTB,20
9902.06.67,2933.79.08,Global,0.032,0.032,,,,,MTB,20
9902.06.68,2933.79.08,Global,0,0.0,,,,,MTB,20
9902.06.69,2933.79.15,Global,0,0.0,,,,,MTB,20
9902.06.70,2933.99.06,Global,0,0.0,,,,,MTB,20
9902.06.71,2933.99.06,Global,0,0.0,,,,,MTB,20
9902.06.72,2933.99.17,Global,0,0.0,,,,,MTB,20
9902.06.73,2933.99.17,Global,0,0.0,,,,,MTB,20
9902.06.74,2933.99.22,Global,0,0.0,,,,,MTB,20
9902.06.75,2933.99.22,Global,0,0.0,,,,,MTB,20
9902.06.76,2933.99.22,Global,0,0.0,,,,,MTB,20
9902.06.77,2933.99.22,Global,0,0.0,,,,,MTB,20
9902.06.78,2933.99.22,Global,0,0.0,,,,,MTB,20
9902.06.79,2933.99.22,Global,0,0.0,,,,,MTB,20
9902.06.80,2933.99.22,Global,0.016,0.016,,,,,MTB,20
9902.06.81,2933.99.22,Global,0.053,0.053,,,,,MTB,20
9902.06.82,2933.99.22,Global,0,0.0,,,,,MTB,20
9902.06.83,2933.99.22,Global,0,0.0,,,,,MTB,20
9902.06.84,2933.99.22,Global,0.002,0.002,,,,,MTB,20
9902.06.85,2933.99.22,Global,0,0.0,,,,,MTB,20
9902.06.86,2933.99.22,Global,0,0.0,,,,,MTB,20
9902.06.87,2933.99.22,Global,0,0.0,,,,,MTB,20
9902.06.87,3808.93.15,Global,0,0.0,,,,,MTB,20
9902.06.88,2933.99.22,Global,0,0.0,,,,,MTB,20
9902.06.89,2933.99.79,Global,0,0.0,,,,,MTB,20
9902.06.90,2933.99.79,Global,0,0.0,,,,,MTB,20
9902.06.91,2933.99.79,Global,0,0.0,,,,,MTB,20
9902.06.92,2933.99.79,Global,0,0.0,,,,,MTB,20
9902.06.93,2933.99.79,Global,0,0.0,,,,,MTB,20
9902.06.94,2933.99.82,Global,0,0.0,,,,,MTB,20
9902.06.95,2933.99.82,Global,0,0.0,,,,,MTB,20
9902.06.96,2933.99.97,Global,0,0.0,,,,,MTB,20
9902.06.97,2933.99.97,Global,0.028,0.028,,,,,MTB,20
9902.06.98,2933.99.97,Global,0,0.0,,,,,MTB,20
9902.06.99,2934.10.10,Global,0.018,0.018,,,,,MTB,20
9902.07.01,2934.10.10,Global,0,0.0,,,,,MTB,20
9902.07.02,2934.10.10,Global,0,0.0,,,,,MTB,20
9902.07.03,2934.10.10,Global,0,0.0,,,,,MTB,20
9902.07.04,2934.10.10,Global,0,0.0,,,,,MTB,20
9902.07.05,2934.10.10,Global,0,0.0,,,,,MTB,20
9902.07.06,2934.10.90,Global,0.061,0.061,,,,,MTB,20
9902.07.07,2934.10.90,Global,0.025,0.025,,,,,MTB,20
9902.07.08,2934.10.90,Global,0,0.0,,,,,MTB,20
9902.07.09,2934.20.15,Global,0,0.0,,,,,MTB,20
9902.07.10,2934.20.40,Global,0,0.0,,,,,MTB,20
9902.07.11,2934.20.80,Global,0,0.0,,,,,MTB,20
9902.07.12,2934.20.80,Global,0,0.0,,,,,MTB,20
9902.07.13,2934.99.11,Global,0.013,0.013,,,,,MTB,20
9902.07.14,2934.99.12,Global,0.046,0.046,,,,,MTB,20
9902.07.15,2934.99.12,Global,0.05,0.05,,,,,MTB,20
9902.07.16,2934.99.12,Global,0.044,0.044,,,,,MTB,20
9902.07.17,2934.99.12,Global,0,0.0,,,,,MTB,20
9902.07.18,2934.99.12,Global,0,0.0,,,,,MTB,20
9902.07.19,2934.99.12,Global,0,0.0,,,,,MTB,20
9902.07.20,2934.99.12,Global,0.035,0.035,,,,,MTB,20
9902.07.21,2934.99.12,Global,0,0.0,,,,,MTB,20
9902.07.22,2934.99.15,Global,0.055,0.055,,,,,MTB,20
9902.07.23,2934.99.15,Global,0.044,0.044,,,,,MTB,20
9902.07.24,2934.99.15,Global,0,0.0,,,,,MTB,20
9902.07.25,2934.99.15,Global,0.041,0.041,,,,,MTB,20
9902.07.26,2934.99.15,Global,0.054,0.054,,,,,MTB,20
9902.07.27,2934.99.15,Global,0.031,0.031,,,,,MTB,20
9902.07.28,2934.99.15,Global,0,0.0,,,,,MTB,20
9902.07.28,3808.93.15,Global,0,0.0,,,,,MTB,20
9902.07.29,2934.99.15,Global,0,0.0,,,,,MTB,20
9902.07.30,2934.99.15,Global,0.061,0.061,,,,,MTB,20
9902.07.31,2934.99.16,Global,0.014,0.014,,,,,MTB,20
9902.07.32,2934.99.16,Global,0,0.0,,,,,MTB,20
9902.07.33,2934.99.16,Global,0,0.0,,,,,MTB,20
9902.07.34,2934.99.18,Global,0,0.0,,,,,MTB,20
9902.07.35,2934.99.18,Global,0.045,0.045,,,,,MTB,20
9902.07.36,2934.99.18,Global,0,0.0,,,,,MTB,20
9902.07.37,2934.99.30,Global,0.063,0.063,,,,,MTB,20
9902.07.38,2934.99.30,Global,0,0.0,,,,,MTB,20
9902.07.39,2934.99.30,Global,0,0.0,,,,,MTB,20
9902.07.40,2934.99.30,Global,0,0.0,,,,,MTB,20
9902.07.40,2934.99.39,Global,0,0.0,,,,,MTB,20
9902.07.41,2934.99.30,Global,0,0.0,,,,,MTB,20
9902.07.42,2934.99.30,Global,0,0.0,,,,,MTB,20
9902.07.43,2934.99.39,Global,0.04,0.04,,,,,MTB,20
9902.07.44,2934.99.39,Global,0,0.0,,,,,MTB,20
9902.07.45,2934.99.39,Global,0,0.0,,,,,MTB,20
9902.07.46,2934.99.44,Global,0,0.0,,,,,MTB,20
9902.07.47,2934.99.90,Global,0,0.0,,,,,MTB,20
9902.07.48,2934.99.90,Global,0,0.0,,,,,MTB,20
9902.07.49,2934.99.90,Global,0,0.0,,,,,MTB,20
9902.07.50,2934.99.90,Global,0,0.0,,,,,MTB,20
9902.07.51,2934.99.90,Global,0,0.0,,,,,MTB,20
9902.07.52,2934.99.90,Global,0,0.0,,,,,MTB,20
9902.07.53,2934.99.90,Global,0.035,0.035,,,,,MTB,20
9902.07.54,2934.99.90,Global,0,0.0,,,,,MTB,20
9902.07.55,2935.90.48,Global,0.041,0.041,,,,,MTB,20
9902.07.56,2935.90.75,Global,0.05,0.05,,,,,MTB,20
9902.07.57,2935.90.75,Global,0.004,0.004,,,,,MTB,20
9902.07.58,2935.90.75,Global,0.046,0.046,,,,,MTB,20
9902.07.59,2935.90.75,Global,0,0.0,,,,,MTB,20
9902.07.60,2935.90.75,Global,0.054,0.054,,,,,MTB,20
9902.07.61,2935.90.75,Global,0,0.0,,,,,MTB,20
9902.07.62,2935.90.75,Global,0,0.0,,,,,MTB,20
9902.07.63,2935.90.75,Global,0,0.0,,,,,MTB,20
9902.07.64,2935.90.75,Global,0,0.0,,,,,MTB,20
9902.07.65,2935.90.75,Global,0,0.0,,,,,MTB,20
9902.07.66,2935.90.75,Global,0,0.0,,,,,MTB,20
9902.07.67,2935.90.75,Global,0,0.0,,,,,MTB,20
9902.07.68,2935.90.75,Global,0,0.0,,,,,MTB,20
9902.07.69,2935.90.75,Global,0,0.0,,,,,MTB,20
9902.07.70,2935.90.75,Global,0,0.0,,,,,MTB,20
9902.07.71,2935.90.75,Global,0,0.0,,,,,MTB,20
9902.07.72,2935.90.75,Global,0,0.0,,,,,MTB,20
9902.07.73,2935.90.95,Global,0,0.0,,,,,MTB,20
9902.07.74,2938.90.00,Global,0,0.0,,,,,MTB,20
9902.07.75,2938.90.00,Global,0,0.0,,,,,MTB,20
9902.07.76,2938.90.00,Global,0,0.0,,,,,MTB,20
9902.07.77,2940.00.60,Global,0,0.0,,,,,MTB,20
9902.07.78,2940.00.60,Global,0,0.0,,,,,MTB,20
9902.07.79,2942.00.10,Global,0,0.0,,,,,MTB,20
9902.07.80,2942.00.50,Global,0,0.0,,,,,MTB,20
9902.07.81,3203.00.80,Global,0,0.0,,,,,MTB,20
9902.07.82,3203.00.80,Global,0,0.0,,,,,MTB,20
9902.07.83,3203.00.80,Global,0,0.0,,,,,MTB,20
9902.07.84,3203.00.80,Global,0,0.0,,,,,MTB,20
9902.07.85,3204.11.10,Global,0,0.0,,,,,MTB,20
9902.07.86,3204.11.10,Global,0,0.0,,,,,MTB,20
9902.07.87,3204.11.10,Global,0,0.0,,,,,MTB,20
9902.07.88,3204.11.35,Global,0,0.0,,,,,MTB,20
9902.07.89,3204.11.35,Global,0,0.0,,,,,MTB,20
9902.07.90,3204.11.35,Global,0,0.0,,,,,MTB,20
9902.07.91,3204.11.35,Global,0,0.0,,,,,MTB,20
9902.07.92,3204.11.35,Global,0,0.0,,,,,MTB,20
9902.07.93,3204.11.35,Global,0,0.0,,,,,MTB,20
9902.07.94,3204.11.35,Global,0,0.0,,,,,MTB,20
9902.07.95,3204.11.35,Global,0,0.0,,,,,MTB,20
9902.07.96,3204.11.35,Global,0,0.0,,,,,MTB,20
9902.07.97,3204.11.35,Global,0,0.0,,,,,MTB,20
9902.07.98,3204.11.35,Global,0,0.0,,,,,MTB,20
9902.07.99,3204.11.35,Global,0,0.0,,,,,MTB,20
9902.08.01,3204.11.35,Global,0,0.0,,,,,MTB,20
9902.08.02,3204.11.35,Global,0,0.0,,,,,MTB,20
9902.08.03,3204.11.35,Global,0,0.0,,,,,MTB,20
9902.08.04,3204.11.35,Global,0,0.0,,,,,MTB,20
9902.08.05,3204.11.35,Global,0,0.0,,,,,MTB,20
9902.08.06,3204.11.35,Global,0,0.0,,,,,MTB,20
9902.08.07,3204.11.35,Global,0,0.0,,,,,MTB,20
9902.08.08,3204.11.50,Global,0,0.0,,,,,MTB,20
9902.08.09,3204.11.50,Global,0,0.0,,,,,MTB,20
9902.08.10,3204.11.50,Global,0,0.0,,,,,MTB,20
9902.08.11,3204.11.50,Global,0,0.0,,,,,MTB,20
9902.08.12,3204.11.50,Global,0,0.0,,,,,MTB,20
9902.08.13,3204.11.50,Global,0,0.0,,,,,MTB,20
9902.08.14,3204.12.20,Global,0,0.0,,,,,MTB,20
9902.08.15,3204.12.20,Global,0,0.0,,,,,MTB,20
9902.08.16,3204.12.20,Global,0,0.0,,,,,MTB,20
9902.08.17,3204.12.20,Global,0,0.0,,,,,MTB,20
9902.08.18,3204.12.45,Global,0,0.0,,,,,MTB,20
9902.08.19,3204.12.45,Global,0,0.0,,,,,MTB,20
9902.08.20,3204.12.45,Global,0,0.0,,,,,MTB,20
9902.08.21,3204.12.45,Global,0,0.0,,,,,MTB,20
9902.08.22,3204.12.45,Global,0,0.0,,,,,MTB,20
9902.08.23,3204.12.45,Global,0,0.0,,,,,MTB,20
9902.08.24,3204.12.45,Global,0,0.0,,,,,MTB,20
9902.08.25,3204.12.50,Global,0,0.0,,,,,MTB,20
9902.08.26,3204.12.50,Global,0,0.0,,,,,MTB,20
9902.08.27,3204.12.50,Global,0,0.0,,,,,MTB,20
9902.08.28,3204.12.50,Global,0,0.0,,,,,MTB,20
9902.08.29,3204.13.10,Global,0,0.0,,,,,MTB,20
9902.08.30,3204.13.60,Global,0,0.0,,,,,MTB,20
9902.08.31,3204.13.80,Global,0,0.0,,,,,MTB,20
9902.08.32,3204.13.80,Global,0,0.0,,,,,MTB,20
9902.08.33,3204.13.80,Global,0,0.0,,,,,MTB,20
9902.08.34,3204.13.80,Global,0,0.0,,,,,MTB,20
9902.08.35,3204.14.50,Global,0,0.0,,,,,MTB,20
9902.08.36,3204.14.50,Global,0,0.0,,,,,MTB,20
9902.08.37,3204.14.50,Global,0,0.0,,,,,MTB,20
9902.08.38,3204.14.50,Global,0,0.0,,,,,MTB,20
9902.08.39,3204.15.10,Global,0,0.0,,,,,MTB,20
9902.08.40,3204.15.20,Global,0,0.0,,,,,MTB,20
9902.08.41,3204.15.30,Global,0,0.0,,,,,MTB,20
9902.08.42,3204.15.30,Global,0,0.0,,,,,MTB,20
9902.08.43,3204.15.30,Global,0,0.0,,,,,MTB,20
9902.08.44,3204.15.40,Global,0,0.0,,,,,MTB,20
9902.08.45,3204.15.40,Global,0,0.0,,,,,MTB,20
9902.08.46,3204.15.80,Global,0,0.0,,,,,MTB,20
9902.08.47,3204.15.80,Global,0,0.0,,,,,MTB,20
9902.08.48,3204.16.20,Global,0,0.0,,,,,MTB,20
9902.08.49,3204.16.30,Global,0,0.0,,,,,MTB,20
9902.08.51,3204.16.30,Global,0,0.0,,,,,MTB,20
9902.08.52,3204.16.30,Global,0,0.0,,,,,MTB,20
9902.08.53,3204.16.30,Global,0,0.0,,,,,MTB,20
9902.08.54,3204.16.30,Global,0,0.0,,,,,MTB,20
9902.08.55,3204.16.30,Global,0,0.0,,,,,MTB,20
9902.08.56,3204.16.50,Global,0,0.0,,,,,MTB,20
9902.08.57,3204.16.50,Global,0,0.0,,,,,MTB,20
9902.08.58,3204.16.50,Global,0,0.0,,,,,MTB,20
9902.08.59,3204.17.20,Global,0.033,0.033,,,,,MTB,20
9902.08.60,3204.17.60,Global,0,0.0,,,,,MTB,20
9902.08.61,3204.17.60,Global,0,0.0,,,,,MTB,20
9902.08.62,3204.17.60,Global,0,0.0,,,,,MTB,20
9902.08.63,3204.17.90,Global,0,0.0,,,,,MTB,20
9902.08.64,3204.17.90,Global,0,0.0,,,,,MTB,20
9902.08.65,3204.19.11,Global,0,0.0,,,,,MTB,20
9902.08.66,3204.19.11,Global,0,0.0,,,,,MTB,20
9902.08.67,3204.19.11,Global,0,0.0,,,,,MTB,20
9902.08.69,3204.19.20,Global,0,0.0,,,,,MTB,20
9902.08.70,3204.19.20,Global,0,0.0,,,,,MTB,20
9902.08.71,3204.19.20,Global,0,0.0,,,,,MTB,20
9902.08.72,3204.19.20,Global,0,0.0,,,,,MTB,20
9902.08.73,3204.19.20,Global,0,0.0,,,,,MTB,20
9902.08.74,3204.19.25,Global,0,0.0,,,,,MTB,20
9902.08.75,3204.19.25,Global,0,0.0,,,,,MTB,20
9902.08.76,3204.19.25,Global,0,0.0,,,,,MTB,20
9902.08.77,3204.19.25,Global,0,0.0,,,,,MTB,20
9902.08.78,3204.19.25,Global,0,0.0,,,,,MTB,20
9902.08.79,3204.19.25,Global,0,0.0,,,,,MTB,20
9902.08.80,3204.19.25,Global,0,0.0,,,,,MTB,20
9902.08.81,3204.19.30,Global,0,0.0,,,,,MTB,20
9902.08.82,3204.19.50,Global,0,0.0,,,,,MTB,20
9902.08.83,3204.19.50,Global,0,0.0,,,,,MTB,20
9902.08.84,3204.20.80,Global,0,0.0,,,,,MTB,20
9902.08.85,3204.20.80,Global,0,0.0,,,,,MTB,20
9902.08.86,3204.90.00,Global,0,0.0,,,,,MTB,20
9902.08.87,3204.90.00,Global,0,0.0,,,,,MTB,20
9902.08.88,3206.42.00,Global,0,0.0,,,,,MTB,20
9902.08.89,3206.49.60,Global,0,0.0,,,,,MTB,20
9902.08.90,3206.50.00,Global,0,0.0,,,,,MTB,20
9902.08.91,3206.50.00,Global,0,0.0,,,,,MTB,20
9902.08.92,3206.50.00,Global,0,0.0,,,,,MTB,20
9902.08.93,3206.50.00,Global,0,0.0,,,,,MTB,20
9902.08.94,3206.50.00,Global,0,0.0,,,,,MTB,20
9902.08.95,3206.50.00,Global,0,0.0,,,,,MTB,20
9902.08.96,3207.40.10,Global,0,0.0,,,,,MTB,20
9902.08.97,3211.00.00,Global,0,0.0,,,,,MTB,20
9902.08.98,3214.10.00,Global,0,0.0,,,,,MTB,20
9902.08.99,3301.12.00,Global,0,0.0,,,,,MTB,20
9902.09.01,3301.19.10,Global,0,0.0,,,,,MTB,20
9902.09.02,3301.29.10,Global,0,0.0,,,,,MTB,20
9902.09.03,3402.11.50,Global,0,0.0,,,,,MTB,20
9902.09.04,3402.11.50,Global,0,0.0,,,,,MTB,20
9902.09.05,3402.11.50,Global,0,0.0,,,,,MTB,20
9902.09.06,3402.11.50,Global,0,0.0,,,,,MTB,20
9902.09.07,3402.11.50,Global,0,0.0,,,,,MTB,20
9902.09.08,3402.13.10,Global,0,0.0,,,,,MTB,20
9902.09.09,3402.13.20,Global,0,0.0,,,,,MTB,20
9902.09.10,3402.13.20,Global,0,0.0,,,,,MTB,20
9902.09.11,3402.19.50,Global,0,0.0,,,,,MTB,20
9902.09.12,3402.90.30,Global,0,0.0,,,,,MTB,20
9902.09.13,3403.99.00,Global,0,0.0,,,,,MTB,20
9902.09.14,3604.10.90,Global,0,0.0,,,,,MTB,20
9902.09.15,3604.90.00,Global,0,0.0,,,,,MTB,20
9902.09.16,3701.20.00,Global,0.031,0.031,,,,,MTB,20
9902.09.17,3806.30.00,Global,0,0.0,,,,,MTB,20
9902.09.18,3806.90.00,Global,0,0.0,,,,,MTB,20
9902.09.19,3808.91.25,Global,0,0.0,,,,,MTB,20
9902.09.20,3808.91.25,Global,0.042,0.042,,,,,MTB,20
9902.09.21,3808.91.25,Global,0,0.0,,,,,MTB,20
9902.09.22,3808.91.25,Global,0,0.0,,,,,MTB,20
9902.09.23,3808.91.25,Global,0.01,0.01,,,,,MTB,20
9902.09.24,3808.91.25,Global,0.052,0.052,,,,,MTB,20
9902.09.25,3808.91.25,Global,0,0.0,,,,,MTB,20
9902.09.26,3808.91.25,Global,0,0.0,,,,,MTB,20
9902.09.27,3808.91.25,Global,0,0.0,,,,,MTB,20
9902.09.28,3808.91.25,Global,0,0.0,,,,,MTB,20
9902.09.29,2933.39.27,Global,0,0.0,,,,,MTB,20
9902.09.29,3808.91.25,Global,0,0.0,,,,,MTB,20
9902.09.30,3808.91.25,Global,0,0.0,,,,,MTB,20
9902.09.31,3808.91.25,Global,0.008,0.008,,,,,MTB,20
9902.09.32,3808.91.30,Global,0,0.0,,,,,MTB,20
9902.09.33,3808.91.50,Global,0,0.0,,,,,MTB,20
9902.09.34,3808.91.50,Global,0,0.0,,,,,MTB,20
9902.09.35,3808.91.50,Global,0.018,0.018,,,,,MTB,20
9902.09.36,3808.91.50,Global,0.042,0.042,,,,,MTB,20
9902.09.37,3808.91.50,Global,0.028,0.028,,,,,MTB,20
9902.09.38,3808.91.50,Global,0,0.0,,,,,MTB,20
9902.09.39,3808.91.50,Global,0,0.0,,,,,MTB,20
9902.09.40,3808.92.15,Global,0,0.0,,,,,MTB,20
9902.09.41,3808.92.15,Global,0,0.0,,,,,MTB,20
9902.09.42,3808.92.15,Global,0,0.0,,,,,MTB,20
9902.09.43,3808.92.15,Global,0,0.0,,,,,MTB,20
9902.09.44,3808.92.15,Global,0,0.0,,,,,MTB,20
9902.09.45,3808.92.15,Global,0,0.0,,,,,MTB,20
9902.09.46,3808.92.15,Global,0,0.0,,,,,MTB,20
9902.09.47,3808.92.15,Global,0,0.0,,,,,MTB,20
9902.09.48,3808.92.15,Global,0,0.0,,,,,MTB,20
9902.09.49,3808.92.15,Global,0.003,0.003,,,,,MTB,20
9902.09.50,3808.92.15,Global,0.049,0.049,,,,,MTB,20
9902.09.51,3808.92.15,Global,0.04,0.04,,,,,MTB,20
9902.09.52,3808.92.15,Global,0,0.0,,,,,MTB,20
9902.09.53,3808.92.15,Global,0,0.0,,,,,MTB,20
9902.09.54,3808.92.15,Global,0,0.0,,,,,MTB,20
9902.09.55,3808.92.15,Global,0,0.0,,,,,MTB,20
9902.09.56,3808.92.15,Global,0,0.0,,,,,MTB,20
9902.09.57,3808.92.15,Global,0,0.0,,,,,MTB,20
9902.09.58,3808.92.15,Global,0,0.0,,,,,MTB,20
9902.09.59,3808.92.15,Global,0,0.0,,,,,MTB,20
9902.09.60,3808.92.15,Global,0,0.0,,,,,MTB,20
9902.09.61,3808.92.15,Global,0,0.0,,,,,MTB,20
9902.09.62,3808.92.15,Global,0,0.0,,,,,MTB,20
9902.09.63,3808.92.15,Global,0,0.0,,,,,MTB,20
9902.09.64,3808.92.15,Global,0,0.0,,,,,MTB,20
9902.09.65,3808.92.15,Global,0,0.0,,,,,MTB,20
9902.09.66,3808.92.15,Global,0.016,0.016,,,,,MTB,20
9902.09.67,3808.92.15,Global,0,0.0,,,,,MTB,20
9902.09.68,3808.92.15,Global,0,0.0,,,,,MTB,20
9902.09.69,3808.92.15,Global,0,0.0,,,,,MTB,20
9902.09.70,3808.92.15,Global,0,0.0,,,,,MTB,20
9902.09.71,3808.92.15,Global,0,0.0,,,,,MTB,20
9902.09.72,3808.92.15,Global,0,0.0,,,,,MTB,20
9902.09.73,3808.92.28,Global,0,0.0,,,,,MTB,20
9902.09.74,3808.92.28,Global,0,0.0,,,,,MTB,20
9902.09.75,3808.92.28,Global,0,0.0,,,,,MTB,20
9902.09.76,3808.92.30,Global,0,0.0,,,,,MTB,20
9902.09.77,3808.92.30,Global,0,0.0,,,,,MTB,20
9902.09.78,3808.92.50,Global,0,0.0,,,,,MTB,20
9902.09.79,3808.92.50,Global,0,0.0,,,,,MTB,20
9902.09.80,3808.92.50,Global,0,0.0,,,,,MTB,20
9902.09.81,3808.92.50,Global,0,0.0,,,,,MTB,20
9902.09.82,3808.92.50,Global,0,0.0,,,,,MTB,20
9902.09.83,3808.92.50,Global,0,0.0,,,,,MTB,20
9902.09.84,3808.92.50,Global,0,0.0,,,,,MTB,20
9902.09.85,3808.93.15,Global,0.038,0.038,,,,,MTB,20
9902.09.86,3808.93.15,Global,0.037,0.037,,,,,MTB,20
9902.09.87,3808.93.15,Global,0,0.0,,,,,MTB,20
9902.09.88,3808.93.15,Global,0,0.0,,,,,MTB,20
9902.09.89,3808.93.15,Global,0,0.0,,,,,MTB,20
9902.09.90,3808.93.15,Global,0,0.0,,,,,MTB,20
9902.09.91,3808.93.15,Global,0,0.0,,,,,MTB,20
9902.09.92,3808.93.15,Global,0,0.0,,,,,MTB,20
9902.09.93,3808.93.15,Global,0,0.0,,,,,MTB,20
9902.09.94,3808.93.15,Global,0.046,0.046,,,,,MTB,20
9902.09.95,3808.93.15,Global,0.042,0.042,,,,,MTB,20
9902.09.96,3808.93.15,Global,0.02,0.02,,,,,MTB,20
9902.09.97,3808.93.15,Global,0,0.0,,,,,MTB,20
9902.09.98,3808.93.15,Global,0,0.0,,,,,MTB,20
9902.09.99,3808.93.15,Global,0,0.0,,,,,MTB,20
9902.10.01,3808.93.15,Global,0.025,0.025,,,,,MTB,20
9902.10.02,3808.93.15,Global,0.013,0.013,,,,,MTB,20
9902.10.03,3808.93.15,Global,0,0.0,,,,,MTB,20
9902.10.04,3808.93.15,Global,0,0.0,,,,,MTB,20
9902.10.05,3808.93.15,Global,0,0.0,,,,,MTB,20
9902.10.06,3808.93.15,Global,0.056,0.056,,,,,MTB,20
9902.10.07,3808.93.15,Global,0.01,0.01,,,,,MTB,20
9902.10.08,3808.93.15,Global,0,0.0,,,,,MTB,20
9902.10.09,3808.93.15,Global,0.056,0.056,,,,,MTB,20
9902.10.10,3808.93.15,Global,0.036,0.036,,,,,MTB,20
9902.10.11,3808.93.15,Global,0,0.0,,,,,MTB,20
9902.10.12,3808.93.20,Global,0,0.0,,,,,MTB,20
9902.10.13,3808.93.50,Global,0,0.0,,,,,MTB,20
9902.10.14,3808.93.50,Global,0,0.0,,,,,MTB,20
9902.10.15,3808.93.50,Global,0,0.0,,,,,MTB,20
9902.10.16,3808.93.50,Global,0,0.0,,,,,MTB,20
9902.10.17,3808.93.50,Global,0,0.0,,,,,MTB,20
9902.10.18,3808.93.50,Global,0,0.0,,,,,MTB,20
9902.10.19,3808.99.95,Global,0,0.0,,,,,MTB,20
9902.10.20,3809.91.00,Global,0,0.0,,,,,MTB,20
9902.10.21,3811.21.00,Global,0.048,0.048,,,,,MTB,20
9902.10.22,3811.21.00,Global,0,0.0,,,,,MTB,20
9902.10.23,3811.29.00,Global,0,0.0,,,,,MTB,20
9902.10.24,3811.90.00,Global,0.007,0.007,,,,,MTB,20
9902.10.25,3811.90.00,Global,0.028,0.028,,,,,MTB,20
9902.10.26,3812.10.50,Global,0,0.0,,,,,MTB,20
9902.10.27,3812.10.50,Global,0,0.0,,,,,MTB,20
9902.10.28,3812.10.50,Global,0,0.0,,,,,MTB,20
9902.10.29,3812.20.10,Global,0,0.0,,,,,MTB,20
9902.10.30,3812.20.10,Global,0.032,0.032,,,,,MTB,20
9902.10.31,3812.39.60,Global,0,0.0,,,,,MTB,20
9902.10.32,3812.39.60,Global,0,0.0,,,,,MTB,20
9902.10.33,3812.39.60,Global,0,0.0,,,,,MTB,20
9902.10.34,3812.39.60,Global,0,0.0,,,,,MTB,20
9902.10.35,3812.39.60,Global,0,0.0,,,,,MTB,20
9902.10.36,3812.39.90,Global,0,0.0,,,,,MTB,20
9902.10.37,2842.90.90,Global,0,0.0,,,,,MTB,20
9902.10.37,3812.39.90,Global,0,0.0,,,,,MTB,20
9902.10.38,3815.90.50,Global,0,0.0,,,,,MTB,20
9902.10.39,3815.90.50,Global,0,0.0,,,,,MTB,20
9902.10.40,3815.90.50,Global,0,0.0,,,,,MTB,20
9902.10.41,3815.90.50,Global,0,0.0,,,,,MTB,20
9902.10.42,3817.00.15,Global,0.013,0.013,,,,,MTB,20
9902.10.43,3819.00.00,Global,0,0.0,,,,,MTB,20
9902.10.44,3823.19.20,Global,0.014,0.014,,,,,MTB,20
9902.10.45,3823.19.40,Global,0,0.0,,,,,MTB,20
9902.10.46,3823.70.40,Global,0.005,0.005,,,,,MTB,20
9902.10.47,3824.90.92,Global,0,0.0,,,,,MTB,20
9902.10.48,3824.90.92,Global,0.1,0.1,,,,,MTB,20
9902.10.49,3824.99.28,Global,0,0.0,,,,,MTB,20
9902.10.50,3824.99.28,Global,0,0.0,,,,,MTB,20
9902.10.52,3208.10.00,Global,0,0.0,,,,,MTB,20
9902.10.53,3824.99.41,Global,0,0.0,,,,,MTB,20
9902.10.54,3824.99.92,Global,0,0.0,,,,,MTB,20
9902.10.55,3824.99.92,Global,0,0.0,,,,,MTB,20
9902.10.56,3824.99.92,Global,0,0.0,,,,,MTB,20
9902.10.57,3824.99.92,Global,0,0.0,,,,,MTB,20
9902.10.58,3824.99.92,Global,0,0.0,,,,,MTB,20
9902.10.59,3824.99.92,Global,0,0.0,,,,,MTB,20
9902.10.60,3824.99.92,Global,0,0.0,,,,,MTB,20
9902.10.61,3824.99.92,Global,0,0.0,,,,,MTB,20
9902.10.62,3824.99.92,Global,0,0.0,,,,,MTB,20
9902.10.63,3824.99.92,Global,0,0.0,,,,,MTB,20
9902.10.64,3901.90.90,Global,0,0.0,,,,,MTB,20
9902.10.65,3902.10.00,Global,0,0.0,,,,,MTB,20
9902.10.66,3902.20.50,Global,0.05,0.05,,,,,MTB,20
9902.10.67,3902.20.50,Global,0.051,0.051,,,,,MTB,20
9902.10.68,3902.30.00,Global,0.059,0.059,,,,,MTB,20
9902.10.69,3902.30.00,Global,0,0.0,,,,,MTB,20
9902.10.70,3902.30.00,Global,0,0.0,,,,,MTB,20
9902.10.71,3902.90.00,Global,0,0.0,,,,,MTB,20
9902.10.72,3902.90.00,Global,0,0.0,,,,,MTB,20
9902.10.73,3902.90.00,Global,0,0.0,,,,,MTB,20
9902.10.75,3904.30.60,Global,0,0.0,,,,,MTB,20
9902.10.76,3904.30.60,Global,0,0.0,,,,,MTB,20
9902.10.77,3904.40.00,Global,0,0.0,,,,,MTB,20
9902.10.78,3904.40.00,Global,0,0.0,,,,,MTB,20
9902.10.79,3904.69.50,Global,0,0.0,,,,,MTB,20
9902.10.80,3904.69.50,Global,0,0.0,,,,,MTB,20
9902.10.81,3904.69.50,Global,0,0.0,,,,,MTB,20
9902.10.82,3904.69.50,Global,0,0.0,,,,,MTB,20
9902.10.83,3904.69.50,Global,0,0.0,,,,,MTB,20
9902.10.84,3904.69.50,Global,0,0.0,,,,,MTB,20
9902.10.85,3904.69.50,Global,0,0.0,,,,,MTB,20
9902.10.86,3904.69.50,Global,0,0.0,,,,,MTB,20
9902.10.87,3904.69.50,Global,0,0.0,,,,,MTB,20
9902.10.88,3904.69.50,Global,0.024,0.024,,,,,MTB,20
9902.10.89,3904.69.50,Global,0,0.0,,,,,MTB,20
9902.10.90,3904.69.50,Global,0,0.0,,,,,MTB,20
9902.10.91,3904.69.50,Global,0,0.0,,,,,MTB,20
9902.10.92,3904.69.50,Global,0,0.0,,,,,MTB,20
9902.10.93,3904.69.50,Global,0.021,0.021,,,,,MTB,20
9902.10.94,3904.69.50,Global,0,0.0,,,,,MTB,20
9902.10.95,3904.69.50,Global,0,0.0,,,,,MTB,20
9902.10.96,3904.69.50,Global,0,0.0,,,,,MTB,20
9902.10.97,3904.69.50,Global,0,0.0,,,,,MTB,20
9902.10.98,3905.19.00,Global,0,0.0,,,,,MTB,20
9902.10.99,3905.19.00,Global,0,0.0,,,,,MTB,20
9902.11.01,3905.29.00,Global,0,0.0,,,,,MTB,20
9902.11.02,3905.91.10,Global,0,0.0,,,,,MTB,20
9902.11.03,3905.99.80,Global,0,0.0,,,,,MTB,20
9902.11.04,3906.90.50,Global,0,0.0,,,,,MTB,20
9902.11.05,3906.90.50,Global,0,0.0,,,,,MTB,20
9902.11.06,3906.90.50,Global,0,0.0,,,,,MTB,20
9902.11.07,3906.90.50,Global,0,0.0,,,,,MTB,20
9902.11.08,3906.90.50,Global,0,0.0,,,,,MTB,20
9902.11.09,3906.90.50,Global,0,0.0,,,,,MTB,20
9902.11.10,3906.90.50,Global,0,0.0,,,,,MTB,20
9902.11.11,3906.90.50,Global,0,0.0,,,,,MTB,20
9902.11.12,3907.20.00,Global,0,0.0,,,,,MTB,20
9902.11.13,3907.20.00,Global,0,0.0,,,,,MTB,20
9902.11.14,3907.20.00,Global,0.003,0.003,,,,,MTB,20
9902.11.15,3907.30.00,Global,0,0.0,,,,,MTB,20
9902.11.16,3907.30.00,Global,0,0.0,,,,,MTB,20
9902.11.17,3907.30.00,Global,0,0.0,,,,,MTB,20
9902.11.18,3907.60.00,Global,0,0.0,,,,,MTB,20
9902.11.19,3907.99.50,Global,0,0.0,,,,,MTB,20
9902.11.20,3907.99.50,Global,0,0.0,,,,,MTB,20
9902.11.21,3907.99.50,Global,0,0.0,,,,,MTB,20
9902.11.23,3907.99.50,Global,0.016,0.016,,,,,MTB,20
9902.11.24,3907.99.50,Global,0,0.0,,,,,MTB,20
9902.11.26,3907.99.50,Global,0,0.0,,,,,MTB,20
9902.11.27,3907.99.50,Global,0,0.0,,,,,MTB,20
9902.11.28,3907.99.50,Global,0,0.0,,,,,MTB,20
9902.11.29,3907.99.50,Global,0,0.0,,,,,MTB,20
9902.11.30,3908.10.00,Global,0,0.0,,,,,MTB,20
9902.11.31,3908.10.00,Global,0,0.0,,,,,MTB,20
9902.11.31,3908.90.70,Global,0,0.0,,,,,MTB,20
9902.11.32,3908.90.70,Global,0,0.0,,,,,MTB,20
9902.11.33,3908.90.70,Global,0,0.0,,,,,MTB,20
9902.11.34,3909.39.00,Global,0,0.0,,,,,MTB,20
9902.11.35,3909.40.00,Global,0,0.0,,,,,MTB,20
9902.11.36,3909.40.00,Global,0,0.0,,,,,MTB,20
9902.11.37,3909.40.00,Global,0,0.0,,,,,MTB,20
9902.11.38,3909.50.50,Global,0,0.0,,,,,MTB,20
9902.11.39,3909.50.50,Global,0,0.0,,,,,MTB,20
9902.11.40,3909.50.50,Global,0,0.0,,,,,MTB,20
9902.11.41,3909.50.50,Global,0,0.0,,,,,MTB,20
9902.11.42,3909.50.50,Global,0,0.0,,,,,MTB,20
9902.11.43,3911.90.25,Global,0,0.0,,,,,MTB,20
9902.11.44,3911.90.25,Global,0,0.0,,,,,MTB,20
9902.11.45,3911.90.25,Global,0,0.0,,,,,MTB,20
9902.11.46,3911.90.45,Global,0,0.0,,,,,MTB,20
9902.11.47,3911.90.45,Global,0,0.0,,,,,MTB,20
9902.11.48,3911.90.90,Global,0,0.0,,,,,MTB,20
9902.11.49,3911.90.90,Global,0,0.0,,,,,MTB,20
9902.11.50,3911.90.90,Global,0,0.0,,,,,MTB,20
9902.11.51,3911.90.90,Global,0,0.0,,,,,MTB,20
9902.11.52,3911.90.90,Global,0,0.0,,,,,MTB,20
9902.11.53,3911.90.90,Global,0,0.0,,,,,MTB,20
9902.11.54,3911.90.90,Global,0,0.0,,,,,MTB,20
9902.11.55,3911.90.90,Global,0,0.0,,,,,MTB,20
9902.11.56,3911.90.90,Global,0,0.0,,,,,MTB,20
9902.11.57,3912.20.00,Global,0,0.0,,,,,MTB,20
9902.11.58,3912.20.00,Global,0,0.0,,,,,MTB,20
9902.11.59,3913.10.00,Global,0,0.0,,,,,MTB,20
9902.11.60,3913.10.00,Global,0,0.0,,,,,MTB,20
9902.11.61,3913.10.00,Global,0,0.0,,,,,MTB,20
9902.11.62,3913.10.00,Global,0,0.0,,,,,MTB,20
9902.11.63,3913.90.20,Global,0.043,0.043,,,,,MTB,20
9902.11.64,3914.00.60,Global,0,0.0,,,,,MTB,20
9902.11.65,3914.00.60,Global,0,0.0,,,,,MTB,20
9902.11.66,3914.00.60,Global,0.014,0.014,,,,,MTB,20
9902.11.67,3914.00.60,Global,0,0.0,,,,,MTB,20
9902.11.68,3914.00.60,Global,0,0.0,,,,,MTB,20
9902.11.69,3914.00.60,Global,0,0.0,,,,,MTB,20
9902.11.70,3914.00.60,Global,0,0.0,,,,,MTB,20
9902.11.71,3914.00.60,Global,0,0.0,,,,,MTB,20
9902.11.72,3914.00.60,Global,0,0.0,,,,,MTB,20
9902.11.73,3914.00.60,Global,0,0.0,,,,,MTB,20
9902.11.74,3914.00.60,Global,0,0.0,,,,,MTB,20
9902.11.75,3914.00.60,Global,0,0.0,,,,,MTB,20
9902.11.76,3914.00.60,Global,0,0.0,,,,,MTB,20
9902.11.77,3914.00.60,Global,0,0.0,,,,,MTB,20
9902.11.78,3914.00.60,Global,0,0.0,,,,,MTB,20
9902.11.79,3916.90.50,Global,0,0.0,,,,,MTB,20
9902.11.80,3917.32.00,Global,0,0.0,,,,,MTB,20
9902.11.81,3917.32.00,Global,0,0.0,,,,,MTB,20
9902.11.82,3917.40.00,Global,0.051,0.051,,,,,MTB,20
9902.11.83,3920.20.00,Global,0,0.0,,,,,MTB,20
9902.11.84,3920.51.50,Global,0.035,0.035,,,,,MTB,20
9902.11.85,3920.59.10,Global,0,0.0,,,,,MTB,20
9902.11.86,3920.91.00,Global,0.037,0.037,,,,,MTB,20
9902.11.87,3921.14.00,Global,0,0.0,,,,,MTB,20
9902.11.88,3921.19.00,Global,0,0.0,,,,,MTB,20
9902.11.89,3921.19.00,Global,0,0.0,,,,,MTB,20
9902.11.90,3923.30.00,Global,0,0.0,,,,,MTB,20
9902.11.91,3923.50.00,Global,0,0.0,,,,,MTB,20
9902.11.92,3923.50.00,Global,0.013,0.013,,,,,MTB,20
9902.11.93,3923.50.00,Global,0,0.0,,,,,MTB,20
9902.11.94,3923.50.00,Global,0.005,0.005,,,,,MTB,20
9902.11.95,3924.10.40,Global,0,0.0,,,,,MTB,20
9902.11.96,3924.10.40,Global,0,0.0,,,,,MTB,20
9902.11.97,3924.10.40,Global,0,0.0,,,,,MTB,20
9902.11.98,3924.90.56,Global,0,0.0,,,,,MTB,20
9902.11.99,3924.90.56,Global,0.005,0.005,,,,,MTB,20
9902.12.01,3926.20.30,Global,0,0.0,,,,,MTB,20
9902.12.02,3926.30.10,Global,0,0.0,,,,,MTB,20
9902.12.03,3926.90.59,Global,0,0.0,,,,,MTB,20
9902.12.04,3926.90.85,Global,0.044,0.044,,,,,MTB,20
9902.12.05,3926.90.99,Global,0,0.0,,,,,MTB,20
9902.12.06,3926.90.99,Global,0,0.0,,,,,MTB,20
9902.12.07,3926.90.99,Global,0,0.0,,,,,MTB,20
9902.12.08,3926.90.99,Global,0.002,0.002,,,,,MTB,20
9902.12.09,3926.90.99,Global,0,0.0,,,,,MTB,20
9902.12.10,3926.90.99,Global,0.01,0.01,,,,,MTB,20
9902.12.11,3926.90.99,Global,0,0.0,,,,,MTB,20
9902.12.12,3926.90.99,Global,0,0.0,,,,,MTB,20
9902.12.13,3926.90.99,Global,0,0.0,,,,,MTB,20
9902.12.14,3926.90.99,Global,0,0.0,,,,,MTB,20
9902.12.15,3926.90.99,Global,0,0.0,,,,,MTB,20
9902.12.16,3926.90.99,Global,0,0.0,,,,,MTB,20
9902.12.17,3926.90.99,Global,0,0.0,,,,,MTB,20
9902.12.18,3926.90.99,Global,0,0.0,,,,,MTB,20
9902.12.19,3926.90.99,Global,0,0.0,,,,,MTB,20
9902.12.20,3926.90.99,Global,0,0.0,,,,,MTB,20
9902.12.21,3926.90.99,Global,0,0.0,,,,,MTB,20
9902.12.22,3926.90.99,Global,0,0.0,,,,,MTB,20
9902.12.23,3926.90.99,Global,0,0.0,,,,,MTB,20
9902.12.24,3926.90.99,Global,0,0.0,,,,,MTB,20
9902.12.25,3926.90.99,Global,0,0.0,,,,,MTB,20
9902.12.26,3926.90.99,Global,0,0.0,,,,,MTB,20
9902.12.27,3926.90.99,Global,0,0.0,,,,,MTB,20
9902.12.28,3926.90.99,Global,0,0.0,,,,,MTB,20
9902.12.29,4010.12.50,Global,0,0.0,,,,,MTB,20
9902.12.30,4016.93.10,Global,0.024,0.024,,,,,MTB,20
9902.12.31,4016.99.20,Global,0,0.0,,,,,MTB,20
9902.12.32,4016.99.60,Global,0,0.0,,,,,MTB,20
9902.12.33,4016.99.60,Global,0,0.0,,,,,MTB,20
9902.12.34,4104.41.50,Global,0,0.0,,,,,MTB,20
9902.12.35,4201.00.60,Global,0,0.0,,,,,MTB,20
9902.12.37,4202.92.15,Global,0,0.0,,,,,MTB,20
9902.12.38,4202.92.31,Global,0,0.0,,,,,MTB,20
9902.12.39,4202.92.31,Global,0.04,0.04,,,,,MTB,20
9902.12.40,4202.92.31,Global,0,0.0,,,,,MTB,20
9902.12.41,4202.92.31,Global,0.165,0.165,,,,,MTB,20
9902.12.42,4202.92.31,Global,0,0.0,,,,,MTB,20
9902.12.43,4202.92.31,Global,0,0.0,,,,,MTB,20
9902.12.44,4202.92.31,Global,0,0.0,,,,,MTB,20
9902.12.45,4202.92.31,Global,0,0.0,,,,,MTB,20
9902.12.46,4202.92.91,Global,0,0.0,,,,,MTB,20
9902.12.47,4202.92.91,Global,0,0.0,,,,,MTB,20
9902.12.48,4202.92.91,Global,0,0.0,,,,,MTB,20
9902.12.49,4202.92.91,Global,0,0.0,,,,,MTB,20
9902.12.49,4202.92.97,Global,0,0.0,,,,,MTB,20
9902.12.50,4202.99.90,Global,0,0.0,,,,,MTB,20
9902.12.51,4202.99.90,Global,0,0.0,,,,,MTB,20
9902.12.52,4202.99.90,Global,0,0.0,,,,,MTB,20
9902.12.53,4202.99.90,Global,0,0.0,,,,,MTB,20
9902.12.54,4202.99.90,Global,0,0.0,,,,,MTB,20
9902.12.55,4202.99.90,Global,0,0.0,,,,,MTB,20
9902.12.56,4202.99.90,Global,0,0.0,,,,,MTB,20
9902.12.57,4203.10.40,Global,0,0.0,,,,,MTB,20
9902.12.58,4203.21.20,Global,0,0.0,,,,,MTB,20
9902.12.59,4203.21.80,Global,0,0.0,,,,,MTB,20
9902.12.60,4203.21.80,Global,0,0.0,,,,,MTB,20
9902.12.61,4203.29.15,Global,0.092,0.092,,,,,MTB,20
9902.12.62,4203.29.18,Global,0.0134,0.0134,,,,,MTB,20
9902.12.63,4203.29.30,Global,0,0.0,,,,,MTB,20
9902.12.64,4203.30.00,Global,0.025,0.025,,,,,MTB,20
9902.12.65,4303.10.00,Global,0,0.0,,,,,MTB,20
9902.12.66,4601.92.20,Global,0,0.0,,,,,MTB,20
9902.12.67,4601.94.20,Global,0,0.0,,,,,MTB,20
9902.12.68,4602.12.23,Global,0,0.0,,,,,MTB,20
9902.12.69,5102.11.90,Global,0,0.0,,,,,MTB,20
9902.12.70,5102.19.20,Global,0,0.0,,,,,MTB,20
9902.12.71,5102.19.90,Global,0,0.0,,,,,MTB,20
9902.12.72,5103.10.00,Global,0,0.0,,,,,MTB,20
9902.12.73,5105.31.00,Global,0,0.0,,,,,MTB,20
9902.12.74,5105.39.00,Global,0,0.0,,,,,MTB,20
9902.12.75,5108.10.80,Global,0,0.0,,,,,MTB,20
9902.12.76,5108.10.80,Global,0,0.0,,,,,MTB,20
9902.12.77,5108.10.80,Global,0,0.0,,,,,MTB,20
9902.12.78,5108.20.80,Global,0,0.0,,,,,MTB,20
9902.12.79,5111.11.70,Global,0,0.0,,,,,MTB,20
9902.12.80,5111.19.60,Global,0,0.0,,,,,MTB,20
9902.12.81,5112.11.60,Global,0,0.0,,,,,MTB,20
9902.12.82,5112.19.95,Global,0,0.0,,,,,MTB,20
9902.12.83,5208.21.40,Global,0,0.0,,,,,MTB,20
9902.12.84,5211.20.29,Global,0,0.0,,,,,MTB,20
9902.12.85,5211.39.00,Global,0,0.0,,,,,MTB,20
9902.12.86,5402.45.90,Global,0,0.0,,,,,MTB,20
9902.12.87,5402.49.91,Global,0,0.0,,,,,MTB,20
9902.12.88,5402.51.00,Global,0,0.0,,,,,MTB,20
9902.12.89,5403.10.30,Global,0,0.0,,,,,MTB,20
9902.12.90,5403.10.30,Global,0,0.0,,,,,MTB,20
9902.12.91,5403.10.60,Global,0,0.0,,,,,MTB,20
9902.12.92,5403.31.00,Global,0,0.0,,,,,MTB,20
9902.12.93,5403.32.00,Global,0,0.0,,,,,MTB,20
9902.12.94,5404.19.80,Global,0,0.0,,,,,MTB,20
9902.12.95,5404.19.80,Global,0,0.0,,,,,MTB,20
9902.12.96,5404.19.80,Global,0,0.0,,,,,MTB,20
9902.12.97,5407.53.20,Global,0,0.0,,,,,MTB,20
9902.12.98,5501.30.00,Global,0,0.0,,,,,MTB,20
9902.12.99,5501.30.00,Global,0,0.0,,,,,MTB,20
9902.13.01,5501.30.00,Global,0,0.0,,,,,MTB,20
9902.13.02,5501.30.00,Global,0,0.0,,,,,MTB,20
9902.13.03,5501.30.00,Global,0,0.0,,,,,MTB,20
9902.13.04,5501.30.00,Global,0,0.0,,,,,MTB,20
9902.13.05,5501.30.00,Global,0,0.0,,,,,MTB,20
9902.13.06,5503.30.00,Global,0,0.0,,,,,MTB,20
9902.13.07,5503.30.00,Global,0,0.0,,,,,MTB,20
9902.13.08,5503.30.00,Global,0,0.0,,,,,MTB,20
9902.13.09,5503.30.00,Global,0,0.0,,,,,MTB,20
9902.13.10,5503.30.00,Global,0,0.0,,,,,MTB,20
9902.13.11,5503.30.00,Global,0,0.0,,,,,MTB,20
9902.13.12,5503.30.00,Global,0,0.0,,,,,MTB,20
9902.13.13,5503.30.00,Global,0,0.0,,,,,MTB,20
9902.13.14,5503.30.00,Global,0,0.0,,,,,MTB,20
9902.13.15,5503.30.00,Global,0,0.0,,,,,MTB,20
9902.13.16,5503.30.00,Global,0,0.0,,,,,MTB,20
9902.13.17,5503.30.00,Global,0,0.0,,,,,MTB,20
9902.13.18,5503.30.00,Global,0,0.0,,,,,MTB,20
9902.13.19,5503.30.00,Global,0,0.0,,,,,MTB,20
9902.13.20,5503.30.00,Global,0,0.0,,,,,MTB,20
9902.13.21,5503.30.00,Global,0,0.0,,,,,MTB,20
9902.13.22,5503.30.00,Global,0,0.0,,,,,MTB,20
9902.13.23,5503.30.00,Global,0,0.0,,,,,MTB,20
9902.13.24,5504.10.00,Global,0,0.0,,,,,MTB,20
9902.13.25,5504.10.00,Global,0,0.0,,,,,MTB,20
9902.13.26,5504.10.00,Global,0,0.0,,,,,MTB,20
9902.13.27,5504.10.00,Global,0,0.0,,,,,MTB,20
9902.13.28,5504.10.00,Global,0.017,0.017,,,,,MTB,20
9902.13.29,5504.10.00,Global,0,0.0,,,,,MTB,20
9902.13.30,5504.10.00,Global,0,0.0,,,,,MTB,20
9902.13.31,5504.10.00,Global,0,0.0,,,,,MTB,20
9902.13.32,5504.10.00,Global,0,0.0,,,,,MTB,20
9902.13.33,5504.10.00,Global,0,0.0,,,,,MTB,20
9902.13.34,5504.90.00,Global,0,0.0,,,,,MTB,20
9902.13.35,5506.30.00,Global,0,0.0,,,,,MTB,20
9902.13.36,5506.30.00,Global,0,0.0,,,,,MTB,20
9902.13.37,5506.30.00,Global,0,0.0,,,,,MTB,20
9902.13.38,5506.30.00,Global,0,0.0,,,,,MTB,20
9902.13.39,5507.00.00,Global,0,0.0,,,,,MTB,20
9902.13.40,5512.99.00,Global,0,0.0,,,,,MTB,20
9902.13.41,5516.42.00,Global,0,0.0,,,,,MTB,20
9902.13.42,5703.10.20,Global,0.058,0.058,,,,,MTB,20
9902.13.43,6003.30.60,Global,0,0.0,,,,,MTB,20
9902.13.44,6105.20.20,Global,0,0.0,,,,,MTB,20
9902.13.45,6109.90.10,Global,0,0.0,,,,,MTB,20
9902.13.46,6110.30.15,Global,0,0.0,,,,,MTB,20
9902.13.47,6110.30.30,Global,0,0.0,,,,,MTB,20
9902.13.48,6110.90.10,Global,0,0.0,,,,,MTB,20
9902.13.49,6110.90.90,Global,0,0.0,,,,,MTB,20
9902.13.50,6114.20.00,Global,0,0.0,,,,,MTB,20
9902.13.51,6115.96.90,Global,0,0.0,,,,,MTB,20
9902.13.52,6115.96.90,Global,0,0.0,,,,,MTB,20
9902.13.53,4015.19.50,Global,0,0.0,,,,,MTB,20
9902.13.53,6116.93.08,Global,0,0.0,,,,,MTB,20
9902.13.54,6117.80.95,Global,0,0.0,,,,,MTB,20
9902.13.55,6201.13.30,Global,0,0.0,,,,,MTB,20
9902.13.57,6201.92.45,Global,0,0.0,,,,,MTB,20
9902.13.58,6201.93.55,Global,0,0.0,,,,,MTB,20
9902.13.59,6202.91.60,Global,0,0.0,,,,,MTB,20
9902.13.60,6202.93.45,Global,0,0.0,,,,,MTB,20
9902.13.61,6204.49.10,Global,0.065,0.065,,,,,MTB,20
9902.13.63,6204.59.40,Global,0.017,0.017,,,,,MTB,20
9902.13.64,6206.10.00,Global,0.065,0.065,,,,,MTB,20
9902.13.65,6207.99.85,Global,0,0.0,,,,,MTB,20
9902.13.66,6209.90.20,Global,0,0.0,,,,,MTB,20
9902.13.67,6209.90.90,Global,0,0.0,,,,,MTB,20
9902.13.68,6212.10.90,Global,0,0.0,,,,,MTB,20
9902.13.69,6214.10.10,Global,0,0.0,,,,,MTB,20
9902.13.70,6216.00.46,Global,0,0.0,,,,,MTB,20
9902.13.71,6216.00.58,Global,0.098,0.098,,,,,MTB,20
9902.13.72,6217.90.90,Global,0,0.0,,,,,MTB,20
9902.13.73,6305.39.00,Global,0,0.0,,,,,MTB,20
9902.13.80,6307.90.98,Global,0,0.0,,,,,MTB,20
9902.13.82,6307.90.98,Global,0,0.0,,,,,MTB,20
9902.13.83,6307.90.98,Global,0,0.0,,,,,MTB,20
9902.13.84,6307.90.98,Global,0,0.0,,,,,MTB,20
9902.13.85,6307.90.98,Global,0,0.0,,,,,MTB,20
9902.13.86,6307.90.98,Global,0,0.0,,,,,MTB,20
9902.13.87,6307.90.98,Global,0,0.0,,,,,MTB,20
9902.13.88,6307.90.98,Global,0,0.0,,,,,MTB,20
9902.13.89,6307.90.98,Global,0,0.0,,,,,MTB,20
9902.13.90,6307.90.98,Global,0,0.0,,,,,MTB,20
9902.13.91,6307.90.98,Global,0,0.0,,,,,MTB,20
9902.13.92,6402.19.90,Global,0.087,0.087,,,,,MTB,20
9902.13.93,6402.19.90,Global,0.085,0.085,,,,,MTB,20
9902.13.94,6402.91.40,Global,0,0.0,,,,,MTB,20
9902.13.95,6402.91.42,Global,0,0.0,,,,,MTB,20
9902.13.96,6402.91.42,Global,0.01,0.01,,,,,MTB,20
9902.13.97,6402.91.42,Global,0,0.0,,,,,MTB,20
9902.13.98,6402.91.50,Global,0.038,0.038,,,,,MTB,20
9902.13.99,6402.91.50,Global,0,0.0,,,,,MTB,20
9902.14.01,6402.91.50,Global,0,0.0,,,,,MTB,20
9902.14.02,6402.91.50,Global,0,0.0,,,,,MTB,20
9902.14.03,6402.91.70,Global,0,0.0,,,,,MTB,20
9902.14.04,6402.91.80,Global,0,0.0,,,,,MTB,20
9902.14.05,6402.99.23,Global,0,0.0,,,,,MTB,20
9902.14.06,6402.99.31,Global,0.055,0.055,,,,,MTB,20
9902.14.07,6402.99.31,Global,0.025,0.025,,,,,MTB,20
9902.14.08,6402.99.31,Global,0.036,0.036,,,,,MTB,20
9902.14.09,6402.99.31,Global,0,0.0,,,,,MTB,20
9902.14.10,6402.99.31,Global,0,0.0,,,,,MTB,20
9902.14.11,6402.99.32,Global,0.094,0.094,,,,,MTB,20
9902.14.12,6402.99.32,Global,0,0.0,,,,,MTB,20
9902.14.13,6402.99.32,Global,0,0.0,,,,,MTB,20
9902.14.14,6402.99.33,Global,0.002,0.002,,,,,MTB,20
9902.14.15,6402.99.33,Global,0,0.0,,,,,MTB,20
9902.14.16,6402.99.33,Global,0,0.0,,,,,MTB,20
9902.14.17,6402.99.33,Global,0.038,0.038,,,,,MTB,20
9902.14.18,6402.99.90,Global,0,0.0,,,,,MTB,20
9902.14.19,6403.19.30,Global,0,0.0,,,,,MTB,20
9902.14.20,6403.99.20,Global,0.014,0.014,,,,,MTB,20
9902.14.21,6403.99.60,Global,0,0.0,,,,,MTB,20
9902.14.22,6403.99.60,Global,0.057,0.057,,,,,MTB,20
9902.14.23,6403.99.60,Global,0,0.0,,,,,MTB,20
9902.14.24,6403.99.60,Global,0.027,0.027,,,,,MTB,20
9902.14.25,6403.99.90,Global,0,0.0,,,,,MTB,20
9902.14.26,6403.99.90,Global,0,0.0,,,,,MTB,20
9902.14.27,6403.99.90,Global,0.029,0.029,,,,,MTB,20
9902.14.28,6403.99.90,Global,0.79,0.79,,,,,MTB,20
9902.14.29,6403.99.90,Global,0.066,0.066,,,,,MTB,20
9902.14.30,6403.99.90,Global,0.085,0.085,,,,,MTB,20
9902.14.31,6403.99.90,Global,0,0.0,,,,,MTB,20
9902.14.32,6404.11.20,Global,0,0.0,,,,,MTB,20
9902.14.33,6404.11.69,Global,0,0.0,,,,,MTB,20
9902.14.34,6404.11.90,Global,0,0.0,,,,,MTB,20
9902.14.35,6404.11.90,Global,0.126,0.126,,,,,MTB,20
9902.14.36,6404.11.90,Global,0.149,0.149,,,,,MTB,20
9902.14.37,6404.19.20,Global,0,0.0,,,,,MTB,20
9902.14.38,6404.19.20,Global,0,0.0,,,,,MTB,20
9902.14.39,6404.19.20,Global,0,0.0,,,,,MTB,20
9902.14.40,6404.19.36,Global,0.05,0.05,,,,,MTB,20
9902.14.41,6404.19.36,Global,0,0.0,,,,,MTB,20
9902.14.42,6404.19.37,Global,0,0.0,,,,,MTB,20
9902.14.43,6404.19.37,Global,0,0.0,,,,,MTB,20
9902.14.44,6404.19.37,Global,0.1,0.1,,,,,MTB,20
9902.14.45,6404.19.39,Global,0.346,0.346,,,,,MTB,20
9902.14.46,6404.19.39,Global,0.315,0.315,,,,,MTB,20
9902.14.47,6404.11.41,Global,0.074,0.074,,,,,MTB,20
9902.14.47,6404.11.51,Global,0.074,0.074,,,,,MTB,20
9902.14.47,6404.11.61,Global,0.074,0.074,,,,,MTB,20
9902.14.47,6404.11.71,Global,0.074,0.074,,,,,MTB,20
9902.14.47,6404.11.81,Global,0.074,0.074,,,,,MTB,20
9902.14.47,6404.19.36,Global,0.074,0.074,,,,,MTB,20
9902.14.47,6404.19.42,Global,0.074,0.074,,,,,MTB,20
9902.14.47,6404.19.52,Global,0.074,0.074,,,,,MTB,20
9902.14.47,6404.19.72,Global,0.074,0.074,,,,,MTB,20
9902.14.47,6404.19.82,Global,0.074,0.074,,,,,MTB,20
9902.14.47,6405.20.30,Global,0.074,0.074,,,,,MTB,20
9902.14.48,6404.19.87,Global,0,0.0,,,,,MTB,20
9902.14.49,6404.19.90,Global,0.081,0.081,,,,,MTB,20
9902.14.50,6404.19.90,Global,0,0.0,,,,,MTB,20
9902.14.51,6404.20.60,Global,0,0.0,,,,,MTB,20
9902.14.52,6404.20.60,Global,0,0.0,,,,,MTB,20
9902.14.53,6405.20.90,Global,0,0.0,,,,,MTB,20
9902.14.54,6405.20.90,Global,0,0.0,,,,,MTB,20
9902.14.55,6405.90.90,Global,0,0.0,,,,,MTB,20
9902.14.56,6406.90.15,Global,0,0.0,,,,,MTB,20
9902.14.57,6406.90.30,Global,0.045,0.045,,,,,MTB,20
9902.14.58,6504.00.30,Global,0.044,0.044,,,,,MTB,20
9902.14.59,6504.00.30,Global,0.019,0.019,,,,,MTB,20
9902.14.60,6504.00.60,Global,0.036,0.036,,,,,MTB,20
9902.14.61,6504.00.60,Global,0.017,0.017,,,,,MTB,20
9902.14.62,6505.00.15,Global,0,0.0,,,,,MTB,20
9902.14.63,6505.00.15,Global,0,0.0,,,,,MTB,20
9902.14.64,6505.00.60,Global,0.063,0.063,,,,,MTB,20
9902.14.65,6505.00.80,Global,0,0.0,,,,,MTB,20
9902.14.66,6603.20.90,Global,0.021,0.021,,,,,MTB,20
9902.14.67,6702.10.20,Global,0,0.0,,,,,MTB,20
9902.14.68,6702.10.40,Global,0,0.0,,,,,MTB,20
9902.14.69,6806.10.00,Global,0,0.0,,,,,MTB,20
9902.14.70,6806.10.00,Global,0,0.0,,,,,MTB,20
9902.14.71,6806.10.00,Global,0.1,0.1,,,,,MTB,20
9902.14.72,6806.10.00,Global,0.021,0.021,,,,,MTB,20
9902.14.73,6806.10.00,Global,0,0.0,,,,,MTB,20
9902.14.74,6914.90.80,Global,0.047,0.047,,,,,MTB,20
9902.14.75,7002.10.10,Global,0,0.0,,,,,MTB,20
9902.14.76,7005.30.00,Global,0,0.0,,,,,MTB,20
9902.14.77,7006.00.40,Global,0,0.0,,,,,MTB,20
9902.14.78,7010.20.20,Global,0.001,0.001,,,,,MTB,20
9902.14.79,7013.10.10,Global,0,0.0,,,,,MTB,20
9902.14.80,7013.10.50,Global,0.071,0.071,,,,,MTB,20
9902.14.81,7013.99.50,Global,0,0.0,,,,,MTB,20
9902.14.82,7013.99.50,Global,0,0.0,,,,,MTB,20
9902.14.83,7013.99.50,Global,0,0.0,,,,,MTB,20
9902.14.84,7013.99.90,Global,0,0.0,,,,,MTB,20
9902.14.85,7019.19.30,Global,0,0.0,,,,,MTB,20
9902.14.86,7019.19.90,Global,0,0.0,,,,,MTB,20
9902.14.87,7020.00.60,Global,0.018,0.018,,,,,MTB,20
9902.14.88,7106.92.50,Global,0,0.0,,,,,MTB,20
9902.14.89,7106.92.50,Global,0,0.0,,,,,MTB,20
9902.14.90,7115.10.00,Global,0,0.0,,,,,MTB,20
9902.14.91,7115.90.40,Global,0,0.0,,,,,MTB,20
9902.14.92,7117.19.90,Global,0,0.0,,,,,MTB,20
9902.14.93,7202.99.80,Global,0,0.0,,,,,MTB,20
9902.14.94,7318.14.50,Global,0,0.0,,,,,MTB,20
9902.14.95,7321.11.10,Global,0,0.0,,,,,MTB,20
9902.14.96,7323.93.00,Global,0.015,0.015,,,,,MTB,20
9902.14.97,7323.93.00,Global,0,0.0,,,,,MTB,20
9902.14.98,7323.99.90,Global,0.014,0.014,,,,,MTB,20
9902.14.99,7323.99.90,Global,0.014,0.014,,,,,MTB,20
9902.15.01,7323.99.90,Global,0,0.0,,,,,MTB,20
9902.15.02,7326.90.86,Global,0,0.0,,,,,MTB,20
9902.15.03,7326.90.86,Global,0,0.0,,,,,MTB,20
9902.15.04,7326.90.86,Global,0,0.0,,,,,MTB,20
9902.15.05,7326.90.86,Global,0,0.0,,,,,MTB,20
9902.15.06,7326.90.86,Global,0,0.0,,,,,MTB,20
9902.15.07,7505.12.50,Global,0,0.0,,,,,MTB,20
9902.15.08,7505.22.10,Global,0,0.0,,,,,MTB,20
9902.15.09,7616.99.51,Global,0,0.0,,,,,MTB,20
9902.15.10,7907.00.60,Global,0,0.0,,,,,MTB,20
9902.15.11,8101.94.00,Global,0,0.0,,,,,MTB,20
9902.15.12,8112.92.10,Global,0,0.0,,,,,MTB,20
9902.15.13,8112.92.60,Global,0,0.0,,,,,MTB,20
9902.15.14,8112.92.60,Global,0,0.0,,,,,MTB,20
9902.15.15,8201.50.00,Global,0,0.0,,,,,MTB,20
9902.15.16,8201.60.00,Global,0,0.0,,,,,MTB,20
9902.15.17,8201.90.30,Global,0,0.0,,,,,MTB,20
9902.15.18,8203.20.20,Global,0.015,0.015,,,,,MTB,20
9902.15.20,8205.59.55,Global,0,0.0,,,,,MTB,20
9902.15.21,8205.70.00,Global,0,0.0,,,,,MTB,20
9902.15.22,8205.70.00,Global,0,0.0,,,,,MTB,20
9902.15.23,8205.70.00,Global,0,0.0,,,,,MTB,20
9902.15.24,8207.19.30,Global,0,0.0,,,,,MTB,20
9902.15.25,8207.19.60,Global,0,0.0,,,,,MTB,20
9902.15.26,8210.00.00,Global,0,0.0,,,,,MTB,20
9902.15.27,8210.00.00,Global,0,0.0,,,,,MTB,20
9902.15.28,8210.00.00,Global,0,0.0,,,,,MTB,20
9902.15.30,8213.00.90,Global,0,0.0,,,,,MTB,20
9902.15.31,8213.00.90,Global,0.042,0.042,,,,,MTB,20
9902.15.32,8214.20.30,Global,0,0.0,,,,,MTB,20
9902.15.33,8214.20.30,Global,0.028,0.028,,,,,MTB,20
9902.15.34,8214.20.90,Global,0.016,0.016,,,,,MTB,20
9902.15.35,8301.10.80,Global,0.02,0.02,,,,,MTB,20
9902.15.36,8302.41.30,Global,0,0.0,,,,,MTB,20
9902.15.37,8303.00.00,Global,0.016,0.016,,,,,MTB,20
9902.15.38,8404.10.00,Global,0,0.0,,,,,MTB,20
9902.15.39,8406.81.10,Global,0,0.0,,,,,MTB,20
9902.15.40,8406.82.10,Global,0,0.0,,,,,MTB,20
9902.15.41,8408.20.20,Global,0.015,0.015,,,,,MTB,20
9902.15.42,8409.99.91,Global,0.006,0.006,,,,,MTB,20
9902.15.43,8409.99.91,Global,0.019,0.019,,,,,MTB,20
9902.15.44,8409.99.91,Global,0.004,0.004,,,,,MTB,20
9902.15.45,8409.99.92,Global,0,0.0,,,,,MTB,20
9902.15.46,8409.99.92,Global,0,0.0,,,,,MTB,20
9902.15.47,8409.99.92,Global,0,0.0,,,,,MTB,20
9902.15.48,8413.30.10,Global,0,0.0,,,,,MTB,20
9902.15.49,8413.30.10,Global,0,0.0,,,,,MTB,20
9902.15.50,8413.30.10,Global,0.006,0.006,,,,,MTB,20
9902.15.50,8413.30.90,Global,0.006,0.006,,,,,MTB,20
9902.15.51,8413.30.90,Global,0.005,0.005,,,,,MTB,20
9902.15.52,8413.30.90,Global,0.017,0.017,,,,,MTB,20
9902.15.53,8414.10.00,Global,0,0.0,,,,,MTB,20
9902.15.54,8414.51.30,Global,0.041,0.041,,,,,MTB,20
9902.15.55,8414.51.30,Global,0.03,0.03,,,,,MTB,20
9902.15.56,8414.59.65,Global,0,0.0,,,,,MTB,20
9902.15.57,8414.80.90,Global,0,0.0,,,,,MTB,20
9902.15.58,8414.90.10,Global,0,0.0,,,,,MTB,20
9902.15.59,8414.90.10,Global,0,0.0,,,,,MTB,20
9902.15.62,8415.82.01,Global,0.008,0.008,,,,,MTB,20
9902.15.63,8415.82.01,Global,0,0.0,,,,,MTB,20
9902.15.64,8415.82.01,Global,0.018,0.018,,,,,MTB,20
9902.15.66,8419.60.10,Global,0.027,0.027,,,,,MTB,20
9902.15.67,8419.89.95,Global,0,0.0,,,,,MTB,20
9902.15.68,8424.82.00,Global,0,0.0,,,,,MTB,20
9902.15.69,8443.16.00,Global,0,0.0,,,,,MTB,20
9902.15.70,8443.16.00,Global,0.001,0.001,,,,,MTB,20
9902.15.71,8446.30.50,Global,0,0.0,,,,,MTB,20
9902.15.72,8446.30.50,Global,0,0.0,,,,,MTB,20
9902.15.73,8461.50.80,Global,0.037,0.037,,,,,MTB,20
9902.15.74,8465.91.00,Global,0.012,0.012,,,,,MTB,20
9902.15.75,8465.91.00,Global,0,0.0,,,,,MTB,20
9902.15.76,8465.91.00,Global,0,0.0,,,,,MTB,20
9902.15.77,8465.91.00,Global,0,0.0,,,,,MTB,20
9902.15.78,8465.91.00,Global,0,0.0,,,,,MTB,20
9902.15.79,8465.91.00,Global,0.021,0.021,,,,,MTB,20
9902.15.80,8465.95.00,Global,0,0.0,,,,,MTB,20
9902.15.81,8467.21.00,Global,0,0.0,,,,,MTB,20
9902.15.82,8477.59.01,Global,0.025,0.025,,,,,MTB,20
9902.15.83,8479.89.94,Global,0,0.0,,,,,MTB,20
9902.15.84,8479.89.94,Global,0,0.0,,,,,MTB,20
9902.15.85,8479.89.94,Global,0.023,0.023,,,,,MTB,20
9902.15.86,8479.89.94,Global,0,0.0,,,,,MTB,20
9902.15.87,8479.89.94,Global,0,0.0,,,,,MTB,20
9902.15.88,8479.89.94,Global,0,0.0,,,,,MTB,20
9902.15.89,8479.89.94,Global,0,0.0,,,,,MTB,20
9902.15.90,8480.79.90,Global,0,0.0,,,,,MTB,20
9902.15.91,8481.80.90,Global,0.005,0.005,,,,,MTB,20
9902.15.92,8481.80.90,Global,0,0.0,,,,,MTB,20
9902.15.93,8481.80.90,Global,0,0.0,,,,,MTB,20
9902.15.94,8481.80.90,Global,0.0019,0.0019,,,,,MTB,20
9902.15.95,8481.80.90,Global,0,0.0,,,,,MTB,20
9902.15.96,8483.10.30,Global,0.006,0.006,,,,,MTB,20
9902.15.97,8483.10.30,Global,0,0.0,,,,,MTB,20
9902.15.98,8483.10.30,Global,0,0.0,,,,,MTB,20
9902.15.99,8483.30.80,Global,0,0.0,,,,,MTB,20
9902.16.01,8483.40.50,Global,0.019,0.019,,,,,MTB,20
9902.16.02,8483.60.80,Global,0.017,0.017,,,,,MTB,20
9902.16.03,8483.60.80,Global,0,0.0,,,,,MTB,20
9902.16.04,8483.90.50,Global,0.01,0.01,,,,,MTB,20
9902.16.05,8501.10.60,Global,0,0.0,,,,,MTB,20
9902.16.06,8501.31.40,Global,0.017,0.017,,,,,MTB,20
9902.16.07,8501.31.40,Global,0.028,0.028,,,,,MTB,20
9902.16.08,8501.40.20,Global,0,0.0,,,,,MTB,20
9902.16.09,8501.40.20,Global,0.02,0.02,,,,,MTB,20
9902.16.10,8501.40.20,Global,0.03,0.03,,,,,MTB,20
9902.16.11,8501.40.40,Global,0,0.0,,,,,MTB,20
9902.16.12,8501.40.40,Global,0,0.0,,,,,MTB,20
9902.16.13,8501.52.40,Global,0,0.0,,,,,MTB,20
9902.16.14,8501.53.60,Global,0,0.0,,,,,MTB,20
9902.16.15,8501.61.00,Global,0,0.0,,,,,MTB,20
9902.16.16,8502.20.00,Global,0.019,0.019,,,,,MTB,20
9902.16.17,8503.00.95,Global,0.007,0.007,,,,,MTB,20
9902.16.18,8504.40.95,Global,0,0.0,,,,,MTB,20
9902.16.19,8505.90.75,Global,0,0.0,,,,,MTB,20
9902.16.20,8507.60.00,Global,0,0.0,,,,,MTB,20
9902.16.21,8507.60.00,Global,0,0.0,,,,,MTB,20
9902.16.22,8507.60.00,Global,0,0.0,,,,,MTB,20
9902.16.23,8509.40.00,Global,0,0.0,,,,,MTB,20
9902.16.24,8509.40.00,Global,0,0.0,,,,,MTB,20
9902.16.25,8509.40.00,Global,0,0.0,,,,,MTB,20
9902.16.26,8509.80.50,Global,0,0.0,,,,,MTB,20
9902.16.27,8509.80.50,Global,0,0.0,,,,,MTB,20
9902.16.28,8509.80.50,Global,0,0.0,,,,,MTB,20
9902.16.29,8509.80.50,Global,0,0.0,,,,,MTB,20
9902.16.30,8509.80.50,Global,0,0.0,,,,,MTB,20
9902.16.31,8509.80.50,Global,0.03,0.03,,,,,MTB,20
9902.16.32,8509.80.50,Global,0,0.0,,,,,MTB,20
9902.16.33,8509.90.55,Global,0,0.0,,,,,MTB,20
9902.16.34,8509.90.55,Global,0,0.0,,,,,MTB,20
9902.16.35,8509.90.55,Global,0,0.0,,,,,MTB,20
9902.16.36,8509.90.55,Global,0,0.0,,,,,MTB,20
9902.16.37,8509.90.55,Global,0,0.0,,,,,MTB,20
9902.16.38,8511.40.00,Global,0.04,0.04,,,,,MTB,20
9902.16.39,8511.50.00,Global,0,0.0,,,,,MTB,20
9902.16.40,8511.50.00,Global,0.016,0.016,,,,,MTB,20
9902.16.41,8512.90.20,Global,0.012,0.012,,,,,MTB,20
9902.16.42,8516.29.00,Global,0,0.0,,,,,MTB,20
9902.16.43,8516.29.00,Global,0,0.0,,,,,MTB,20
9902.16.44,8516.29.00,Global,0,0.0,,,,,MTB,20
9902.16.45,8516.40.40,Global,0,0.0,,,,,MTB,20
9902.16.46,8516.40.40,Global,0.01,0.01,,,,,MTB,20
9902.16.47,8516.50.00,Global,0.005,0.005,,,,,MTB,20
9902.16.48,8516.50.00,Global,0.012,0.012,,,,,MTB,20
9902.16.49,8516.50.00,Global,0,0.0,,,,,MTB,20
9902.16.50,8516.50.00,Global,0,0.0,,,,,MTB,20
9902.16.51,8516.50.00,Global,0,0.0,,,,,MTB,20
9902.16.52,8516.50.00,Global,0,0.0,,,,,MTB,20
9902.16.53,8516.50.00,Global,0,0.0,,,,,MTB,20
9902.16.54,8516.50.00,Global,0,0.0,,,,,MTB,20
9902.16.55,8516.60.60,Global,0,0.0,,,,,MTB,20
9902.16.56,8516.60.60,Global,0,0.0,,,,,MTB,20
9902.16.57,8516.60.60,Global,0,0.0,,,,,MTB,20
9902.16.58,8516.71.00,Global,0,0.0,,,,,MTB,20
9902.16.59,8516.71.00,Global,0,0.0,,,,,MTB,20
9902.16.60,8516.71.00,Global,0,0.0,,,,,MTB,20
9902.16.61,8516.71.00,Global,0,0.0,,,,,MTB,20
9902.16.62,8516.71.00,Global,0,0.0,,,,,MTB,20
9902.16.63,8516.71.00,Global,0.007,0.007,,,,,MTB,20
9902.16.64,8516.71.00,Global,0,0.0,,,,,MTB,20
9902.16.65,8516.71.00,Global,0.004,0.004,,,,,MTB,20
9902.16.66,8516.71.00,Global,0,0.0,,,,,MTB,20
9902.16.67,8516.72.00,Global,0,0.0,,,,,MTB,20
9902.16.68,8516.79.00,Global,0,0.0,,,,,MTB,20
9902.16.69,8516.79.00,Global,0,0.0,,,,,MTB,20
9902.16.70,8516.79.00,Global,0.018,0.018,,,,,MTB,20
9902.16.71,8516.79.00,Global,0,0.0,,,,,MTB,20
9902.16.72,8516.79.00,Global,0,0.0,,,,,MTB,20
9902.16.73,8516.79.00,Global,0,0.0,,,,,MTB,20
9902.16.74,8516.79.00,Global,0,0.0,,,,,MTB,20
9902.16.75,8516.79.00,Global,0,0.0,,,,,MTB,20
9902.16.76,8516.79.00,Global,0,0.0,,,,,MTB,20
9902.16.77,8516.79.00,Global,0,0.0,,,,,MTB,20
9902.16.78,8516.79.00,Global,0,0.0,,,,,MTB,20
9902.16.79,8516.79.00,Global,0.004,0.004,,,,,MTB,20
9902.16.80,8516.79.00,Global,0,0.0,,,,,MTB,20
9902.16.81,8516.79.00,Global,0,0.0,,,,,MTB,20
9902.16.82,8516.79.00,Global,0,0.0,,,,,MTB,20
9902.16.83,8516.90.90,Global,0,0.0,,,,,MTB,20
9902.16.84,8516.90.90,Global,0,0.0,,,,,MTB,20
9902.16.85,8528.72.72,Global,0.036,0.036,,,,,MTB,20
9902.16.86,8536.30.80,Global,0,0.0,,,,,MTB,20
9902.16.87,8536.30.80,Global,0,0.0,,,,,MTB,20
9902.16.88,8536.30.80,Global,0,0.0,,,,,MTB,20
9902.16.89,8536.61.00,Global,0,0.0,,,,,MTB,20
9902.16.90,8537.10.91,Global,0,0.0,,,,,MTB,20
9902.16.91,8538.90.30,Global,0,0.0,,,,,MTB,20
9902.16.92,8539.49.00,Global,0.005,0.005,,,,,MTB,20
9902.16.93,8539.49.00,Global,0,0.0,,,,,MTB,20
9902.16.94,8540.40.10,Global,0,0.0,,,,,MTB,20
9902.16.95,8543.70.45,Global,0,0.0,,,,,MTB,20
9902.16.96,8544.42.90,Global,0,0.0,,,,,MTB,20
9902.16.97,8704.90.00,Global,0.239,0.239,,,,,MTB,20
9902.17.01,8708.40.11,Global,0,0.0,,,,,MTB,20
9902.17.02,8708.40.11,Global,0.021,0.021,,,,,MTB,20
9902.17.03,8708.40.50,Global,0,0.0,,,,,MTB,20
9902.17.04,8708.50.89,Global,0.023,0.023,,,,,MTB,20
9902.17.05,8708.80.65,Global,0,0.0,,,,,MTB,20
9902.17.06,8708.92.50,Global,0.024,0.024,,,,,MTB,20
9902.17.06,8708.92.75,Global,0.024,0.024,,,,,MTB,20
9902.17.07,8712.00.15,Global,0,0.0,,,,,MTB,20
9902.17.08,8712.00.50,Global,0,0.0,,,,,MTB,20
9902.17.09,8712.00.50,Global,0,0.0,,,,,MTB,20
9902.17.10,8714.94.90,Global,0.067,0.067,,,,,MTB,20
9902.17.11,8714.99.80,Global,0,0.0,,,,,MTB,20
9902.17.12,8714.99.80,Global,0,0.0,,,,,MTB,20
9902.17.13,8715.00.00,Global,0,0.0,,,,,MTB,20
9902.17.14,8715.00.00,Global,0,0.0,,,,,MTB,20
9902.17.15,9002.11.40,Global,0,0.0,,,,,MTB,20
9902.17.16,9002.11.40,Global,0,0.0,,,,,MTB,20
9902.17.17,9004.90.00,Global,0,0.0,,,,,MTB,20
9902.17.18,9010.60.00,Global,0,0.0,,,,,MTB,20
9902.17.19,9013.80.90,Global,0,0.0,,,,,MTB,20
9902.17.20,9013.80.90,Global,0,0.0,,,,,MTB,20
9902.17.21,9013.80.90,Global,0,0.0,,,,,MTB,20
9902.17.22,9013.80.90,Global,0,0.0,,,,,MTB,20
9902.17.23,9013.80.90,Global,0,0.0,,,,,MTB,20
9902.17.24,9013.80.90,Global,0,0.0,,,,,MTB,20
9902.17.25,9013.80.90,Global,0,0.0,,,,,MTB,20
9902.17.26,9013.80.90,Global,0,0.0,,,,,MTB,20
9902.17.27,9013.80.90,Global,0,0.0,,,,,MTB,20
9902.17.28,9029.20.20,Global,0,0.0,,,,,MTB,20
9902.17.29,9030.20.10,Global,0,0.0,,,,,MTB,20
9902.17.30,9030.20.10,Global,0,0.0,,,,,MTB,20
9902.17.31,9030.31.00,Global,0,0.0,,,,,MTB,20
9902.17.32,9030.31.00,Global,0,0.0,,,,,MTB,20
9902.17.33,9030.31.00,Global,0,0.0,,,,,MTB,20
9902.17.34,9030.32.00,Global,0,0.0,,,,,MTB,20
9902.17.35,9030.84.00,Global,0,0.0,,,,,MTB,20
9902.17.36,9030.84.00,Global,0,0.0,,,,,MTB,20
9902.17.37,9030.84.00,Global,0,0.0,,,,,MTB,20
9902.17.38,9030.89.01,Global,0,0.0,,,,,MTB,20
9902.17.39,9030.89.01,Global,0,0.0,,,,,MTB,20
9902.17.40,9030.89.01,Global,0,0.0,,,,,MTB,20
9902.17.41,9030.89.01,Global,0,0.0,,,,,MTB,20
9902.17.42,9109.10.80,Global,0,0.0,,,,,MTB,20
9902.17.43,9109.90.60,Global,0,0.0,,,,,MTB,20
9902.17.44,9114.90.50,Global,0,0.0,,,,,MTB,20
9902.17.45,9404.90.10,Global,0.031,0.031,,,,,MTB,20
9902.17.46,9404.90.20,Global,0.053,0.053,,,,,MTB,20
9902.17.47,9405.10.60,Global,0,0.0,,,,,MTB,20
9902.17.48,9405.20.60,Global,0.03,0.03,,,,,MTB,20
9902.17.49,9405.20.60,Global,0,0.0,,,,,MTB,20
9902.17.50,9405.20.60,Global,0,0.0,,,,,MTB,20
9902.17.51,9405.40.60,Global,0.038,0.038,,,,,MTB,20
9902.17.52,9405.40.60,Global,0,0.0,,,,,MTB,20
9902.17.53,9405.40.60,Global,0,0.0,,,,,MTB,20
9902.17.54,9405.91.40,Global,0,0.0,,,,,MTB,20
9902.17.55,9506.12.80,Global,0,0.0,,,,,MTB,20
9902.17.56,9506.39.00,Global,0,0.0,,,,,MTB,20
9902.17.57,9506.39.00,Global,0,0.0,,,,,MTB,20
9902.17.58,9506.39.00,Global,0,0.0,,,,,MTB,20
9902.17.59,9506.39.00,Global,0.01,0.01,,,,,MTB,20
9902.17.60,9506.39.00,Global,0,0.0,,,,,MTB,20
9902.17.61,9506.39.00,Global,0,0.0,,,,,MTB,20
9902.17.62,9506.39.00,Global,0.01,0.01,,,,,MTB,20
9902.17.63,9506.39.00,Global,0,0.0,,,,,MTB,20
9902.17.64,9506.39.00,Global,0,0.0,,,,,MTB,20
9902.17.65,9506.39.00,Global,0.03,0.03,,,,,MTB,20
9902.17.70,9506.51.20,Global,0.026,0.026,,,,,MTB,20
9902.17.71,9506.51.40,Global,0.004,0.004,,,,,MTB,20
9902.17.72,9506.59.80,Global,0,0.0,,,,,MTB,20
9902.17.73,9506.59.80,Global,0,0.0,,,,,MTB,20
9902.17.74,9506.62.80,Global,0,0.0,,,,,MTB,20
9902.17.75,9506.62.80,Global,0.031,0.031,,,,,MTB,20
9902.17.76,9506.62.80,Global,0,0.0,,,,,MTB,20
9902.17.77,9506.62.80,Global,0.025,0.025,,,,,MTB,20
9902.17.78,9506.69.40,Global,0,0.0,,,,,MTB,20
9902.17.79,9506.91.00,Global,0,0.0,,,,,MTB,20
9902.17.80,9506.91.00,Global,0.009,0.009,,,,,MTB,20
9902.17.81,9506.91.00,Global,0.009,0.009,,,,,MTB,20
9902.17.82,9506.91.00,Global,0,0.0,,,,,MTB,20
9902.17.83,9506.91.00,Global,0.028,0.028,,,,,MTB,20
9902.17.84,9506.91.00,Global,0.008,0.008,,,,,MTB,20
9902.17.85,9506.91.00,Global,0.043,0.043,,,,,MTB,20
9902.17.86,9506.91.00,Global,0,0.0,,,,,MTB,20
9902.17.87,9506.91.00,Global,0,0.0,,,,,MTB,20
9902.17.88,9506.91.00,Global,0,0.0,,,,,MTB,20
9902.17.89,9506.91.00,Global,0,0.0,,,,,MTB,20
9902.17.90,9506.99.60,Global,0,0.0,,,,,MTB,20
9902.17.91,9506.99.60,Global,0,0.0,,,,,MTB,20
9902.17.92,9506.99.60,Global,0,0.0,,,,,MTB,20
9902.17.93,9507.10.00,Global,0,0.0,,,,,MTB,20
9902.17.94,9507.30.40,Global,0,0.0,,,,,MTB,20
9902.17.95,9615.19.60,Global,0,0.0,,,,,MTB,20
9902.17.96,9615.19.60,Global,0,0.0,,,,,MTB,20
9902.17.97,9615.90.20,Global,0,0.0,,,,,MTB,20
9902.17.98,9617.00.40,Global,0,0.0,,,,,MTB,20
9902.17.99,9617.00.40,Global,0,0.0,,,,,MTB,20
9902.18.01,9617.00.40,Global,0,0.0,,,,,MTB,20
9902.18.02,9617.00.40,Global,0,0.0,,,,,MTB,20
9902.18.03,9620.00.50,Global,0,0.0,,,,,MTB,20
9903.01.01,ALL,Mexico,Base Rate,,,0.25,,,Section 122,30
9903.01.02,EXEMPT,Mexico,Base Rate,,,0.0,,,Section 122,50
9903.01.03,EXEMPT,Mexico,Base Rate,,,0.0,,,Section 122,50
9903.01.04,EXEMPT,Mexico,Base Rate,,,0.0,,,Section 122,50
9903.01.05,2815.20.00,Mexico,Base Rate,,,0.1,,,Section 122,10
9903.01.10,ALL,Canada,Base Rate,,,0.35,,,Section 122,30
9903.01.11,EXEMPT,Canada,Base Rate,,,0.0,,,Section 122,50
9903.01.12,EXEMPT,Canada,Base Rate,,,0.0,,,Section 122,50
9903.01.13,SEE NOTE 2,Canada,Base Rate,,,0.1,,,Section 122,30
9903.01.14,EXEMPT,Canada,Base Rate,,,0.0,,,Section 122,50
9903.01.15,2815.20.00,Canada,Base Rate,,,0.1,,,Section 122,10
9903.01.16,ALL,Canada,Base Rate,,,0.4,,,Transshipment-Evasion,30
9903.01.20,ALL,China,Base Rate,,,0.1,,,Section 122,30
9903.01.21,EXEMPT,China,Base Rate,,,0.0,,,Section 122,50
9903.01.22,EXEMPT,China,Base Rate,,,0.0,,,Section 122,50
9903.01.23,ALL,China,Base Rate,,,,,,Time-Limited Relief,30
9903.01.24,ALL,China,Base Rate,,,0.1,,,Section 122,30
9903.01.25,ALL,Global,Base Rate,,,0.1,,,Section 122,40
9903.01.26,ALL,Canada,Base Rate,,,,,,Exclusion,30
9903.01.27,ALL,Mexico,Base Rate,,,,,,Exclusion,30
9903.01.28,ALL,Global,Base Rate,,,,,,In-Transit Relief,40
9903.01.29,ALL,Global,Base Rate,,,,,,Exclusion,40
9903.01.30,ALL,Global,Base Rate,,,,,,Donations-Suffering,40
9903.01.31,ALL,Global,Base Rate,,,,,,Informational Materials,40
9903.01.32,SEE NOTE 2,Global,Base Rate,,,,,,Specific Exclusions,40
9903.01.43,ALL,Cameroon,Base Rate,,,0.11,,,Section 122,30
9903.01.43,ALL,DR Congo,Base Rate,,,0.11,,,Section 122,30
9903.01.44,ALL,Chad,Base Rate,,,0.13,,,Section 122,30
9903.01.44,ALL,Equatorial Guinea,Base Rate,,,0.13,,,Section 122,30
9903.01.45,ALL,Nigeria,Base Rate,,,0.14,,,Section 122,30
9903.01.46,ALL,Norway,Base Rate,,,0.15,,,Section 122,30
9903.01.46,ALL,Venezuela,Base Rate,,,0.15,,,Section 122,30
9903.01.47,ALL,Mozambique,Base Rate,,,0.16,,,Section 122,30
9903.01.48,ALL,Israel,Base Rate,,,0.17,,,Section 122,30
9903.01.48,ALL,Malawi,Base Rate,,,0.17,,,Section 122,30
9903.01.48,ALL,Philippines,Base Rate,,,0.17,,,Section 122,30
9903.01.48,ALL,Zambia,Base Rate,,,0.17,,,Section 122,30
9903.01.49,ALL,Nicaragua,Base Rate,,,0.18,,,Section 122,30
9903.01.49,ALL,Zimbabwe,Base Rate,,,0.18,,,Section 122,30
9903.01.50,ALL,Austria,Base Rate,,,0.2,,,Section 122,30
9903.01.50,ALL,Belgium,Base Rate,,,0.2,,,Section 122,30
9903.01.50,ALL,Bulgaria,Base Rate,,,0.2,,,Section 122,30
9903.01.50,ALL,Croatia,Base Rate,,,0.2,,,Section 122,30
9903.01.50,ALL,Cyprus,Base Rate,,,0.2,,,Section 122,30
9903.01.50,ALL,Czech Republic,Base Rate,,,0.2,,,Section 122,30
9903.01.50,ALL,Denmark,Base Rate,,,0.2,,,Section 122,30
9903.01.50,ALL,Estonia,Base Rate,,,0.2,,,Section 122,30
9903.01.50,ALL,Finland,Base Rate,,,0.2,,,Section 122,30
9903.01.50,ALL,France,Base Rate,,,0.2,,,Section 122,30
9903.01.50,ALL,Germany,Base Rate,,,0.2,,,Section 122,30
9903.01.50,ALL,Greece,Base Rate,,,0.2,,,Section 122,30
9903.01.50,ALL,Hungary,Base Rate,,,0.2,,,Section 122,30
9903.01.50,ALL,Ireland,Base Rate,,,0.2,,,Section 122,30
9903.01.50,ALL,Italy,Base Rate,,,0.2,,,Section 122,30
9903.01.50,ALL,Jordan,Base Rate,,,0.2,,,Section 122,30
9903.01.50,ALL,Latvia,Base Rate,,,0.2,,,Section 122,30
9903.01.50,ALL,Lithuania,Base Rate,,,0.2,,,Section 122,30
9903.01.50,ALL,Luxembourg,Base Rate,,,0.2,,,Section 122,30
9903.01.50,ALL,Malta,Base Rate,,,0.2,,,Section 122,30
9903.01.50,ALL,Netherlands,Base Rate,,,0.2,,,Section 122,30
9903.01.50,ALL,Poland,Base Rate,,,0.2,,,Section 122,30
9903.01.50,ALL,Portugal,Base Rate,,,0.2,,,Section 122,30
9903.01.50,ALL,Romania,Base Rate,,,0.2,,,Section 122,30
9903.01.50,ALL,Slovakia,Base Rate,,,0.2,,,Section 122,30
9903.01.50,ALL,Slovenia,Base Rate,,,0.2,,,Section 122,30
9903.01.50,ALL,Spain,Base Rate,,,0.2,,,Section 122,30
9903.01.50,ALL,Sweden,Base Rate,,,0.2,,,Section 122,30
9903.01.51,ALL,Cote d'Ivoire,Base Rate,,,0.21,,,Section 122,30
9903.01.51,ALL,Namibia,Base Rate,,,0.21,,,Section 122,30
9903.01.52,ALL,Vanuatu,Base Rate,,,0.22,,,Section 122,30
9903.01.53,ALL,Brunei,Base Rate,,,0.24,,,Section 122,30
9903.01.53,ALL,Japan,Base Rate,,,0.24,,,Section 122,30
9903.01.53,ALL,Malaysia,Base Rate,,,0.24,,,Section 122,30
9903.01.54,ALL,South Korea,Base Rate,,,0.25,,,Section 122,30
9903.01.55,ALL,India,Base Rate,,,0.26,,,Section 122,30
9903.01.56,ALL,Kazakhstan,Base Rate,,,0.27,,,Section 122,30
9903.01.57,ALL,Tunisia,Base Rate,,,0.28,,,Section 122,30
9903.01.58,ALL,Pakistan,Base Rate,,,0.29,,,Section 122,30
9903.01.59,ALL,Algeria,Base Rate,,,0.3,,,Section 122,30
9903.01.59,ALL,Nauru,Base Rate,,,0.3,,,Section 122,30
9903.01.59,ALL,South Africa,Base Rate,,,0.3,,,Section 122,30
9903.01.60,ALL,Libya,Base Rate,,,0.31,,,Section 122,30
9903.01.60,ALL,Moldova,Base Rate,,,0.31,,,Section 122,30
9903.01.60,ALL,Switzerland,Base Rate,,,0.31,,,Section 122,30
9903.01.61,ALL,Angola,Base Rate,,,0.32,,,Section 122,30
9903.01.61,ALL,Fiji,Base Rate,,,0.32,,,Section 122,30
9903.01.61,ALL,Indonesia,Base Rate,,,0.32,,,Section 122,30
9903.01.61,ALL,Taiwan,Base Rate,,,0.32,,,Section 122,30
9903.01.62,ALL,North Macedonia,Base Rate,,,0.33,,,Section 122,30
9903.01.63,ALL,China,Base Rate,,,0.34,,,Section 122,30
9903.01.63,ALL,Hong Kong,Base Rate,,,0.34,,,Section 122,30
9903.01.63,ALL,Macau,Base Rate,,,0.34,,,Section 122,30
9903.01.64,ALL,Bosnia and Herzegovina,Base Rate,,,0.35,,,Section 122,30
9903.01.65,ALL,Thailand,Base Rate,,,0.36,,,Section 122,30
9903.01.66,ALL,Bangladesh,Base Rate,,,0.37,,,Section 122,30
9903.01.66,ALL,Botswana,Base Rate,,,0.37,,,Section 122,30
9903.01.66,ALL,Liechtenstein,Base Rate,,,0.37,,,Section 122,30
9903.01.66,ALL,Serbia,Base Rate,,,0.37,,,Section 122,30
9903.01.67,ALL,Guyana,Base Rate,,,0.38,,,Section 122,30
9903.01.68,ALL,Iraq,Base Rate,,,0.39,,,Section 122,30
9903.01.69,ALL,Mauritius,Base Rate,,,0.4,,,Section 122,30
9903.01.70,ALL,Falkland Islands,Base Rate,,,0.41,,,Section 122,30
9903.01.70,ALL,Syria,Base Rate,,,0.41,,,Section 122,30
9903.01.71,ALL,Myanmar,Base Rate,,,0.44,,,Section 122,30
9903.01.71,ALL,Sri Lanka,Base Rate,,,0.44,,,Section 122,30
9903.01.72,ALL,Vietnam,Base Rate,,,0.46,,,Section 122,30
9903.01.73,ALL,Madagascar,Base Rate,,,0.47,,,Section 122,30
9903.01.74,ALL,Laos,Base Rate,,,0.48,,,Section 122,30
9903.01.75,ALL,Cambodia,Base Rate,,,0.49,,,Section 122,30
9903.01.76,ALL,Lesotho,Base Rate,,,0.5,,,Section 122,30
9903.01.77,ALL,Brazil,Base Rate,,,0.4,,,Section 122,30
9903.01.78,ALL,Brazil,Base Rate,,,,,,Exclusion,30
9903.01.79,ALL,Brazil,Base Rate,,,,,,Exclusion,30
9903.01.80,ALL,Brazil,Base Rate,,,,,,Exclusion,30
9903.01.81,SEE NOTE 2,Brazil,Base Rate,,,,,,Exclusion,30
9903.01.82,SEE NOTE 2,Brazil,Base Rate,,,,,,Exclusion,30
9903.01.83,SEE NOTE 2,Brazil,Base Rate,,,,,,Exclusion,30
9903.01.84,ALL,India,Base Rate,,,0.25,,,Section 122,30
9903.01.85,ALL,India,Base Rate,,,,,,In-Transit,30
9903.01.86,SEE NOTE 2,India,Base Rate,,,,,,Exclusion,30
9903.01.87,SEE NOTE 2,India,Base Rate,,,,,,Exclusion,30
9903.01.88,SEE NOTE 2,India,Base Rate,,,,,,Exclusion,30
9903.01.89,ALL,India,Base Rate,,,,,,Exclusion,30
9903.01.90,SEE NOTE 2,Brazil,Base Rate,,,,,,Exclusion,30
9903.02.02,ALL,Afghanistan,Base Rate,,,0.15,,,Section 122,30
9903.02.03,ALL,Algeria,Base Rate,,,0.3,,,Section 122,30
9903.02.04,ALL,Angola,Base Rate,,,0.15,,,Section 122,30
9903.02.05,ALL,Bangladesh,Base Rate,,,0.2,,,Section 122,30
9903.02.06,ALL,Bolivia,Base Rate,,,0.15,,,Section 122,30
9903.02.07,ALL,Bosnia and Herzegovina,Base Rate,,,0.3,,,Section 122,30
9903.02.08,ALL,Botswana,Base Rate,,,0.15,,,Section 122,30
9903.02.09,ALL,Brazil,Base Rate,,,0.1,,,Section 122,30
9903.02.10,ALL,Brunei,Base Rate,,,0.25,,,Section 122,30
9903.02.11,ALL,Cambodia,Base Rate,,,0.19,,,Section 122,30
9903.02.12,ALL,Cameroon,Base Rate,,,0.15,,,Section 122,30
9903.02.13,ALL,Chad,Base Rate,,,0.15,,,Section 122,30
9903.02.14,ALL,Costa Rica,Base Rate,,,0.15,,,Section 122,30
9903.02.15,ALL,Cote d'Ivoire,Base Rate,,,0.15,,,Section 122,30
9903.02.16,ALL,DR Congo,Base Rate,,,0.15,,,Section 122,30
9903.02.17,ALL,Ecuador,Base Rate,,,0.15,,,Section 122,30
9903.02.18,ALL,Equatorial Guinea,Base Rate,,,0.15,,,Section 122,30
9903.02.19,ALL,Austria,0,0.0,,,,,Section 122,30
9903.02.19,ALL,Belgium,0,0.0,,,,,Section 122,30
9903.02.19,ALL,Bulgaria,0,0.0,,,,,Section 122,30
9903.02.19,ALL,Croatia,0,0.0,,,,,Section 122,30
9903.02.19,ALL,Cyprus,0,0.0,,,,,Section 122,30
9903.02.19,ALL,Czech Republic,0,0.0,,,,,Section 122,30
9903.02.19,ALL,Denmark,0,0.0,,,,,Section 122,30
9903.02.19,ALL,Estonia,0,0.0,,,,,Section 122,30
9903.02.19,ALL,Finland,0,0.0,,,,,Section 122,30
9903.02.19,ALL,France,0,0.0,,,,,Section 122,30
9903.02.19,ALL,Germany,0,0.0,,,,,Section 122,30
9903.02.19,ALL,Greece,0,0.0,,,,,Section 122,30
9903.02.19,ALL,Hungary,0,0.0,,,,,Section 122,30
9903.02.19,ALL,Ireland,0,0.0,,,,,Section 122,30
9903.02.19,ALL,Italy,0,0.0,,,,,Section 122,30
9903.02.19,ALL,Latvia,0,0.0,,,,,Section 122,30
9903.02.19,ALL,Lithuania,0,0.0,,,,,Section 122,30
9903.02.19,ALL,Luxembourg,0,0.0,,,,,Section 122,30
9903.02.19,ALL,Malta,0,0.0,,,,,Section 122,30
9903.02.19,ALL,Netherlands,0,0.0,,,,,Section 122,30
9903.02.19,ALL,Poland,0,0.0,,,,,Section 122,30
9903.02.19,ALL,Portugal,0,0.0,,,,,Section 122,30
9903.02.19,ALL,Romania,0,0.0,,,,,Section 122,30
9903.02.19,ALL,Slovakia,0,0.0,,,,,Section 122,30
9903.02.19,ALL,Slovenia,0,0.0,,,,,Section 122,30
9903.02.19,ALL,Spain,0,0.0,,,,,Section 122,30
9903.02.19,ALL,Sweden,0,0.0,,,,,Section 122,30
9903.02.20,ALL,Austria,0.15,0.15,,,,,Section 122,30
9903.02.20,ALL,Belgium,0.15,0.15,,,,,Section 122,30
9903.02.20,ALL,Bulgaria,0.15,0.15,,,,,Section 122,30
9903.02.20,ALL,Croatia,0.15,0.15,,,,,Section 122,30
9903.02.20,ALL,Cyprus,0.15,0.15,,,,,Section 122,30
9903.02.20,ALL,Czech Republic,0.15,0.15,,,,,Section 122,30
9903.02.20,ALL,Denmark,0.15,0.15,,,,,Section 122,30
9903.02.20,ALL,Estonia,0.15,0.15,,,,,Section 122,30
9903.02.20,ALL,Finland,0.15,0.15,,,,,Section 122,30
9903.02.20,ALL,France,0.15,0.15,,,,,Section 122,30
9903.02.20,ALL,Germany,0.15,0.15,,,,,Section 122,30
9903.02.20,ALL,Greece,0.15,0.15,,,,,Section 122,30
9903.02.20,ALL,Hungary,0.15,0.15,,,,,Section 122,30
9903.02.20,ALL,Ireland,0.15,0.15,,,,,Section 122,30
9903.02.20,ALL,Italy,0.15,0.15,,,,,Section 122,30
9903.02.20,ALL,Latvia,0.15,0.15,,,,,Section 122,30
9903.02.20,ALL,Lithuania,0.15,0.15,,,,,Section 122,30
9903.02.20,ALL,Luxembourg,0.15,0.15,,,,,Section 122,30
9903.02.20,ALL,Malta,0.15,0.15,,,,,Section 122,30
9903.02.20,ALL,Netherlands,0.15,0.15,,,,,Section 122,30
9903.02.20,ALL,Poland,0.15,0.15,,,,,Section 122,30
9903.02.20,ALL,Portugal,0.15,0.15,,,,,Section 122,30
9903.02.20,ALL,Romania,0.15,0.15,,,,,Section 122,30
9903.02.20,ALL,Slovakia,0.15,0.15,,,,,Section 122,30
9903.02.20,ALL,Slovenia,0.15,0.15,,,,,Section 122,30
9903.02.20,ALL,Spain,0.15,0.15,,,,,Section 122,30
9903.02.20,ALL,Sweden,0.15,0.15,,,,,Section 122,30
9903.02.21,ALL,Falkland Islands,Base Rate,,,0.1,,,Section 122,30
9903.02.22,ALL,Fiji,Base Rate,,,0.15,,,Section 122,30
9903.02.23,ALL,Ghana,Base Rate,,,0.15,,,Section 122,30
9903.02.24,ALL,Guyana,Base Rate,,,0.15,,,Section 122,30
9903.02.25,ALL,Iceland,Base Rate,,,0.15,,,Section 122,30
9903.02.26,ALL,India,Base Rate,,,0.25,,,Section 122,30
9903.02.27,ALL,Indonesia,Base Rate,,,0.19,,,Section 122,30
9903.02.28,ALL,Iraq,Base Rate,,,0.35,,,Section 122,30
9903.02.29,ALL,Israel,Base Rate,,,0.15,,,Section 122,30
9903.02.30,ALL,Japan,Base Rate,,,0.15,,,Section 122,30
9903.02.31,ALL,Jordan,Base Rate,,,0.15,,,Section 122,30
9903.02.32,ALL,Kazakhstan,Base Rate,,,0.25,,,Section 122,30
9903.02.33,ALL,Laos,Base Rate,,,0.4,,,Section 122,30
9903.02.34,ALL,Lesotho,Base Rate,,,0.15,,,Section 122,30
9903.02.35,ALL,Libya,Base Rate,,,0.3,,,Section 122,30
9903.02.36,ALL,Liechtenstein,Base Rate,,,0.15,,,Section 122,30
9903.02.37,ALL,Madagascar,Base Rate,,,0.15,,,Section 122,30
9903.02.38,ALL,Malawi,Base Rate,,,0.15,,,Section 122,30
9903.02.39,ALL,Malaysia,Base Rate,,,0.19,,,Section 122,30
9903.02.40,ALL,Mauritius,Base Rate,,,0.15,,,Section 122,30
9903.02.41,ALL,Moldova,Base Rate,,,0.25,,,Section 122,30
9903.02.42,ALL,Mozambique,Base Rate,,,0.15,,,Section 122,30
9903.02.43,ALL,Myanmar,Base Rate,,,0.4,,,Section 122,30
9903.02.44,ALL,Namibia,Base Rate,,,0.15,,,Section 122,30
9903.02.45,ALL,Nauru,Base Rate,,,0.15,,,Section 122,30
9903.02.46,ALL,New Zealand,Base Rate,,,0.15,,,Section 122,30
9903.02.47,ALL,Nicaragua,Base Rate,,,0.18,,,Section 122,30
9903.02.48,ALL,Nigeria,Base Rate,,,0.15,,,Section 122,30
9903.02.49,ALL,North Macedonia,Base Rate,,,0.15,,,Section 122,30
9903.02.50,ALL,Norway,Base Rate,,,0.15,,,Section 122,30
9903.02.51,ALL,Pakistan,Base Rate,,,1.9,,,Section 122,30
9903.02.52,ALL,Papua New Guinea,Base Rate,,,0.15,,,Section 122,30
9903.02.53,ALL,Philippines,Base Rate,,,0.19,,,Section 122,30
9903.02.54,ALL,Serbia,Base Rate,,,0.35,,,Section 122,30
9903.02.55,ALL,South Africa,Base Rate,,,0.3,,,Section 122,30
9903.02.57,ALL,Sri Lanka,Base Rate,,,0.2,,,Section 122,30
9903.02.59,ALL,Syria,Base Rate,,,0.41,,,Section 122,30
9903.02.60,ALL,Taiwan,Base Rate,,,0.2,,,Section 122,30
9903.02.61,ALL,Thailand,Base Rate,,,0.19,,,Section 122,30
9903.02.62,ALL,Trinidad and Tobago,Base Rate,,,0.15,,,Section 122,30
9903.02.63,ALL,Tunisia,Base Rate,,,0.25,,,Section 122,30
9903.02.64,ALL,Turkey,Base Rate,,,0.15,,,Section 122,30
9903.02.65,ALL,Uganda,Base Rate,,,0.15,,,Section 122,30
9903.02.66,ALL,United Kingdom,Base Rate,,,0.1,,,Section 122,30
9903.02.67,ALL,Vanuatu,Base Rate,,,0.15,,,Section 122,30
9903.02.68,ALL,Venezuela,Base Rate,,,0.15,,,Section 122,30
9903.02.69,ALL,Vietnam,Base Rate,,,0.2,,,Section 122,30
9903.02.70,ALL,Zambia,Base Rate,,,0.15,,,Section 122,30
9903.02.71,ALL,Zimbabwe,Base Rate,,,0.15,,,Section 122,30
9903.02.72,ALL,Japan,Base Rate,,,,,,Section 122,30
9903.02.73,ALL,Japan,15 (Floor),15.0,Floor,,,,Section 122,30
9903.02.78,SEE NOTE 2,Global,Base Rate,,,,,,Exclusion,40
9903.02.79,SEE NOTE 2,South Korea,Base Rate,,,,,,Exclusion,30
9903.02.80,SEE NOTE 2,South Korea,15 (Floor),15.0,Floor,,,,Section 122,30
9903.02.81,SEE NOTE 2,South Korea,Base Rate,,,,,,Exclusion,30
9903.02.82,SEE NOTE 2,Switzerland,Base Rate,,,,,,Exclusion,30
9903.02.83,SEE NOTE 2,Switzerland,15 (Floor),15.0,Floor,,,,Section 122,30
9903.02.84,SEE NOTE 2,Switzerland,Base Rate,,,,,,Exclusion,30
9903.02.85,SEE NOTE 2,Switzerland,Base Rate,,,,,,Exclusion,30
9903.02.86,SEE NOTE 2,Switzerland,Base Rate,,,,,,Exclusion,30
9903.02.87,SEE NOTE 2,Liechtenstein,Base Rate,,,,,,Exclusion,30
9903.02.88,SEE NOTE 2,Liechtenstein,15 (Floor),15.0,Floor,,,,Section 122,30
9903.02.89,SEE NOTE 2,Liechtenstein,Base Rate,,,,,,Exclusion,30
9903.02.90,SEE NOTE 2,Liechtenstein,Base Rate,,,,,,Exclusion,30
9903.02.91,SEE NOTE 2,Liechtenstein,Base Rate,,,,,,Exclusion,30
9903.03.01,ALL,Global,0.1,0.1,,,,,Section 122,40
9903.03.02,ALL,Global,Base Rate,,,,,,Section 122,40
9903.03.03,SEE NOTE 2,Global,Base Rate,,,,,,Section 122,40
9903.03.04,SEE NOTE 2,Global,Base Rate,,,,,,Section 122,40
9903.03.05,SEE NOTE 2,Global,Base Rate,,,,,,Section 122,40
9903.03.06,SEE NOTE 2,Global,Base Rate,,,,,,Section 122,40
9903.03.07,ALL,Canada,Base Rate,,,,,,Section 122,30
9903.03.08,ALL,Mexico,Base Rate,,,,,,Section 122,30
9903.03.09,ALL,Costa Rica,Base Rate,,,,,,Section 122,30
9903.03.09,ALL,Dominican Republic,Base Rate,,,,,,Section 122,30
9903.03.09,ALL,El Salvador,Base Rate,,,,,,Section 122,30
9903.03.09,ALL,Guatemala,Base Rate,,,,,,Section 122,30
9903.03.09,ALL,Honduras,Base Rate,,,,,,Section 122,30
9903.03.09,ALL,Nicaragua,Base Rate,,,,,,Section 122,30
9903.04.05,0406.40.44,Austria,Base Rate,,,2.0,,,Trade Dispute,10
9903.04.05,0406.40.44,Belgium,Base Rate,,,2.0,,,Trade Dispute,10
9903.04.05,0406.40.44,Bulgaria,Base Rate,,,2.0,,,Trade Dispute,10
9903.04.05,0406.40.44,Croatia,Base Rate,,,2.0,,,Trade Dispute,10
9903.04.05,0406.40.44,Cyprus,Base Rate,,,2.0,,,Trade Dispute,10
9903.04.05,0406.40.44,Czech Republic,Base Rate,,,2.0,,,Trade Dispute,10
9903.04.05,0406.40.44,Denmark,Base Rate,,,2.0,,,Trade Dispute,10
9903.04.05,0406.40.44,Estonia,Base Rate,,,2.0,,,Trade Dispute,10
9903.04.05,0406.40.44,Finland,Base Rate,,,2.0,,,Trade Dispute,10
9903.04.05,0406.40.44,France,Base Rate,,,2.0,,,Trade Dispute,10
9903.04.05,0406.40.44,Germany,Base Rate,,,2.0,,,Trade Dispute,10
9903.04.05,0406.40.44,Greece,Base Rate,,,2.0,,,Trade Dispute,10
9903.04.05,0406.40.44,Hungary,Base Rate,,,2.0,,,Trade Dispute,10
9903.04.05,0406.40.44,Ireland,Base Rate,,,2.0,,,Trade Dispute,10
9903.04.05,0406.40.44,Italy,Base Rate,,,2.0,,,Trade Dispute,10
9903.04.05,0406.40.44,Latvia,Base Rate,,,2.0,,,Trade Dispute,10
9903.04.05,0406.40.44,Lithuania,Base Rate,,,2.0,,,Trade Dispute,10
9903.04.05,0406.40.44,Luxembourg,Base Rate,,,2.0,,,Trade Dispute,10
9903.04.05,0406.40.44,Malta,Base Rate,,,2.0,,,Trade Dispute,10
9903.04.05,0406.40.44,Netherlands,Base Rate,,,2.0,,,Trade Dispute,10
9903.04.05,0406.40.44,Poland,Base Rate,,,2.0,,,Trade Dispute,10
9903.04.05,0406.40.44,Portugal,Base Rate,,,2.0,,,Trade Dispute,10
9903.04.05,0406.40.44,Romania,Base Rate,,,2.0,,,Trade Dispute,10
9903.04.05,0406.40.44,Slovakia,Base Rate,,,2.0,,,Trade Dispute,10
9903.04.05,0406.40.44,Slovenia,Base Rate,,,2.0,,,Trade Dispute,10
9903.04.05,0406.40.44,Spain,Base Rate,,,2.0,,,Trade Dispute,10
9903.04.05,0406.40.44,Sweden,Base Rate,,,2.0,,,Trade Dispute,10
9903.04.05,0406.40.54,Austria,Base Rate,,,2.0,,,Trade Dispute,10
9903.04.05,0406.40.54,Belgium,Base Rate,,,2.0,,,Trade Dispute,10
9903.04.05,0406.40.54,Bulgaria,Base Rate,,,2.0,,,Trade Dispute,10
9903.04.05,0406.40.54,Croatia,Base Rate,,,2.0,,,Trade Dispute,10
9903.04.05,0406.40.54,Cyprus,Base Rate,,,2.0,,,Trade Dispute,10
9903.04.05,0406.40.54,Czech Republic,Base Rate,,,2.0,,,Trade Dispute,10
9903.04.05,0406.40.54,Denmark,Base Rate,,,2.0,,,Trade Dispute,10
9903.04.05,0406.40.54,Estonia,Base Rate,,,2.0,,,Trade Dispute,10
9903.04.05,0406.40.54,Finland,Base Rate,,,2.0,,,Trade Dispute,10
9903.04.05,0406.40.54,France,Base Rate,,,2.0,,,Trade Dispute,10
9903.04.05,0406.40.54,Germany,Base Rate,,,2.0,,,Trade Dispute,10
9903.04.05,0406.40.54,Greece,Base Rate,,,2.0,,,Trade Dispute,10
9903.04.05,0406.40.54,Hungary,Base Rate,,,2.0,,,Trade Dispute,10
9903.04.05,0406.40.54,Ireland,Base Rate,,,2.0,,,Trade Dispute,10
9903.04.05,0406.40.54,Italy,Base Rate,,,2.0,,,Trade Dispute,10
9903.04.05,0406.40.54,Latvia,Base Rate,,,2.0,,,Trade Dispute,10
9903.04.05,0406.40.54,Lithuania,Base Rate,,,2.0,,,Trade Dispute,10
9903.04.05,0406.40.54,Luxembourg,Base Rate,,,2.0,,,Trade Dispute,10
9903.04.05,0406.40.54,Malta,Base Rate,,,2.0,,,Trade Dispute,10
9903.04.05,0406.40.54,Netherlands,Base Rate,,,2.0,,,Trade Dispute,10
9903.04.05,0406.40.54,Poland,Base Rate,,,2.0,,,Trade Dispute,10
9903.04.05,0406.40.54,Portugal,Base Rate,,,2.0,,,Trade Dispute,10
9903.04.05,0406.40.54,Romania,Base Rate,,,2.0,,,Trade Dispute,10
9903.04.05,0406.40.54,Slovakia,Base Rate,,,2.0,,,Trade Dispute,10
9903.04.05,0406.40.54,Slovenia,Base Rate,,,2.0,,,Trade Dispute,10
9903.04.05,0406.40.54,Spain,Base Rate,,,2.0,,,Trade Dispute,10
9903.04.05,0406.40.54,Sweden,Base Rate,,,2.0,,,Trade Dispute,10
9903.04.05,0406.40.70,Austria,Base Rate,,,2.0,,,Trade Dispute,10
9903.04.05,0406.40.70,Belgium,Base Rate,,,2.0,,,Trade Dispute,10
9903.04.05,0406.40.70,Bulgaria,Base Rate,,,2.0,,,Trade Dispute,10
9903.04.05,0406.40.70,Croatia,Base Rate,,,2.0,,,Trade Dispute,10
9903.04.05,0406.40.70,Cyprus,Base Rate,,,2.0,,,Trade Dispute,10
9903.04.05,0406.40.70,Czech Republic,Base Rate,,,2.0,,,Trade Dispute,10
9903.04.05,0406.40.70,Denmark,Base Rate,,,2.0,,,Trade Dispute,10
9903.04.05,0406.40.70,Estonia,Base Rate,,,2.0,,,Trade Dispute,10
9903.04.05,0406.40.70,Finland,Base Rate,,,2.0,,,Trade Dispute,10
9903.04.05,0406.40.70,France,Base Rate,,,2.0,,,Trade Dispute,10
9903.04.05,0406.40.70,Germany,Base Rate,,,2.0,,,Trade Dispute,10
9903.04.05,0406.40.70,Greece,Base Rate,,,2.0,,,Trade Dispute,10
9903.04.05,0406.40.70,Hungary,Base Rate,,,2.0,,,Trade Dispute,10
9903.04.05,0406.40.70,Ireland,Base Rate,,,2.0,,,Trade Dispute,10
9903.04.05,0406.40.70,Italy,Base Rate,,,2.0,,,Trade Dispute,10
9903.04.05,0406.40.70,Latvia,Base Rate,,,2.0,,,Trade Dispute,10
9903.04.05,0406.40.70,Lithuania,Base Rate,,,2.0,,,Trade Dispute,10
9903.04.05,0406.40.70,Luxembourg,Base Rate,,,2.0,,,Trade Dispute,10
9903.04.05,0406.40.70,Malta,Base Rate,,,2.0,,,Trade Dispute,10
9903.04.05,0406.40.70,Netherlands,Base Rate,,,2.0,,,Trade Dispute,10
9903.04.05,0406.40.70,Poland,Base Rate,,,2.0,,,Trade Dispute,10
9903.04.05,0406.40.70,Portugal,Base Rate,,,2.0,,,Trade Dispute,10
9903.04.05,0406.40.70,Romania,Base Rate,,,2.0,,,Trade Dispute,10
9903.04.05,0406.40.70,Slovakia,Base Rate,,,2.0,,,Trade Dispute,10
9903.04.05,0406.40.70,Slovenia,Base Rate,,,2.0,,,Trade Dispute,10
9903.04.05,0406.40.70,Spain,Base Rate,,,2.0,,,Trade Dispute,10
9903.04.05,0406.40.70,Sweden,Base Rate,,,2.0,,,Trade Dispute,10
9903.04.10,0406.20.15,Austria,Base Rate,,,2.0,,,Trade Dispute,10
9903.04.10,0406.20.15,Belgium,Base Rate,,,2.0,,,Trade Dispute,10
9903.04.10,0406.20.15,Bulgaria,Base Rate,,,2.0,,,Trade Dispute,10
9903.04.10,0406.20.15,Croatia,Base Rate,,,2.0,,,Trade Dispute,10
9903.04.10,0406.20.15,Cyprus,Base Rate,,,2.0,,,Trade Dispute,10
9903.04.10,0406.20.15,Czech Republic,Base Rate,,,2.0,,,Trade Dispute,10
9903.04.10,0406.20.15,Denmark,Base Rate,,,2.0,,,Trade Dispute,10
9903.04.10,0406.20.15,Estonia,Base Rate,,,2.0,,,Trade Dispute,10
9903.04.10,0406.20.15,Finland,Base Rate,,,2.0,,,Trade Dispute,10
9903.04.10,0406.20.15,France,Base Rate,,,2.0,,,Trade Dispute,10
9903.04.10,0406.20.15,Germany,Base Rate,,,2.0,,,Trade Dispute,10
9903.04.10,0406.20.15,Greece,Base Rate,,,2.0,,,Trade Dispute,10
9903.04.10,0406.20.15,Hungary,Base Rate,,,2.0,,,Trade Dispute,10
9903.04.10,0406.20.15,Ireland,Base Rate,,,2.0,,,Trade Dispute,10
9903.04.10,0406.20.15,Italy,Base Rate,,,2.0,,,Trade Dispute,10
9903.04.10,0406.20.15,Latvia,Base Rate,,,2.0,,,Trade Dispute,10
9903.04.10,0406.20.15,Lithuania,Base Rate,,,2.0,,,Trade Dispute,10
9903.04.10,0406.20.15,Luxembourg,Base Rate,,,2.0,,,Trade Dispute,10
9903.04.10,0406.20.15,Malta,Base Rate,,,2.0,,,Trade Dispute,10
9903.04.10,0406.20.15,Netherlands,Base Rate,,,2.0,,,Trade Dispute,10
9903.04.10,0406.20.15,Poland,Base Rate,,,2.0,,,Trade Dispute,10
9903.04.10,0406.20.15,Portugal,Base Rate,,,2.0,,,Trade Dispute,10
9903.04.10,0406.20.15,Romania,Base Rate,,,2.0,,,Trade Dispute,10
9903.04.10,0406.20.15,Slovakia,Base Rate,,,2.0,,,Trade Dispute,10
9903.04.10,0406.20.15,Slovenia,Base Rate,,,2.0,,,Trade Dispute,10
9903.04.10,0406.20.15,Spain,Base Rate,,,2.0,,,Trade Dispute,10
9903.04.10,0406.20.15,Sweden,Base Rate,,,2.0,,,Trade Dispute,10
9903.04.10,0406.20.24,Austria,Base Rate,,,2.0,,,Trade Dispute,10
9903.04.10,0406.20.24,Belgium,Base Rate,,,2.0,,,Trade Dispute,10
9903.04.10,0406.20.24,Bulgaria,Base Rate,,,2.0,,,Trade Dispute,10
9903.04.10,0406.20.24,Croatia,Base Rate,,,2.0,,,Trade Dispute,10
9903.04.10,0406.20.24,Cyprus,Base Rate,,,2.0,,,Trade Dispute,10
9903.04.10,0406.20.24,Czech Republic,Base Rate,,,2.0,,,Trade Dispute,10
9903.04.10,0406.20.24,Denmark,Base Rate,,,2.0,,,Trade Dispute,10
9903.04.10,0406.20.24,Estonia,Base Rate,,,2.0,,,Trade Dispute,10
9903.04.10,0406.20.24,Finland,Base Rate,,,2.0,,,Trade Dispute,10
9903.04.10,0406.20.24,France,Base Rate,,,2.0,,,Trade Dispute,10
9903.04.10,0406.20.24,Germany,Base Rate,,,2.0,,,Trade Dispute,10
9903.04.10,0406.20.24,Greece,Base Rate,,,2.0,,,Trade Dispute,10
9903.04.10,0406.20.24,Hungary,Base Rate,,,2.0,,,Trade Dispute,10
9903.04.10,0406.20.24,Ireland,Base Rate,,,2.0,,,Trade Dispute,10
9903.04.10,0406.20.24,Italy,Base Rate,,,2.0,,,Trade Dispute,10
9903.04.10,0406.20.24,Latvia,Base Rate,,,2.0,,,Trade Dispute,10
9903.04.10,0406.20.24,Lithuania,Base Rate,,,2.0,,,Trade Dispute,10
9903.04.10,0406.20.24,Luxembourg,Base Rate,,,2.0,,,Trade Dispute,10
9903.04.10,0406.20.24,Malta,Base Rate,,,2.0,,,Trade Dispute,10
9903.04.10,0406.20.24,Netherlands,Base Rate,,,2.0,,,Trade Dispute,10
9903.04.10,0406.20.24,Poland,Base Rate,,,2.0,,,Trade Dispute,10
9903.04.10,0406.20.24,Portugal,Base Rate,,,2.0,,,Trade Dispute,10
9903.04.10,0406.20.24,Romania,Base Rate,,,2.0,,,Trade Dispute,10
9903.04.10,0406.20.24,Slovakia,Base Rate,,,2.0,,,Trade Dispute,10
9903.04.10,0406.20.24,Slovenia,Base Rate,,,2.0,,,Trade Dispute,10
9903.04.10,0406.20.24,Spain,Base Rate,,,2.0,,,Trade Dispute,10
9903.04.10,0406.20.24,Sweden,Base Rate,,,2.0,,,Trade Dispute,10
9903.04.10,0406.20.28,Austria,Base Rate,,,2.0,,,Trade Dispute,10
9903.04.10,0406.20.28,Belgium,Base Rate,,,2.0,,,Trade Dispute,10
9903.04.10,0406.20.28,Bulgaria,Base Rate,,,2.0,,,Trade Dispute,10
9903.04.10,0406.20.28,Croatia,Base Rate,,,2.0,,,Trade Dispute,10
9903.04.10,0406.20.28,Cyprus,Base Rate,,,2.0,,,Trade Dispute,10
9903.04.10,0406.20.28,Czech Republic,Base Rate,,,2.0,,,Trade Dispute,10
9903.04.10,0406.20.28,Denmark,Base Rate,,,2.0,,,Trade Dispute,10
9903.04.10,0406.20.28,Estonia,Base Rate,,,2.0,,,Trade Dispute,10
9903.04.10,0406.20.28,Finland,Base Rate,,,2.0,,,Trade Dispute,10
9903.04.10,0406.20.28,France,Base Rate,,,2.0,,,Trade Dispute,10
9903.04.10,0406.20.28,Germany,Base Rate,,,2.0,,,Trade Dispute,10
9903.04.10,0406.20.28,Greece,Base Rate,,,2.0,,,Trade Dispute,10
9903.04.10,0406.20.28,Hungary,Base Rate,,,2.0,,,Trade Dispute,10
9903.04.10,0406.20.28,Ireland,Base Rate,,,2.0,,,Trade Dispute,10
9903.04.10,0406.20.28,Italy,Base Rate,,,2.0,,,Trade Dispute,10
9903.04.10,0406.20.28,Latvia,Base Rate,,,2.0,,,Trade Dispute,10
9903.04.10,0406.20.28,Lithuania,Base Rate,,,2.0,,,Trade Dispute,10
9903.04.10,0406.20.28,Luxembourg,Base Rate,,,2.0,,,Trade Dispute,10
9903.04.10,0406.20.28,Malta,Base Rate,,,2.0,,,Trade Dispute,10
9903.04.10,0406.20.28,Netherlands,Base Rate,,,2.0,,,Trade Dispute,10
9903.04.10,0406.20.28,Poland,Base Rate,,,2.0,,,Trade Dispute,10
9903.04.10,0406.20.28,Portugal,Base Rate,,,2.0,,,Trade Dispute,10
9903.04.10,0406.20.28,Romania,Base Rate,,,2.0,,,Trade Dispute,10
9903.04.10,0406.20.28,Slovakia,Base Rate,,,2.0,,,Trade Dispute,10
9903.04.10,0406.20.28,Slovenia,Base Rate,,,2.0,,,Trade Dispute,10
9903.04.10,0406.20.28,Spain,Base Rate,,,2.0,,,Trade Dispute,10
9903.04.10,0406.20.28,Sweden,Base Rate,,,2.0,,,Trade Dispute,10
9903.04.10,0406.30.05,Austria,Base Rate,,,2.0,,,Trade Dispute,10
9903.04.10,0406.30.05,Belgium,Base Rate,,,2.0,,,Trade Dispute,10
9903.04.10,0406.30.05,Bulgaria,Base Rate,,,2.0,,,Trade Dispute,10
9903.04.10,0406.30.05,Croatia,Base Rate,,,2.0,,,Trade Dispute,10
9903.04.10,0406.30.05,Cyprus,Base Rate,,,2.0,,,Trade Dispute,10
9903.04.10,0406.30.05,Czech Republic,Base Rate,,,2.0,,,Trade Dispute,10
9903.04.10,0406.30.05,Denmark,Base Rate,,,2.0,,,Trade Dispute,10
9903.04.10,0406.30.05,Estonia,Base Rate,,,2.0,,,Trade Dispute,10
9903.04.10,0406.30.05,Finland,Base Rate,,,2.0,,,Trade Dispute,10
9903.04.10,0406.30.05,France,Base Rate,,,2.0,,,Trade Dispute,10
9903.04.10,0406.30.05,Germany,Base Rate,,,2.0,,,Trade Dispute,10
9903.04.10,0406.30.05,Greece,Base Rate,,,2.0,,,Trade Dispute,10
9903.04.10,0406.30.05,Hungary,Base Rate,,,2.0,,,Trade Dispute,10
9903.04.10,0406.30.05,Ireland,Base Rate,,,2.0,,,Trade Dispute,10
9903.04.10,0406.30.05,Italy,Base Rate,,,2.0,,,Trade Dispute,10
9903.04.10,0406.30.05,Latvia,Base Rate,,,2.0,,,Trade Dispute,10
9903.04.10,0406.30.05,Lithuania,Base Rate,,,2.0,,,Trade Dispute,10
9903.04.10,0406.30.05,Luxembourg,Base Rate,,,2.0,,,Trade Dispute,10
9903.04.10,0406.30.05,Malta,Base Rate,,,2.0,,,Trade Dispute,10
9903.04.10,0406.30.05,Netherlands,Base Rate,,,2.0,,,Trade Dispute,10
9903.04.10,0406.30.05,Poland,Base Rate,,,2.0,,,Trade Dispute,10
9903.04.10,0406.30.05,Portugal,Base Rate,,,2.0,,,Trade Dispute,10
9903.04.10,0406.30.05,Romania,Base Rate,,,2.0,,,Trade Dispute,10
9903.04.10,0406.30.05,Slovakia,Base Rate,,,2.0,,,Trade Dispute,10
9903.04.10,0406.30.05,Slovenia,Base Rate,,,2.0,,,Trade Dispute,10
9903.04.10,0406.30.05,Spain,Base Rate,,,2.0,,,Trade Dispute,10
9903.04.10,0406.30.05,Sweden,Base Rate,,,2.0,,,Trade Dispute,10
9903.04.10,0406.30.14,Austria,Base Rate,,,2.0,,,Trade Dispute,10
9903.04.10,0406.30.14,Belgium,Base Rate,,,2.0,,,Trade Dispute,10
9903.04.10,0406.30.14,Bulgaria,Base Rate,,,2.0,,,Trade Dispute,10
9903.04.10,0406.30.14,Croatia,Base Rate,,,2.0,,,Trade Dispute,10
9903.04.10,0406.30.14,Cyprus,Base Rate,,,2.0,,,Trade Dispute,10
9903.04.10,0406.30.14,Czech Republic,Base Rate,,,2.0,,,Trade Dispute,10
9903.04.10,0406.30.14,Denmark,Base Rate,,,2.0,,,Trade Dispute,10
9903.04.10,0406.30.14,Estonia,Base Rate,,,2.0,,,Trade Dispute,10
9903.04.10,0406.30.14,Finland,Base Rate,,,2.0,,,Trade Dispute,10
9903.04.10,0406.30.14,France,Base Rate,,,2.0,,,Trade Dispute,10
9903.04.10,0406.30.14,Germany,Base Rate,,,2.0,,,Trade Dispute,10
9903.04.10,0406.30.14,Greece,Base Rate,,,2.0,,,Trade Dispute,10
9903.04.10,0406.30.14,Hungary,Base Rate,,,2.0,,,Trade Dispute,10
9903.04.10,0406.30.14,Ireland,Base Rate,,,2.0,,,Trade Dispute,10
9903.04.10,0406.30.14,Italy,Base Rate,,,2.0,,,Trade Dispute,10
9903.04.10,0406.30.14,Latvia,Base Rate,,,2.0,,,Trade Dispute,10
9903.04.10,0406.30.14,Lithuania,Base Rate,,,2.0,,,Trade Dispute,10
9903.04.10,0406.30.14,Luxembourg,Base Rate,,,2.0,,,Trade Dispute,10
9903.04.10,0406.30.14,Malta,Base Rate,,,2.0,,,Trade Dispute,10
9903.04.10,0406.30.14,Netherlands,Base Rate,,,2.0,,,Trade Dispute,10
9903.04.10,0406.30.14,Poland,Base Rate,,,2.0,,,Trade Dispute,10
9903.04.10,0406.30.14,Portugal,Base Rate,,,2.0,,,Trade Dispute,10
9903.04.10,0406.30.14,Romania,Base Rate,,,2.0,,,Trade Dispute,10
9903.04.10,0406.30.14,Slovakia,Base Rate,,,2.0,,,Trade Dispute,10
9903.04.10,0406.30.14,Slovenia,Base Rate,,,2.0,,,Trade Dispute,10
9903.04.10,0406.30.14,Spain,Base Rate,,,2.0,,,Trade Dispute,10
9903.04.10,0406.30.14,Sweden,Base Rate,,,2.0,,,Trade Dispute,10
9903.04.10,0406.30.18,Austria,Base Rate,,,2.0,,,Trade Dispute,10
9903.04.10,0406.30.18,Belgium,Base Rate,,,2.0,,,Trade Dispute,10
9903.04.10,0406.30.18,Bulgaria,Base Rate,,,2.0,,,Trade Dispute,10
9903.04.10,0406.30.18,Croatia,Base Rate,,,2.0,,,Trade Dispute,10
9903.04.10,0406.30.18,Cyprus,Base Rate,,,2.0,,,Trade Dispute,10
9903.04.10,0406.30.18,Czech Republic,Base Rate,,,2.0,,,Trade Dispute,10
9903.04.10,0406.30.18,Denmark,Base Rate,,,2.0,,,Trade Dispute,10
9903.04.10,0406.30.18,Estonia,Base Rate,,,2.0,,,Trade Dispute,10
9903.04.10,0406.30.18,Finland,Base Rate,,,2.0,,,Trade Dispute,10
9903.04.10,0406.30.18,France,Base Rate,,,2.0,,,Trade Dispute,10
9903.04.10,0406.30.18,Germany,Base Rate,,,2.0,,,Trade Dispute,10
9903.04.10,0406.30.18,Greece,Base Rate,,,2.0,,,Trade Dispute,10
9903.04.10,0406.30.18,Hungary,Base Rate,,,2.0,,,Trade Dispute,10
9903.04.10,0406.30.18,Ireland,Base Rate,,,2.0,,,Trade Dispute,10
9903.04.10,0406.30.18,Italy,Base Rate,,,2.0,,,Trade Dispute,10
9903.04.10,0406.30.18,Latvia,Base Rate,,,2.0,,,Trade Dispute,10
9903.04.10,0406.30.18,Lithuania,Base Rate,,,2.0,,,Trade Dispute,10
9903.04.10,0406.30.18,Luxembourg,Base Rate,,,2.0,,,Trade Dispute,10
9903.04.10,0406.30.18,Malta,Base Rate,,,2.0,,,Trade Dispute,10
9903.04.10,0406.30.18,Netherlands,Base Rate,,,2.0,,,Trade Dispute,10
9903.04.10,0406.30.18,Poland,Base Rate,,,2.0,,,Trade Dispute,10
9903.04.10,0406.30.18,Portugal,Base Rate,,,2.0,,,Trade Dispute,10
9903.04.10,0406.30.18,Romania,Base Rate,,,2.0,,,Trade Dispute,10
9903.04.10,0406.30.18,Slovakia,Base Rate,,,2.0,,,Trade Dispute,10
9903.04.10,0406.30.18,Slovenia,Base Rate,,,2.0,,,Trade Dispute,10
9903.04.10,0406.30.18,Spain,Base Rate,,,2.0,,,Trade Dispute,10
9903.04.10,0406.30.18,Sweden,Base Rate,,,2.0,,,Trade Dispute,10
9903.04.10,0406.40.48,Austria,Base Rate,,,2.0,,,Trade Dispute,10
9903.04.10,0406.40.48,Belgium,Base Rate,,,2.0,,,Trade Dispute,10
9903.04.10,0406.40.48,Bulgaria,Base Rate,,,2.0,,,Trade Dispute,10
9903.04.10,0406.40.48,Croatia,Base Rate,,,2.0,,,Trade Dispute,10
9903.04.10,0406.40.48,Cyprus,Base Rate,,,2.0,,,Trade Dispute,10
9903.04.10,0406.40.48,Czech Republic,Base Rate,,,2.0,,,Trade Dispute,10
9903.04.10,0406.40.48,Denmark,Base Rate,,,2.0,,,Trade Dispute,10
9903.04.10,0406.40.48,Estonia,Base Rate,,,2.0,,,Trade Dispute,10
9903.04.10,0406.40.48,Finland,Base Rate,,,2.0,,,Trade Dispute,10
9903.04.10,0406.40.48,France,Base Rate,,,2.0,,,Trade Dispute,10
9903.04.10,0406.40.48,Germany,Base Rate,,,2.0,,,Trade Dispute,10
9903.04.10,0406.40.48,Greece,Base Rate,,,2.0,,,Trade Dispute,10
9903.04.10,0406.40.48,Hungary,Base Rate,,,2.0,,,Trade Dispute,10
9903.04.10,0406.40.48,Ireland,Base Rate,,,2.0,,,Trade Dispute,10
9903.04.10,0406.40.48,Italy,Base Rate,,,2.0,,,Trade Dispute,10
9903.04.10,0406.40.48,Latvia,Base Rate,,,2.0,,,Trade Dispute,10
9903.04.10,0406.40.48,Lithuania,Base Rate,,,2.0,,,Trade Dispute,10
9903.04.10,0406.40.48,Luxembourg,Base Rate,,,2.0,,,Trade Dispute,10
9903.04.10,0406.40.48,Malta,Base Rate,,,2.0,,,Trade Dispute,10
9903.04.10,0406.40.48,Netherlands,Base Rate,,,2.0,,,Trade Dispute,10
9903.04.10,0406.40.48,Poland,Base Rate,,,2.0,,,Trade Dispute,10
9903.04.10,0406.40.48,Portugal,Base Rate,,,2.0,,,Trade Dispute,10
9903.04.10,0406.40.48,Romania,Base Rate,,,2.0,,,Trade Dispute,10
9903.04.10,0406.40.48,Slovakia,Base Rate,,,2.0,,,Trade Dispute,10
9903.04.10,0406.40.48,Slovenia,Base Rate,,,2.0,,,Trade Dispute,10
9903.04.10,0406.40.48,Spain,Base Rate,,,2.0,,,Trade Dispute,10
9903.04.10,0406.40.48,Sweden,Base Rate,,,2.0,,,Trade Dispute,10
9903.04.10,0406.40.58,Austria,Base Rate,,,2.0,,,Trade Dispute,10
9903.04.10,0406.40.58,Belgium,Base Rate,,,2.0,,,Trade Dispute,10
9903.04.10,0406.40.58,Bulgaria,Base Rate,,,2.0,,,Trade Dispute,10
9903.04.10,0406.40.58,Croatia,Base Rate,,,2.0,,,Trade Dispute,10
9903.04.10,0406.40.58,Cyprus,Base Rate,,,2.0,,,Trade Dispute,10
9903.04.10,0406.40.58,Czech Republic,Base Rate,,,2.0,,,Trade Dispute,10
9903.04.10,0406.40.58,Denmark,Base Rate,,,2.0,,,Trade Dispute,10
9903.04.10,0406.40.58,Estonia,Base Rate,,,2.0,,,Trade Dispute,10
9903.04.10,0406.40.58,Finland,Base Rate,,,2.0,,,Trade Dispute,10
9903.04.10,0406.40.58,France,Base Rate,,,2.0,,,Trade Dispute,10
9903.04.10,0406.40.58,Germany,Base Rate,,,2.0,,,Trade Dispute,10
9903.04.10,0406.40.58,Greece,Base Rate,,,2.0,,,Trade Dispute,10
9903.04.10,0406.40.58,Hungary,Base Rate,,,2.0,,,Trade Dispute,10
9903.04.10,0406.40.58,Ireland,Base Rate,,,2.0,,,Trade Dispute,10
9903.04.10,0406.40.58,Italy,Base Rate,,,2.0,,,Trade Dispute,10
9903.04.10,0406.40.58,Latvia,Base Rate,,,2.0,,,Trade Dispute,10
9903.04.10,0406.40.58,Lithuania,Base Rate,,,2.0,,,Trade Dispute,10
9903.04.10,0406.40.58,Luxembourg,Base Rate,,,2.0,,,Trade Dispute,10
9903.04.10,0406.40.58,Malta,Base Rate,,,2.0,,,Trade Dispute,10
9903.04.10,0406.40.58,Netherlands,Base Rate,,,2.0,,,Trade Dispute,10
9903.04.10,0406.40.58,Poland,Base Rate,,,2.0,,,Trade Dispute,10
9903.04.10,0406.40.58,Portugal,Base Rate,,,2.0,,,Trade Dispute,10
9903.04.10,0406.40.58,Romania,Base Rate,,,2.0,,,Trade Dispute,10
9903.04.10,0406.40.58,Slovakia,Base Rate,,,2.0,,,Trade Dispute,10
9903.04.10,0406.40.58,Slovenia,Base Rate,,,2.0,,,Trade Dispute,10
9903.04.10,0406.40.58,Spain,Base Rate,,,2.0,,,Trade Dispute,10
9903.04.10,0406.40.58,Sweden,Base Rate,,,2.0,,,Trade Dispute,10
9903.04.10,0406.40.70,Austria,Base Rate,,,2.0,,,Trade Dispute,10
9903.04.10,0406.40.70,Belgium,Base Rate,,,2.0,,,Trade Dispute,10
9903.04.10,0406.40.70,Bulgaria,Base Rate,,,2.0,,,Trade Dispute,10
9903.04.10,0406.40.70,Croatia,Base Rate,,,2.0,,,Trade Dispute,10
9903.04.10,0406.40.70,Cyprus,Base Rate,,,2.0,,,Trade Dispute,10
9903.04.10,0406.40.70,Czech Republic,Base Rate,,,2.0,,,Trade Dispute,10
9903.04.10,0406.40.70,Denmark,Base Rate,,,2.0,,,Trade Dispute,10
9903.04.10,0406.40.70,Estonia,Base Rate,,,2.0,,,Trade Dispute,10
9903.04.10,0406.40.70,Finland,Base Rate,,,2.0,,,Trade Dispute,10
9903.04.10,0406.40.70,France,Base Rate,,,2.0,,,Trade Dispute,10
9903.04.10,0406.40.70,Germany,Base Rate,,,2.0,,,Trade Dispute,10
9903.04.10,0406.40.70,Greece,Base Rate,,,2.0,,,Trade Dispute,10
9903.04.10,0406.40.70,Hungary,Base Rate,,,2.0,,,Trade Dispute,10
9903.04.10,0406.40.70,Ireland,Base Rate,,,2.0,,,Trade Dispute,10
9903.04.10,0406.40.70,Italy,Base Rate,,,2.0,,,Trade Dispute,10
9903.04.10,0406.40.70,Latvia,Base Rate,,,2.0,,,Trade Dispute,10
9903.04.10,0406.40.70,Lithuania,Base Rate,,,2.0,,,Trade Dispute,10
9903.04.10,0406.40.70,Luxembourg,Base Rate,,,2.0,,,Trade Dispute,10
9903.04.10,0406.40.70,Malta,Base Rate,,,2.0,,,Trade Dispute,10
9903.04.10,0406.40.70,Netherlands,Base Rate,,,2.0,,,Trade Dispute,10
9903.04.10,0406.40.70,Poland,Base Rate,,,2.0,,,Trade Dispute,10
9903.04.10,0406.40.70,Portugal,Base Rate,,,2.0,,,Trade Dispute,10
9903.04.10,0406.40.70,Romania,Base Rate,,,2.0,,,Trade Dispute,10
9903.04.10,0406.40.70,Slovakia,Base Rate,,,2.0,,,Trade Dispute,10
9903.04.10,0406.40.70,Slovenia,Base Rate,,,2.0,,,Trade Dispute,10
9903.04.10,0406.40.70,Spain,Base Rate,,,2.0,,,Trade Dispute,10
9903.04.10,0406.40.70,Sweden,Base Rate,,,2.0,,,Trade Dispute,10
9903.04.15,0406.20.44,Austria,Base Rate,,,2.0,,,Trade Dispute,10
9903.04.15,0406.20.44,Belgium,Base Rate,,,2.0,,,Trade Dispute,10
9903.04.15,0406.20.44,Bulgaria,Base Rate,,,2.0,,,Trade Dispute,10
9903.04.15,0406.20.44,Croatia,Base Rate,,,2.0,,,Trade Dispute,10
9903.04.15,0406.20.44,Cyprus,Base Rate,,,2.0,,,Trade Dispute,10
9903.04.15,0406.20.44,Czech Republic,Base Rate,,,2.0,,,Trade Dispute,10
9903.04.15,0406.20.44,Denmark,Base Rate,,,2.0,,,Trade Dispute,10
9903.04.15,0406.20.44,Estonia,Base Rate,,,2.0,,,Trade Dispute,10
9903.04.15,0406.20.44,Finland,Base Rate,,,2.0,,,Trade Dispute,10
9903.04.15,0406.20.44,France,Base Rate,,,2.0,,,Trade Dispute,10
9903.04.15,0406.20.44,Germany,Base Rate,,,2.0,,,Trade Dispute,10
9903.04.15,0406.20.44,Greece,Base Rate,,,2.0,,,Trade Dispute,10
9903.04.15,0406.20.44,Hungary,Base Rate,,,2.0,,,Trade Dispute,10
9903.04.15,0406.20.44,Ireland,Base Rate,,,2.0,,,Trade Dispute,10
9903.04.15,0406.20.44,Italy,Base Rate,,,2.0,,,Trade Dispute,10
9903.04.15,0406.20.44,Latvia,Base Rate,,,2.0,,,Trade Dispute,10
9903.04.15,0406.20.44,Lithuania,Base Rate,,,2.0,,,Trade Dispute,10
9903.04.15,0406.20.44,Luxembourg,Base Rate,,,2.0,,,Trade Dispute,10
9903.04.15,0406.20.44,Malta,Base Rate,,,2.0,,,Trade Dispute,10
9903.04.15,0406.20.44,Netherlands,Base Rate,,,2.0,,,Trade Dispute,10
9903.04.15,0406.20.44,Poland,Base Rate,,,2.0,,,Trade Dispute,10
9903.04.15,0406.20.44,Portugal,Base Rate,,,2.0,,,Trade Dispute,10
9903.04.15,0406.20.44,Romania,Base Rate,,,2.0,,,Trade Dispute,10
9903.04.15,0406.20.44,Slovakia,Base Rate,,,2.0,,,Trade Dispute,10
9903.04.15,0406.20.44,Slovenia,Base Rate,,,2.0,,,Trade Dispute,10
9903.04.15,0406.20.44,Spain,Base Rate,,,2.0,,,Trade Dispute,10
9903.04.15,0406.20.44,Sweden,Base Rate,,,2.0,,,Trade Dispute,10
9903.04.15,0406.20.48,Austria,Base Rate,,,2.0,,,Trade Dispute,10
9903.04.15,0406.20.48,Belgium,Base Rate,,,2.0,,,Trade Dispute,10
9903.04.15,0406.20.48,Bulgaria,Base Rate,,,2.0,,,Trade Dispute,10
9903.04.15,0406.20.48,Croatia,Base Rate,,,2.0,,,Trade Dispute,10
9903.04.15,0406.20.48,Cyprus,Base Rate,,,2.0,,,Trade Dispute,10
9903.04.15,0406.20.48,Czech Republic,Base Rate,,,2.0,,,Trade Dispute,10
9903.04.15,0406.20.48,Denmark,Base Rate,,,2.0,,,Trade Dispute,10
9903.04.15,0406.20.48,Estonia,Base Rate,,,2.0,,,Trade Dispute,10
9903.04.15,0406.20.48,Finland,Base Rate,,,2.0,,,Trade Dispute,10
9903.04.15,0406.20.48,France,Base Rate,,,2.0,,,Trade Dispute,10
9903.04.15,0406.20.48,Germany,Base Rate,,,2.0,,,Trade Dispute,10
9903.04.15,0406.20.48,Greece,Base Rate,,,2.0,,,Trade Dispute,10
9903.04.15,0406.20.48,Hungary,Base Rate,,,2.0,,,Trade Dispute,10
9903.04.15,0406.20.48,Ireland,Base Rate,,,2.0,,,Trade Dispute,10
9903.04.15,0406.20.48,Italy,Base Rate,,,2.0,,,Trade Dispute,10
9903.04.15,0406.20.48,Latvia,Base Rate,,,2.0,,,Trade Dispute,10
9903.04.15,0406.20.48,Lithuania,Base Rate,,,2.0,,,Trade Dispute,10
9903.04.15,0406.20.48,Luxembourg,Base Rate,,,2.0,,,Trade Dispute,10
9903.04.15,0406.20.48,Malta,Base Rate,,,2.0,,,Trade Dispute,10
9903.04.15,0406.20.48,Netherlands,Base Rate,,,2.0,,,Trade Dispute,10
9903.04.15,0406.20.48,Poland,Base Rate,,,2.0,,,Trade Dispute,10
9903.04.15,0406.20.48,Portugal,Base Rate,,,2.0,,,Trade Dispute,10
9903.04.15,0406.20.48,Romania,Base Rate,,,2.0,,,Trade Dispute,10
9903.04.15,0406.20.48,Slovakia,Base Rate,,,2.0,,,Trade Dispute,10
9903.04.15,0406.20.48,Slovenia,Base Rate,,,2.0,,,Trade Dispute,10
9903.04.15,0406.20.48,Spain,Base Rate,,,2.0,,,Trade Dispute,10
9903.04.15,0406.20.48,Sweden,Base Rate,,,2.0,,,Trade Dispute,10
9903.04.15,0406.30.44,Austria,Base Rate,,,2.0,,,Trade Dispute,10
9903.04.15,0406.30.44,Belgium,Base Rate,,,2.0,,,Trade Dispute,10
9903.04.15,0406.30.44,Bulgaria,Base Rate,,,2.0,,,Trade Dispute,10
9903.04.15,0406.30.44,Croatia,Base Rate,,,2.0,,,Trade Dispute,10
9903.04.15,0406.30.44,Cyprus,Base Rate,,,2.0,,,Trade Dispute,10
9903.04.15,0406.30.44,Czech Republic,Base Rate,,,2.0,,,Trade Dispute,10
9903.04.15,0406.30.44,Denmark,Base Rate,,,2.0,,,Trade Dispute,10
9903.04.15,0406.30.44,Estonia,Base Rate,,,2.0,,,Trade Dispute,10
9903.04.15,0406.30.44,Finland,Base Rate,,,2.0,,,Trade Dispute,10
9903.04.15,0406.30.44,France,Base Rate,,,2.0,,,Trade Dispute,10
9903.04.15,0406.30.44,Germany,Base Rate,,,2.0,,,Trade Dispute,10
9903.04.15,0406.30.44,Greece,Base Rate,,,2.0,,,Trade Dispute,10
9903.04.15,0406.30.44,Hungary,Base Rate,,,2.0,,,Trade Dispute,10
9903.04.15,0406.30.44,Ireland,Base Rate,,,2.0,,,Trade Dispute,10
9903.04.15,0406.30.44,Italy,Base Rate,,,2.0,,,Trade Dispute,10
9903.04.15,0406.30.44,Latvia,Base Rate,,,2.0,,,Trade Dispute,10
9903.04.15,0406.30.44,Lithuania,Base Rate,,,2.0,,,Trade Dispute,10
9903.04.15,0406.30.44,Luxembourg,Base Rate,,,2.0,,,Trade Dispute,10
9903.04.15,0406.30.44,Malta,Base Rate,,,2.0,,,Trade Dispute,10
9903.04.15,0406.30.44,Netherlands,Base Rate,,,2.0,,,Trade Dispute,10
9903.04.15,0406.30.44,Poland,Base Rate,,,2.0,,,Trade Dispute,10
9903.04.15,0406.30.44,Portugal,Base Rate,,,2.0,,,Trade Dispute,10
9903.04.15,0406.30.44,Romania,Base Rate,,,2.0,,,Trade Dispute,10
9903.04.15,0406.30.44,Slovakia,Base Rate,,,2.0,,,Trade Dispute,10
9903.04.15,0406.30.44,Slovenia,Base Rate,,,2.0,,,Trade Dispute,10
9903.04.15,0406.30.44,Spain,Base Rate,,,2.0,,,Trade Dispute,10
9903.04.15,0406.30.44,Sweden,Base Rate,,,2.0,,,Trade Dispute,10
9903.04.15,0406.30.48,Austria,Base Rate,,,2.0,,,Trade Dispute,10
9903.04.15,0406.30.48,Belgium,Base Rate,,,2.0,,,Trade Dispute,10
9903.04.15,0406.30.48,Bulgaria,Base Rate,,,2.0,,,Trade Dispute,10
9903.04.15,0406.30.48,Croatia,Base Rate,,,2.0,,,Trade Dispute,10
9903.04.15,0406.30.48,Cyprus,Base Rate,,,2.0,,,Trade Dispute,10
9903.04.15,0406.30.48,Czech Republic,Base Rate,,,2.0,,,Trade Dispute,10
9903.04.15,0406.30.48,Denmark,Base Rate,,,2.0,,,Trade Dispute,10
9903.04.15,0406.30.48,Estonia,Base Rate,,,2.0,,,Trade Dispute,10
9903.04.15,0406.30.48,Finland,Base Rate,,,2.0,,,Trade Dispute,10
9903.04.15,0406.30.48,France,Base Rate,,,2.0,,,Trade Dispute,10
9903.04.15,0406.30.48,Germany,Base Rate,,,2.0,,,Trade Dispute,10
9903.04.15,0406.30.48,Greece,Base Rate,,,2.0,,,Trade Dispute,10
9903.04.15,0406.30.48,Hungary,Base Rate,,,2.0,,,Trade Dispute,10
9903.04.15,0406.30.48,Ireland,Base Rate,,,2.0,,,Trade Dispute,10
9903.04.15,0406.30.48,Italy,Base Rate,,,2.0,,,Trade Dispute,10
9903.04.15,0406.30.48,Latvia,Base Rate,,,2.0,,,Trade Dispute,10
9903.04.15,0406.30.48,Lithuania,Base Rate,,,2.0,,,Trade Dispute,10
9903.04.15,0406.30.48,Luxembourg,Base Rate,,,2.0,,,Trade Dispute,10
9903.04.15,0406.30.48,Malta,Base Rate,,,2.0,,,Trade Dispute,10
9903.04.15,0406.30.48,Netherlands,Base Rate,,,2.0,,,Trade Dispute,10
9903.04.15,0406.30.48,Poland,Base Rate,,,2.0,,,Trade Dispute,10
9903.04.15,0406.30.48,Portugal,Base Rate,,,2.0,,,Trade Dispute,10
9903.04.15,0406.30.48,Romania,Base Rate,,,2.0,,,Trade Dispute,10
9903.04.15,0406.30.48,Slovakia,Base Rate,,,2.0,,,Trade Dispute,10
9903.04.15,0406.30.48,Slovenia,Base Rate,,,2.0,,,Trade Dispute,10
9903.04.15,0406.30.48,Spain,Base Rate,,,2.0,,,Trade Dispute,10
9903.04.15,0406.30.48,Sweden,Base Rate,,,2.0,,,Trade Dispute,10
9903.04.15,0406.90.16,Austria,Base Rate,,,2.0,,,Trade Dispute,10
9903.04.15,0406.90.16,Belgium,Base Rate,,,2.0,,,Trade Dispute,10
9903.04.15,0406.90.16,Bulgaria,Base Rate,,,2.0,,,Trade Dispute,10
9903.04.15,0406.90.16,Croatia,Base Rate,,,2.0,,,Trade Dispute,10
9903.04.15,0406.90.16,Cyprus,Base Rate,,,2.0,,,Trade Dispute,10
9903.04.15,0406.90.16,Czech Republic,Base Rate,,,2.0,,,Trade Dispute,10
9903.04.15,0406.90.16,Denmark,Base Rate,,,2.0,,,Trade Dispute,10
9903.04.15,0406.90.16,Estonia,Base Rate,,,2.0,,,Trade Dispute,10
9903.04.15,0406.90.16,Finland,Base Rate,,,2.0,,,Trade Dispute,10
9903.04.15,0406.90.16,France,Base Rate,,,2.0,,,Trade Dispute,10
9903.04.15,0406.90.16,Germany,Base Rate,,,2.0,,,Trade Dispute,10
9903.04.15,0406.90.16,Greece,Base Rate,,,2.0,,,Trade Dispute,10
9903.04.15,0406.90.16,Hungary,Base Rate,,,2.0,,,Trade Dispute,10
9903.04.15,0406.90.16,Ireland,Base Rate,,,2.0,,,Trade Dispute,10
9903.04.15,0406.90.16,Italy,Base Rate,,,2.0,,,Trade Dispute,10
9903.04.15,0406.90.16,Latvia,Base Rate,,,2.0,,,Trade Dispute,10
9903.04.15,0406.90.16,Lithuania,Base Rate,,,2.0,,,Trade Dispute,10
9903.04.15,0406.90.16,Luxembourg,Base Rate,,,2.0,,,Trade Dispute,10
9903.04.15,0406.90.16,Malta,Base Rate,,,2.0,,,Trade Dispute,10
9903.04.15,0406.90.16,Netherlands,Base Rate,,,2.0,,,Trade Dispute,10
9903.04.15,0406.90.16,Poland,Base Rate,,,2.0,,,Trade Dispute,10
9903.04.15,0406.90.16,Portugal,Base Rate,,,2.0,,,Trade Dispute,10
9903.04.15,0406.90.16,Romania,Base Rate,,,2.0,,,Trade Dispute,10
9903.04.15,0406.90.16,Slovakia,Base Rate,,,2.0,,,Trade Dispute,10
9903.04.15,0406.90.16,Slovenia,Base Rate,,,2.0,,,Trade Dispute,10
9903.04.15,0406.90.16,Spain,Base Rate,,,2.0,,,Trade Dispute,10
9903.04.15,0406.90.16,Sweden,Base Rate,,,2.0,,,Trade Dispute,10
9903.04.15,0406.90.18,Austria,Base Rate,,,2.0,,,Trade Dispute,10
9903.04.15,0406.90.18,Belgium,Base Rate,,,2.0,,,Trade Dispute,10
9903.04.15,0406.90.18,Bulgaria,Base Rate,,,2.0,,,Trade Dispute,10
9903.04.15,0406.90.18,Croatia,Base Rate,,,2.0,,,Trade Dispute,10
9903.04.15,0406.90.18,Cyprus,Base Rate,,,2.0,,,Trade Dispute,10
9903.04.15,0406.90.18,Czech Republic,Base Rate,,,2.0,,,Trade Dispute,10
9903.04.15,0406.90.18,Denmark,Base Rate,,,2.0,,,Trade Dispute,10
9903.04.15,0406.90.18,Estonia,Base Rate,,,2.0,,,Trade Dispute,10
9903.04.15,0406.90.18,Finland,Base Rate,,,2.0,,,Trade Dispute,10
9903.04.15,0406.90.18,France,Base Rate,,,2.0,,,Trade Dispute,10
9903.04.15,0406.90.18,Germany,Base Rate,,,2.0,,,Trade Dispute,10
9903.04.15,0406.90.18,Greece,Base Rate,,,2.0,,,Trade Dispute,10
9903.04.15,0406.90.18,Hungary,Base Rate,,,2.0,,,Trade Dispute,10
9903.04.15,0406.90.18,Ireland,Base Rate,,,2.0,,,Trade Dispute,10
9903.04.15,0406.90.18,Italy,Base Rate,,,2.0,,,Trade Dispute,10
9903.04.15,0406.90.18,Latvia,Base Rate,,,2.0,,,Trade Dispute,10
9903.04.15,0406.90.18,Lithuania,Base Rate,,,2.0,,,Trade Dispute,10
9903.04.15,0406.90.18,Luxembourg,Base Rate,,,2.0,,,Trade Dispute,10
9903.04.15,0406.90.18,Malta,Base Rate,,,2.0,,,Trade Dispute,10
9903.04.15,0406.90.18,Netherlands,Base Rate,,,2.0,,,Trade Dispute,10
9903.04.15,0406.90.18,Poland,Base Rate,,,2.0,,,Trade Dispute,10
9903.04.15,0406.90.18,Portugal,Base Rate,,,2.0,,,Trade Dispute,10
9903.04.15,0406.90.18,Romania,Base Rate,,,2.0,,,Trade Dispute,10
9903.04.15,0406.90.18,Slovakia,Base Rate,,,2.0,,,Trade Dispute,10
9903.04.15,0406.90.18,Slovenia,Base Rate,,,2.0,,,Trade Dispute,10
9903.04.15,0406.90.18,Spain,Base Rate,,,2.0,,,Trade Dispute,10
9903.04.15,0406.90.18,Sweden,Base Rate,,,2.0,,,Trade Dispute,10
9903.04.20,0406.20.77,Austria,Base Rate,,,2.0,,,Trade Dispute,10
9903.04.20,0406.20.77,Belgium,Base Rate,,,2.0,,,Trade Dispute,10
9903.04.20,0406.20.77,Bulgaria,Base Rate,,,2.0,,,Trade Dispute,10
9903.04.20,0406.20.77,Croatia,Base Rate,,,2.0,,,Trade Dispute,10
9903.04.20,0406.20.77,Cyprus,Base Rate,,,2.0,,,Trade Dispute,10
9903.04.20,0406.20.77,Czech Republic,Base Rate,,,2.0,,,Trade Dispute,10
9903.04.20,0406.20.77,Denmark,Base Rate,,,2.0,,,Trade Dispute,10
9903.04.20,0406.20.77,Estonia,Base Rate,,,2.0,,,Trade Dispute,10
9903.04.20,0406.20.77,Finland,Base Rate,,,2.0,,,Trade Dispute,10
9903.04.20,0406.20.77,France,Base Rate,,,2.0,,,Trade Dispute,10
9903.04.20,0406.20.77,Germany,Base Rate,,,2.0,,,Trade Dispute,10
9903.04.20,0406.20.77,Greece,Base Rate,,,2.0,,,Trade Dispute,10
9903.04.20,0406.20.77,Hungary,Base Rate,,,2.0,,,Trade Dispute,10
9903.04.20,0406.20.77,Ireland,Base Rate,,,2.0,,,Trade Dispute,10
9903.04.20,0406.20.77,Italy,Base Rate,,,2.0,,,Trade Dispute,10
9903.04.20,0406.20.77,Latvia,Base Rate,,,2.0,,,Trade Dispute,10
9903.04.20,0406.20.77,Lithuania,Base Rate,,,2.0,,,Trade Dispute,10
9903.04.20,0406.20.77,Luxembourg,Base Rate,,,2.0,,,Trade Dispute,10
9903.04.20,0406.20.77,Malta,Base Rate,,,2.0,,,Trade Dispute,10
9903.04.20,0406.20.77,Netherlands,Base Rate,,,2.0,,,Trade Dispute,10
9903.04.20,0406.20.77,Poland,Base Rate,,,2.0,,,Trade Dispute,10
9903.04.20,0406.20.77,Portugal,Base Rate,,,2.0,,,Trade Dispute,10
9903.04.20,0406.20.77,Romania,Base Rate,,,2.0,,,Trade Dispute,10
9903.04.20,0406.20.77,Slovakia,Base Rate,,,2.0,,,Trade Dispute,10
9903.04.20,0406.20.77,Slovenia,Base Rate,,,2.0,,,Trade Dispute,10
9903.04.20,0406.20.77,Spain,Base Rate,,,2.0,,,Trade Dispute,10
9903.04.20,0406.20.77,Sweden,Base Rate,,,2.0,,,Trade Dispute,10
9903.04.20,0406.20.79,Austria,Base Rate,,,2.0,,,Trade Dispute,10
9903.04.20,0406.20.79,Belgium,Base Rate,,,2.0,,,Trade Dispute,10
9903.04.20,0406.20.79,Bulgaria,Base Rate,,,2.0,,,Trade Dispute,10
9903.04.20,0406.20.79,Croatia,Base Rate,,,2.0,,,Trade Dispute,10
9903.04.20,0406.20.79,Cyprus,Base Rate,,,2.0,,,Trade Dispute,10
9903.04.20,0406.20.79,Czech Republic,Base Rate,,,2.0,,,Trade Dispute,10
9903.04.20,0406.20.79,Denmark,Base Rate,,,2.0,,,Trade Dispute,10
9903.04.20,0406.20.79,Estonia,Base Rate,,,2.0,,,Trade Dispute,10
9903.04.20,0406.20.79,Finland,Base Rate,,,2.0,,,Trade Dispute,10
9903.04.20,0406.20.79,France,Base Rate,,,2.0,,,Trade Dispute,10
9903.04.20,0406.20.79,Germany,Base Rate,,,2.0,,,Trade Dispute,10
9903.04.20,0406.20.79,Greece,Base Rate,,,2.0,,,Trade Dispute,10
9903.04.20,0406.20.79,Hungary,Base Rate,,,2.0,,,Trade Dispute,10
9903.04.20,0406.20.79,Ireland,Base Rate,,,2.0,,,Trade Dispute,10
9903.04.20,0406.20.79,Italy,Base Rate,,,2.0,,,Trade Dispute,10
9903.04.20,0406.20.79,Latvia,Base Rate,,,2.0,,,Trade Dispute,10
9903.04.20,0406.20.79,Lithuania,Base Rate,,,2.0,,,Trade Dispute,10
9903.04.20,0406.20.79,Luxembourg,Base Rate,,,2.0,,,Trade Dispute,10
9903.04.20,0406.20.79,Malta,Base Rate,,,2.0,,,Trade Dispute,10
9903.04.20,0406.20.79,Netherlands,Base Rate,,,2.0,,,Trade Dispute,10
9903.04.20,0406.20.79,Poland,Base Rate,,,2.0,,,Trade Dispute,10
9903.04.20,0406.20.79,Portugal,Base Rate,,,2.0,,,Trade Dispute,10
9903.04.20,0406.20.79,Romania,Base Rate,,,2.0,,,Trade Dispute,10
9903.04.20,0406.20.79,Slovakia,Base Rate,,,2.0,,,Trade Dispute,10
9903.04.20,0406.20.79,Slovenia,Base Rate,,,2.0,,,Trade Dispute,10
9903.04.20,0406.20.79,Spain,Base Rate,,,2.0,,,Trade Dispute,10
9903.04.20,0406.20.79,Sweden,Base Rate,,,2.0,,,Trade Dispute,10
9903.04.20,0406.30.77,Austria,Base Rate,,,2.0,,,Trade Dispute,10
9903.04.20,0406.30.77,Belgium,Base Rate,,,2.0,,,Trade Dispute,10
9903.04.20,0406.30.77,Bulgaria,Base Rate,,,2.0,,,Trade Dispute,10
9903.04.20,0406.30.77,Croatia,Base Rate,,,2.0,,,Trade Dispute,10
9903.04.20,0406.30.77,Cyprus,Base Rate,,,2.0,,,Trade Dispute,10
9903.04.20,0406.30.77,Czech Republic,Base Rate,,,2.0,,,Trade Dispute,10
9903.04.20,0406.30.77,Denmark,Base Rate,,,2.0,,,Trade Dispute,10
9903.04.20,0406.30.77,Estonia,Base Rate,,,2.0,,,Trade Dispute,10
9903.04.20,0406.30.77,Finland,Base Rate,,,2.0,,,Trade Dispute,10
9903.04.20,0406.30.77,France,Base Rate,,,2.0,,,Trade Dispute,10
9903.04.20,0406.30.77,Germany,Base Rate,,,2.0,,,Trade Dispute,10
9903.04.20,0406.30.77,Greece,Base Rate,,,2.0,,,Trade Dispute,10
9903.04.20,0406.30.77,Hungary,Base Rate,,,2.0,,,Trade Dispute,10
9903.04.20,0406.30.77,Ireland,Base Rate,,,2.0,,,Trade Dispute,10
9903.04.20,0406.30.77,Italy,Base Rate,,,2.0,,,Trade Dispute,10
9903.04.20,0406.30.77,Latvia,Base Rate,,,2.0,,,Trade Dispute,10
9903.04.20,0406.30.77,Lithuania,Base Rate,,,2.0,,,Trade Dispute,10
9903.04.20,0406.30.77,Luxembourg,Base Rate,,,2.0,,,Trade Dispute,10
9903.04.20,0406.30.77,Malta,Base Rate,,,2.0,,,Trade Dispute,10
9903.04.20,0406.30.77,Netherlands,Base Rate,,,2.0,,,Trade Dispute,10
9903.04.20,0406.30.77,Poland,Base Rate,,,2.0,,,Trade Dispute,10
9903.04.20,0406.30.77,Portugal,Base Rate,,,2.0,,,Trade Dispute,10
9903.04.20,0406.30.77,Romania,Base Rate,,,2.0,,,Trade Dispute,10
9903.04.20,0406.30.77,Slovakia,Base Rate,,,2.0,,,Trade Dispute,10
9903.04.20,0406.30.77,Slovenia,Base Rate,,,2.0,,,Trade Dispute,10
9903.04.20,0406.30.77,Spain,Base Rate,,,2.0,,,Trade Dispute,10
9903.04.20,0406.30.77,Sweden,Base Rate,,,2.0,,,Trade Dispute,10
9903.04.20,0406.30.79,Austria,Base Rate,,,2.0,,,Trade Dispute,10
9903.04.20,0406.30.79,Belgium,Base Rate,,,2.0,,,Trade Dispute,10
9903.04.20,0406.30.79,Bulgaria,Base Rate,,,2.0,,,Trade Dispute,10
9903.04.20,0406.30.79,Croatia,Base Rate,,,2.0,,,Trade Dispute,10
9903.04.20,0406.30.79,Cyprus,Base Rate,,,2.0,,,Trade Dispute,10
9903.04.20,0406.30.79,Czech Republic,Base Rate,,,2.0,,,Trade Dispute,10
9903.04.20,0406.30.79,Denmark,Base Rate,,,2.0,,,Trade Dispute,10
9903.04.20,0406.30.79,Estonia,Base Rate,,,2.0,,,Trade Dispute,10
9903.04.20,0406.30.79,Finland,Base Rate,,,2.0,,,Trade Dispute,10
9903.04.20,0406.30.79,France,Base Rate,,,2.0,,,Trade Dispute,10
9903.04.20,0406.30.79,Germany,Base Rate,,,2.0,,,Trade Dispute,10
9903.04.20,0406.30.79,Greece,Base Rate,,,2.0,,,Trade Dispute,10
9903.04.20,0406.30.79,Hungary,Base Rate,,,2.0,,,Trade Dispute,10
9903.04.20,0406.30.79,Ireland,Base Rate,,,2.0,,,Trade Dispute,10
9903.04.20,0406.30.79,Italy,Base Rate,,,2.0,,,Trade Dispute,10
9903.04.20,0406.30.79,Latvia,Base Rate,,,2.0,,,Trade Dispute,10
9903.04.20,0406.30.79,Lithuania,Base Rate,,,2.0,,,Trade Dispute,10
9903.04.20,0406.30.79,Luxembourg,Base Rate,,,2.0,,,Trade Dispute,10
9903.04.20,0406.30.79,Malta,Base Rate,,,2.0,,,Trade Dispute,10
9903.04.20,0406.30.79,Netherlands,Base Rate,,,2.0,,,Trade Dispute,10
9903.04.20,0406.30.79,Poland,Base Rate,,,2.0,,,Trade Dispute,10
9903.04.20,0406.30.79,Portugal,Base Rate,,,2.0,,,Trade Dispute,10
9903.04.20,0406.30.79,Romania,Base Rate,,,2.0,,,Trade Dispute,10
9903.04.20,0406.30.79,Slovakia,Base Rate,,,2.0,,,Trade Dispute,10
9903.04.20,0406.30.79,Slovenia,Base Rate,,,2.0,,,Trade Dispute,10
9903.04.20,0406.30.79,Spain,Base Rate,,,2.0,,,Trade Dispute,10
9903.04.20,0406.30.79,Sweden,Base Rate,,,2.0,,,Trade Dispute,10
9903.04.20,0406.90.66,Austria,Base Rate,,,2.0,,,Trade Dispute,10
9903.04.20,0406.90.66,Belgium,Base Rate,,,2.0,,,Trade Dispute,10
9903.04.20,0406.90.66,Bulgaria,Base Rate,,,2.0,,,Trade Dispute,10
9903.04.20,0406.90.66,Croatia,Base Rate,,,2.0,,,Trade Dispute,10
9903.04.20,0406.90.66,Cyprus,Base Rate,,,2.0,,,Trade Dispute,10
9903.04.20,0406.90.66,Czech Republic,Base Rate,,,2.0,,,Trade Dispute,10
9903.04.20,0406.90.66,Denmark,Base Rate,,,2.0,,,Trade Dispute,10
9903.04.20,0406.90.66,Estonia,Base Rate,,,2.0,,,Trade Dispute,10
9903.04.20,0406.90.66,Finland,Base Rate,,,2.0,,,Trade Dispute,10
9903.04.20,0406.90.66,France,Base Rate,,,2.0,,,Trade Dispute,10
9903.04.20,0406.90.66,Germany,Base Rate,,,2.0,,,Trade Dispute,10
9903.04.20,0406.90.66,Greece,Base Rate,,,2.0,,,Trade Dispute,10
9903.04.20,0406.90.66,Hungary,Base Rate,,,2.0,,,Trade Dispute,10
9903.04.20,0406.90.66,Ireland,Base Rate,,,2.0,,,Trade Dispute,10
9903.04.20,0406.90.66,Italy,Base Rate,,,2.0,,,Trade Dispute,10
9903.04.20,0406.90.66,Latvia,Base Rate,,,2.0,,,Trade Dispute,10
9903.04.20,0406.90.66,Lithuania,Base Rate,,,2.0,,,Trade Dispute,10
9903.04.20,0406.90.66,Luxembourg,Base Rate,,,2.0,,,Trade Dispute,10
9903.04.20,0406.90.66,Malta,Base Rate,,,2.0,,,Trade Dispute,10
9903.04.20,0406.90.66,Netherlands,Base Rate,,,2.0,,,Trade Dispute,10
9903.04.20,0406.90.66,Poland,Base Rate,,,2.0,,,Trade Dispute,10
9903.04.20,0406.90.66,Portugal,Base Rate,,,2.0,,,Trade Dispute,10
9903.04.20,0406.90.66,Romania,Base Rate,,,2.0,,,Trade Dispute,10
9903.04.20,0406.90.66,Slovakia,Base Rate,,,2.0,,,Trade Dispute,10
9903.04.20,0406.90.66,Slovenia,Base Rate,,,2.0,,,Trade Dispute,10
9903.04.20,0406.90.66,Spain,Base Rate,,,2.0,,,Trade Dispute,10
9903.04.20,0406.90.66,Sweden,Base Rate,,,2.0,,,Trade Dispute,10
9903.04.20,0406.90.68,Austria,Base Rate,,,2.0,,,Trade Dispute,10
9903.04.20,0406.90.68,Belgium,Base Rate,,,2.0,,,Trade Dispute,10
9903.04.20,0406.90.68,Bulgaria,Base Rate,,,2.0,,,Trade Dispute,10
9903.04.20,0406.90.68,Croatia,Base Rate,,,2.0,,,Trade Dispute,10
9903.04.20,0406.90.68,Cyprus,Base Rate,,,2.0,,,Trade Dispute,10
9903.04.20,0406.90.68,Czech Republic,Base Rate,,,2.0,,,Trade Dispute,10
9903.04.20,0406.90.68,Denmark,Base Rate,,,2.0,,,Trade Dispute,10
9903.04.20,0406.90.68,Estonia,Base Rate,,,2.0,,,Trade Dispute,10
9903.04.20,0406.90.68,Finland,Base Rate,,,2.0,,,Trade Dispute,10
9903.04.20,0406.90.68,France,Base Rate,,,2.0,,,Trade Dispute,10
9903.04.20,0406.90.68,Germany,Base Rate,,,2.0,,,Trade Dispute,10
9903.04.20,0406.90.68,Greece,Base Rate,,,2.0,,,Trade Dispute,10
9903.04.20,0406.90.68,Hungary,Base Rate,,,2.0,,,Trade Dispute,10
9903.04.20,0406.90.68,Ireland,Base Rate,,,2.0,,,Trade Dispute,10
9903.04.20,0406.90.68,Italy,Base Rate,,,2.0,,,Trade Dispute,10
9903.04.20,0406.90.68,Latvia,Base Rate,,,2.0,,,Trade Dispute,10
9903.04.20,0406.90.68,Lithuania,Base Rate,,,2.0,,,Trade Dispute,10
9903.04.20,0406.90.68,Luxembourg,Base Rate,,,2.0,,,Trade Dispute,10
9903.04.20,0406.90.68,Malta,Base Rate,,,2.0,,,Trade Dispute,10
9903.04.20,0406.90.68,Netherlands,Base Rate,,,2.0,,,Trade Dispute,10
9903.04.20,0406.90.68,Poland,Base Rate,,,2.0,,,Trade Dispute,10
9903.04.20,0406.90.68,Portugal,Base Rate,,,2.0,,,Trade Dispute,10
9903.04.20,0406.90.68,Romania,Base Rate,,,2.0,,,Trade Dispute,10
9903.04.20,0406.90.68,Slovakia,Base Rate,,,2.0,,,Trade Dispute,10
9903.04.20,0406.90.68,Slovenia,Base Rate,,,2.0,,,Trade Dispute,10
9903.04.20,0406.90.68,Spain,Base Rate,,,2.0,,,Trade Dispute,10
9903.04.20,0406.90.68,Sweden,Base Rate,,,2.0,,,Trade Dispute,10
9903.04.25,9705.21.00.00,Austria,Base Rate,,,2.0,,,Trade Dispute,10
9903.04.25,9705.21.00.00,Belgium,Base Rate,,,2.0,,,Trade Dispute,10
9903.04.25,9705.21.00.00,Bulgaria,Base Rate,,,2.0,,,Trade Dispute,10
9903.04.25,9705.21.00.00,Croatia,Base Rate,,,2.0,,,Trade Dispute,10
9903.04.25,9705.21.00.00,Cyprus,Base Rate,,,2.0,,,Trade Dispute,10
9903.04.25,9705.21.00.00,Czech Republic,Base Rate,,,2.0,,,Trade Dispute,10
9903.04.25,9705.21.00.00,Denmark,Base Rate,,,2.0,,,Trade Dispute,10
9903.04.25,9705.21.00.00,Estonia,Base Rate,,,2.0,,,Trade Dispute,10
9903.04.25,9705.21.00.00,Finland,Base Rate,,,2.0,,,Trade Dispute,10
9903.04.25,9705.21.00.00,France,Base Rate,,,2.0,,,Trade Dispute,10
9903.04.25,9705.21.00.00,Germany,Base Rate,,,2.0,,,Trade Dispute,10
9903.04.25,9705.21.00.00,Greece,Base Rate,,,2.0,,,Trade Dispute,10
9903.04.25,9705.21.00.00,Hungary,Base Rate,,,2.0,,,Trade Dispute,10
9903.04.25,9705.21.00.00,Ireland,Base Rate,,,2.0,,,Trade Dispute,10
9903.04.25,9705.21.00.00,Italy,Base Rate,,,2.0,,,Trade Dispute,10
9903.04.25,9705.21.00.00,Latvia,Base Rate,,,2.0,,,Trade Dispute,10
9903.04.25,9705.21.00.00,Lithuania,Base Rate,,,2.0,,,Trade Dispute,10
9903.04.25,9705.21.00.00,Luxembourg,Base Rate,,,2.0,,,Trade Dispute,10
9903.04.25,9705.21.00.00,Malta,Base Rate,,,2.0,,,Trade Dispute,10
9903.04.25,9705.21.00.00,Netherlands,Base Rate,,,2.0,,,Trade Dispute,10
9903.04.25,9705.21.00.00,Poland,Base Rate,,,2.0,,,Trade Dispute,10
9903.04.25,9705.21.00.00,Portugal,Base Rate,,,2.0,,,Trade Dispute,10
9903.04.25,9705.21.00.00,Romania,Base Rate,,,2.0,,,Trade Dispute,10
9903.04.25,9705.21.00.00,Slovakia,Base Rate,,,2.0,,,Trade Dispute,10
9903.04.25,9705.21.00.00,Slovenia,Base Rate,,,2.0,,,Trade Dispute,10
9903.04.25,9705.21.00.00,Spain,Base Rate,,,2.0,,,Trade Dispute,10
9903.04.25,9705.21.00.00,Sweden,Base Rate,,,2.0,,,Trade Dispute,10
9903.04.25,9705.29.00.00,Austria,Base Rate,,,2.0,,,Trade Dispute,10
9903.04.25,9705.29.00.00,Belgium,Base Rate,,,2.0,,,Trade Dispute,10
9903.04.25,9705.29.00.00,Bulgaria,Base Rate,,,2.0,,,Trade Dispute,10
9903.04.25,9705.29.00.00,Croatia,Base Rate,,,2.0,,,Trade Dispute,10
9903.04.25,9705.29.00.00,Cyprus,Base Rate,,,2.0,,,Trade Dispute,10
9903.04.25,9705.29.00.00,Czech Republic,Base Rate,,,2.0,,,Trade Dispute,10
9903.04.25,9705.29.00.00,Denmark,Base Rate,,,2.0,,,Trade Dispute,10
9903.04.25,9705.29.00.00,Estonia,Base Rate,,,2.0,,,Trade Dispute,10
9903.04.25,9705.29.00.00,Finland,Base Rate,,,2.0,,,Trade Dispute,10
9903.04.25,9705.29.00.00,France,Base Rate,,,2.0,,,Trade Dispute,10
9903.04.25,9705.29.00.00,Germany,Base Rate,,,2.0,,,Trade Dispute,10
9903.04.25,9705.29.00.00,Greece,Base Rate,,,2.0,,,Trade Dispute,10
9903.04.25,9705.29.00.00,Hungary,Base Rate,,,2.0,,,Trade Dispute,10
9903.04.25,9705.29.00.00,Ireland,Base Rate,,,2.0,,,Trade Dispute,10
9903.04.25,9705.29.00.00,Italy,Base Rate,,,2.0,,,Trade Dispute,10
9903.04.25,9705.29.00.00,Latvia,Base Rate,,,2.0,,,Trade Dispute,10
9903.04.25,9705.29.00.00,Lithuania,Base Rate,,,2.0,,,Trade Dispute,10
9903.04.25,9705.29.00.00,Luxembourg,Base Rate,,,2.0,,,Trade Dispute,10
9903.04.25,9705.29.00.00,Malta,Base Rate,,,2.0,,,Trade Dispute,10
9903.04.25,9705.29.00.00,Netherlands,Base Rate,,,2.0,,,Trade Dispute,10
9903.04.25,9705.29.00.00,Poland,Base Rate,,,2.0,,,Trade Dispute,10
9903.04.25,9705.29.00.00,Portugal,Base Rate,,,2.0,,,Trade Dispute,10
9903.04.25,9705.29.00.00,Romania,Base Rate,,,2.0,,,Trade Dispute,10
9903.04.25,9705.29.00.00,Slovakia,Base Rate,,,2.0,,,Trade Dispute,10
9903.04.25,9705.29.00.00,Slovenia,Base Rate,,,2.0,,,Trade Dispute,10
9903.04.25,9705.29.00.00,Spain,Base Rate,,,2.0,,,Trade Dispute,10
9903.04.25,9705.29.00.00,Sweden,Base Rate,,,2.0,,,Trade Dispute,10
9903.04.30,2005.70.75,Austria,Base Rate,,,2.0,,,Trade Dispute,10
9903.04.30,2005.70.75,Belgium,Base Rate,,,2.0,,,Trade Dispute,10
9903.04.30,2005.70.75,Bulgaria,Base Rate,,,2.0,,,Trade Dispute,10
9903.04.30,2005.70.75,Croatia,Base Rate,,,2.0,,,Trade Dispute,10
9903.04.30,2005.70.75,Cyprus,Base Rate,,,2.0,,,Trade Dispute,10
9903.04.30,2005.70.75,Czech Republic,Base Rate,,,2.0,,,Trade Dispute,10
9903.04.30,2005.70.75,Denmark,Base Rate,,,2.0,,,Trade Dispute,10
9903.04.30,2005.70.75,Estonia,Base Rate,,,2.0,,,Trade Dispute,10
9903.04.30,2005.70.75,Finland,Base Rate,,,2.0,,,Trade Dispute,10
9903.04.30,2005.70.75,France,Base Rate,,,2.0,,,Trade Dispute,10
9903.04.30,2005.70.75,Germany,Base Rate,,,2.0,,,Trade Dispute,10
9903.04.30,2005.70.75,Greece,Base Rate,,,2.0,,,Trade Dispute,10
9903.04.30,2005.70.75,Hungary,Base Rate,,,2.0,,,Trade Dispute,10
9903.04.30,2005.70.75,Ireland,Base Rate,,,2.0,,,Trade Dispute,10
9903.04.30,2005.70.75,Italy,Base Rate,,,2.0,,,Trade Dispute,10
9903.04.30,2005.70.75,Latvia,Base Rate,,,2.0,,,Trade Dispute,10
9903.04.30,2005.70.75,Lithuania,Base Rate,,,2.0,,,Trade Dispute,10
9903.04.30,2005.70.75,Luxembourg,Base Rate,,,2.0,,,Trade Dispute,10
9903.04.30,2005.70.75,Malta,Base Rate,,,2.0,,,Trade Dispute,10
9903.04.30,2005.70.75,Netherlands,Base Rate,,,2.0,,,Trade Dispute,10
9903.04.30,2005.70.75,Poland,Base Rate,,,2.0,,,Trade Dispute,10
9903.04.30,2005.70.75,Portugal,Base Rate,,,2.0,,,Trade Dispute,10
9903.04.30,2005.70.75,Romania,Base Rate,,,2.0,,,Trade Dispute,10
9903.04.30,2005.70.75,Slovakia,Base Rate,,,2.0,,,Trade Dispute,10
9903.04.30,2005.70.75,Slovenia,Base Rate,,,2.0,,,Trade Dispute,10
9903.04.30,2005.70.75,Spain,Base Rate,,,2.0,,,Trade Dispute,10
9903.04.30,2005.70.75,Sweden,Base Rate,,,2.0,,,Trade Dispute,10
9903.04.35,1602.41.20,Austria,Base Rate,,,2.0,,,Trade Dispute,10
9903.04.35,1602.41.20,Belgium,Base Rate,,,2.0,,,Trade Dispute,10
9903.04.35,1602.41.20,Bulgaria,Base Rate,,,2.0,,,Trade Dispute,10
9903.04.35,1602.41.20,Croatia,Base Rate,,,2.0,,,Trade Dispute,10
9903.04.35,1602.41.20,Cyprus,Base Rate,,,2.0,,,Trade Dispute,10
9903.04.35,1602.41.20,Czech Republic,Base Rate,,,2.0,,,Trade Dispute,10
9903.04.35,1602.41.20,Denmark,Base Rate,,,2.0,,,Trade Dispute,10
9903.04.35,1602.41.20,Estonia,Base Rate,,,2.0,,,Trade Dispute,10
9903.04.35,1602.41.20,Finland,Base Rate,,,2.0,,,Trade Dispute,10
9903.04.35,1602.41.20,France,Base Rate,,,2.0,,,Trade Dispute,10
9903.04.35,1602.41.20,Germany,Base Rate,,,2.0,,,Trade Dispute,10
9903.04.35,1602.41.20,Greece,Base Rate,,,2.0,,,Trade Dispute,10
9903.04.35,1602.41.20,Hungary,Base Rate,,,2.0,,,Trade Dispute,10
9903.04.35,1602.41.20,Ireland,Base Rate,,,2.0,,,Trade Dispute,10
9903.04.35,1602.41.20,Italy,Base Rate,,,2.0,,,Trade Dispute,10
9903.04.35,1602.41.20,Latvia,Base Rate,,,2.0,,,Trade Dispute,10
9903.04.35,1602.41.20,Lithuania,Base Rate,,,2.0,,,Trade Dispute,10
9903.04.35,1602.41.20,Luxembourg,Base Rate,,,2.0,,,Trade Dispute,10
9903.04.35,1602.41.20,Malta,Base Rate,,,2.0,,,Trade Dispute,10
9903.04.35,1602.41.20,Netherlands,Base Rate,,,2.0,,,Trade Dispute,10
9903.04.35,1602.41.20,Poland,Base Rate,,,2.0,,,Trade Dispute,10
9903.04.35,1602.41.20,Portugal,Base Rate,,,2.0,,,Trade Dispute,10
9903.04.35,1602.41.20,Romania,Base Rate,,,2.0,,,Trade Dispute,10
9903.04.35,1602.41.20,Slovakia,Base Rate,,,2.0,,,Trade Dispute,10
9903.04.35,1602.41.20,Slovenia,Base Rate,,,2.0,,,Trade Dispute,10
9903.04.35,1602.41.20,Spain,Base Rate,,,2.0,,,Trade Dispute,10
9903.04.35,1602.41.20,Sweden,Base Rate,,,2.0,,,Trade Dispute,10
9903.04.35,1602.42.20,Austria,Base Rate,,,2.0,,,Trade Dispute,10
9903.04.35,1602.42.20,Belgium,Base Rate,,,2.0,,,Trade Dispute,10
9903.04.35,1602.42.20,Bulgaria,Base Rate,,,2.0,,,Trade Dispute,10
9903.04.35,1602.42.20,Croatia,Base Rate,,,2.0,,,Trade Dispute,10
9903.04.35,1602.42.20,Cyprus,Base Rate,,,2.0,,,Trade Dispute,10
9903.04.35,1602.42.20,Czech Republic,Base Rate,,,2.0,,,Trade Dispute,10
9903.04.35,1602.42.20,Denmark,Base Rate,,,2.0,,,Trade Dispute,10
9903.04.35,1602.42.20,Estonia,Base Rate,,,2.0,,,Trade Dispute,10
9903.04.35,1602.42.20,Finland,Base Rate,,,2.0,,,Trade Dispute,10
9903.04.35,1602.42.20,France,Base Rate,,,2.0,,,Trade Dispute,10
9903.04.35,1602.42.20,Germany,Base Rate,,,2.0,,,Trade Dispute,10
9903.04.35,1602.42.20,Greece,Base Rate,,,2.0,,,Trade Dispute,10
9903.04.35,1602.42.20,Hungary,Base Rate,,,2.0,,,Trade Dispute,10
9903.04.35,1602.42.20,Ireland,Base Rate,,,2.0,,,Trade Dispute,10
9903.04.35,1602.42.20,Italy,Base Rate,,,2.0,,,Trade Dispute,10
9903.04.35,1602.42.20,Latvia,Base Rate,,,2.0,,,Trade Dispute,10
9903.04.35,1602.42.20,Lithuania,Base Rate,,,2.0,,,Trade Dispute,10
9903.04.35,1602.42.20,Luxembourg,Base Rate,,,2.0,,,Trade Dispute,10
9903.04.35,1602.42.20,Malta,Base Rate,,,2.0,,,Trade Dispute,10
9903.04.35,1602.42.20,Netherlands,Base Rate,,,2.0,,,Trade Dispute,10
9903.04.35,1602.42.20,Poland,Base Rate,,,2.0,,,Trade Dispute,10
9903.04.35,1602.42.20,Portugal,Base Rate,,,2.0,,,Trade Dispute,10
9903.04.35,1602.42.20,Romania,Base Rate,,,2.0,,,Trade Dispute,10
9903.04.35,1602.42.20,Slovakia,Base Rate,,,2.0,,,Trade Dispute,10
9903.04.35,1602.42.20,Slovenia,Base Rate,,,2.0,,,Trade Dispute,10
9903.04.35,1602.42.20,Spain,Base Rate,,,2.0,,,Trade Dispute,10
9903.04.35,1602.42.20,Sweden,Base Rate,,,2.0,,,Trade Dispute,10
9903.04.40,2005.99.10,Austria,Base Rate,,,2.0,,,Trade Dispute,10
9903.04.40,2005.99.10,Belgium,Base Rate,,,2.0,,,Trade Dispute,10
9903.04.40,2005.99.10,Bulgaria,Base Rate,,,2.0,,,Trade Dispute,10
9903.04.40,2005.99.10,Croatia,Base Rate,,,2.0,,,Trade Dispute,10
9903.04.40,2005.99.10,Cyprus,Base Rate,,,2.0,,,Trade Dispute,10
9903.04.40,2005.99.10,Czech Republic,Base Rate,,,2.0,,,Trade Dispute,10
9903.04.40,2005.99.10,Denmark,Base Rate,,,2.0,,,Trade Dispute,10
9903.04.40,2005.99.10,Estonia,Base Rate,,,2.0,,,Trade Dispute,10
9903.04.40,2005.99.10,Finland,Base Rate,,,2.0,,,Trade Dispute,10
9903.04.40,2005.99.10,France,Base Rate,,,2.0,,,Trade Dispute,10
9903.04.40,2005.99.10,Germany,Base Rate,,,2.0,,,Trade Dispute,10
9903.04.40,2005.99.10,Greece,Base Rate,,,2.0,,,Trade Dispute,10
9903.04.40,2005.99.10,Hungary,Base Rate,,,2.0,,,Trade Dispute,10
9903.04.40,2005.99.10,Ireland,Base Rate,,,2.0,,,Trade Dispute,10
9903.04.40,2005.99.10,Italy,Base Rate,,,2.0,,,Trade Dispute,10
9903.04.40,2005.99.10,Latvia,Base Rate,,,2.0,,,Trade Dispute,10
9903.04.40,2005.99.10,Lithuania,Base Rate,,,2.0,,,Trade Dispute,10
9903.04.40,2005.99.10,Luxembourg,Base Rate,,,2.0,,,Trade Dispute,10
9903.04.40,2005.99.10,Malta,Base Rate,,,2.0,,,Trade Dispute,10
9903.04.40,2005.99.10,Netherlands,Base Rate,,,2.0,,,Trade Dispute,10
9903.04.40,2005.99.10,Poland,Base Rate,,,2.0,,,Trade Dispute,10
9903.04.40,2005.99.10,Portugal,Base Rate,,,2.0,,,Trade Dispute,10
9903.04.40,2005.99.10,Romania,Base Rate,,,2.0,,,Trade Dispute,10
9903.04.40,2005.99.10,Slovakia,Base Rate,,,2.0,,,Trade Dispute,10
9903.04.40,2005.99.10,Slovenia,Base Rate,,,2.0,,,Trade Dispute,10
9903.04.40,2005.99.10,Spain,Base Rate,,,2.0,,,Trade Dispute,10
9903.04.40,2005.99.10,Sweden,Base Rate,,,2.0,,,Trade Dispute,10
9903.04.45,2204.21.20,Austria,Base Rate,,,2.0,,,Trade Dispute,10
9903.04.45,2204.21.20,Belgium,Base Rate,,,2.0,,,Trade Dispute,10
9903.04.45,2204.21.20,Bulgaria,Base Rate,,,2.0,,,Trade Dispute,10
9903.04.45,2204.21.20,Croatia,Base Rate,,,2.0,,,Trade Dispute,10
9903.04.45,2204.21.20,Cyprus,Base Rate,,,2.0,,,Trade Dispute,10
9903.04.45,2204.21.20,Czech Republic,Base Rate,,,2.0,,,Trade Dispute,10
9903.04.45,2204.21.20,Denmark,Base Rate,,,2.0,,,Trade Dispute,10
9903.04.45,2204.21.20,Estonia,Base Rate,,,2.0,,,Trade Dispute,10
9903.04.45,2204.21.20,Finland,Base Rate,,,2.0,,,Trade Dispute,10
9903.04.45,2204.21.20,France,Base Rate,,,2.0,,,Trade Dispute,10
9903.04.45,2204.21.20,Germany,Base Rate,,,2.0,,,Trade Dispute,10
9903.04.45,2204.21.20,Greece,Base Rate,,,2.0,,,Trade Dispute,10
9903.04.45,2204.21.20,Hungary,Base Rate,,,2.0,,,Trade Dispute,10
9903.04.45,2204.21.20,Ireland,Base Rate,,,2.0,,,Trade Dispute,10
9903.04.45,2204.21.20,Italy,Base Rate,,,2.0,,,Trade Dispute,10
9903.04.45,2204.21.20,Latvia,Base Rate,,,2.0,,,Trade Dispute,10
9903.04.45,2204.21.20,Lithuania,Base Rate,,,2.0,,,Trade Dispute,10
9903.04.45,2204.21.20,Luxembourg,Base Rate,,,2.0,,,Trade Dispute,10
9903.04.45,2204.21.20,Malta,Base Rate,,,2.0,,,Trade Dispute,10
9903.04.45,2204.21.20,Netherlands,Base Rate,,,2.0,,,Trade Dispute,10
9903.04.45,2204.21.20,Poland,Base Rate,,,2.0,,,Trade Dispute,10
9903.04.45,2204.21.20,Portugal,Base Rate,,,2.0,,,Trade Dispute,10
9903.04.45,2204.21.20,Romania,Base Rate,,,2.0,,,Trade Dispute,10
9903.04.45,2204.21.20,Slovakia,Base Rate,,,2.0,,,Trade Dispute,10
9903.04.45,2204.21.20,Slovenia,Base Rate,,,2.0,,,Trade Dispute,10
9903.04.45,2204.21.20,Spain,Base Rate,,,2.0,,,Trade Dispute,10
9903.04.45,2204.21.20,Sweden,Base Rate,,,2.0,,,Trade Dispute,10
9903.04.45,2204.21.40,Austria,Base Rate,,,2.0,,,Trade Dispute,10
9903.04.45,2204.21.40,Belgium,Base Rate,,,2.0,,,Trade Dispute,10
9903.04.45,2204.21.40,Bulgaria,Base Rate,,,2.0,,,Trade Dispute,10
9903.04.45,2204.21.40,Croatia,Base Rate,,,2.0,,,Trade Dispute,10
9903.04.45,2204.21.40,Cyprus,Base Rate,,,2.0,,,Trade Dispute,10
9903.04.45,2204.21.40,Czech Republic,Base Rate,,,2.0,,,Trade Dispute,10
9903.04.45,2204.21.40,Denmark,Base Rate,,,2.0,,,Trade Dispute,10
9903.04.45,2204.21.40,Estonia,Base Rate,,,2.0,,,Trade Dispute,10
9903.04.45,2204.21.40,Finland,Base Rate,,,2.0,,,Trade Dispute,10
9903.04.45,2204.21.40,France,Base Rate,,,2.0,,,Trade Dispute,10
9903.04.45,2204.21.40,Germany,Base Rate,,,2.0,,,Trade Dispute,10
9903.04.45,2204.21.40,Greece,Base Rate,,,2.0,,,Trade Dispute,10
9903.04.45,2204.21.40,Hungary,Base Rate,,,2.0,,,Trade Dispute,10
9903.04.45,2204.21.40,Ireland,Base Rate,,,2.0,,,Trade Dispute,10
9903.04.45,2204.21.40,Italy,Base Rate,,,2.0,,,Trade Dispute,10
9903.04.45,2204.21.40,Latvia,Base Rate,,,2.0,,,Trade Dispute,10
9903.04.45,2204.21.40,Lithuania,Base Rate,,,2.0,,,Trade Dispute,10
9903.04.45,2204.21.40,Luxembourg,Base Rate,,,2.0,,,Trade Dispute,10
9903.04.45,2204.21.40,Malta,Base Rate,,,2.0,,,Trade Dispute,10
9903.04.45,2204.21.40,Netherlands,Base Rate,,,2.0,,,Trade Dispute,10
9903.04.45,2204.21.40,Poland,Base Rate,,,2.0,,,Trade Dispute,10
9903.04.45,2204.21.40,Portugal,Base Rate,,,2.0,,,Trade Dispute,10
9903.04.45,2204.21.40,Romania,Base Rate,,,2.0,,,Trade Dispute,10
9903.04.45,2204.21.40,Slovakia,Base Rate,,,2.0,,,Trade Dispute,10
9903.04.45,2204.21.40,Slovenia,Base Rate,,,2.0,,,Trade Dispute,10
9903.04.45,2204.21.40,Spain,Base Rate,,,2.0,,,Trade Dispute,10
9903.04.45,2204.21.40,Sweden,Base Rate,,,2.0,,,Trade Dispute,10
9903.04.45,2204.29.20,Austria,Base Rate,,,2.0,,,Trade Dispute,10
9903.04.45,2204.29.20,Belgium,Base Rate,,,2.0,,,Trade Dispute,10
9903.04.45,2204.29.20,Bulgaria,Base Rate,,,2.0,,,Trade Dispute,10
9903.04.45,2204.29.20,Croatia,Base Rate,,,2.0,,,Trade Dispute,10
9903.04.45,2204.29.20,Cyprus,Base Rate,,,2.0,,,Trade Dispute,10
9903.04.45,2204.29.20,Czech Republic,Base Rate,,,2.0,,,Trade Dispute,10
9903.04.45,2204.29.20,Denmark,Base Rate,,,2.0,,,Trade Dispute,10
9903.04.45,2204.29.20,Estonia,Base Rate,,,2.0,,,Trade Dispute,10
9903.04.45,2204.29.20,Finland,Base Rate,,,2.0,,,Trade Dispute,10
9903.04.45,2204.29.20,France,Base Rate,,,2.0,,,Trade Dispute,10
9903.04.45,2204.29.20,Germany,Base Rate,,,2.0,,,Trade Dispute,10
9903.04.45,2204.29.20,Greece,Base Rate,,,2.0,,,Trade Dispute,10
9903.04.45,2204.29.20,Hungary,Base Rate,,,2.0,,,Trade Dispute,10
9903.04.45,2204.29.20,Ireland,Base Rate,,,2.0,,,Trade Dispute,10
9903.04.45,2204.29.20,Italy,Base Rate,,,2.0,,,Trade Dispute,10
9903.04.45,2204.29.20,Latvia,Base Rate,,,2.0,,,Trade Dispute,10
9903.04.45,2204.29.20,Lithuania,Base Rate,,,2.0,,,Trade Dispute,10
9903.04.45,2204.29.20,Luxembourg,Base Rate,,,2.0,,,Trade Dispute,10
9903.04.45,2204.29.20,Malta,Base Rate,,,2.0,,,Trade Dispute,10
9903.04.45,2204.29.20,Netherlands,Base Rate,,,2.0,,,Trade Dispute,10
9903.04.45,2204.29.20,Poland,Base Rate,,,2.0,,,Trade Dispute,10
9903.04.45,2204.29.20,Portugal,Base Rate,,,2.0,,,Trade Dispute,10
9903.04.45,2204.29.20,Romania,Base Rate,,,2.0,,,Trade Dispute,10
9903.04.45,2204.29.20,Slovakia,Base Rate,,,2.0,,,Trade Dispute,10
9903.04.45,2204.29.20,Slovenia,Base Rate,,,2.0,,,Trade Dispute,10
9903.04.45,2204.29.20,Spain,Base Rate,,,2.0,,,Trade Dispute,10
9903.04.45,2204.29.20,Sweden,Base Rate,,,2.0,,,Trade Dispute,10
9903.04.50,2208.20.40,Austria,Base Rate,,,2.0,,,Trade Dispute,10
9903.04.50,2208.20.40,Belgium,Base Rate,,,2.0,,,Trade Dispute,10
9903.04.50,2208.20.40,Bulgaria,Base Rate,,,2.0,,,Trade Dispute,10
9903.04.50,2208.20.40,Croatia,Base Rate,,,2.0,,,Trade Dispute,10
9903.04.50,2208.20.40,Cyprus,Base Rate,,,2.0,,,Trade Dispute,10
9903.04.50,2208.20.40,Czech Republic,Base Rate,,,2.0,,,Trade Dispute,10
9903.04.50,2208.20.40,Denmark,Base Rate,,,2.0,,,Trade Dispute,10
9903.04.50,2208.20.40,Estonia,Base Rate,,,2.0,,,Trade Dispute,10
9903.04.50,2208.20.40,Finland,Base Rate,,,2.0,,,Trade Dispute,10
9903.04.50,2208.20.40,France,Base Rate,,,2.0,,,Trade Dispute,10
9903.04.50,2208.20.40,Germany,Base Rate,,,2.0,,,Trade Dispute,10
9903.04.50,2208.20.40,Greece,Base Rate,,,2.0,,,Trade Dispute,10
9903.04.50,2208.20.40,Hungary,Base Rate,,,2.0,,,Trade Dispute,10
9903.04.50,2208.20.40,Ireland,Base Rate,,,2.0,,,Trade Dispute,10
9903.04.50,2208.20.40,Italy,Base Rate,,,2.0,,,Trade Dispute,10
9903.04.50,2208.20.40,Latvia,Base Rate,,,2.0,,,Trade Dispute,10
9903.04.50,2208.20.40,Lithuania,Base Rate,,,2.0,,,Trade Dispute,10
9903.04.50,2208.20.40,Luxembourg,Base Rate,,,2.0,,,Trade Dispute,10
9903.04.50,2208.20.40,Malta,Base Rate,,,2.0,,,Trade Dispute,10
9903.04.50,2208.20.40,Netherlands,Base Rate,,,2.0,,,Trade Dispute,10
9903.04.50,2208.20.40,Poland,Base Rate,,,2.0,,,Trade Dispute,10
9903.04.50,2208.20.40,Portugal,Base Rate,,,2.0,,,Trade Dispute,10
9903.04.50,2208.20.40,Romania,Base Rate,,,2.0,,,Trade Dispute,10
9903.04.50,2208.20.40,Slovakia,Base Rate,,,2.0,,,Trade Dispute,10
9903.04.50,2208.20.40,Slovenia,Base Rate,,,2.0,,,Trade Dispute,10
9903.04.50,2208.20.40,Spain,Base Rate,,,2.0,,,Trade Dispute,10
9903.04.50,2208.20.40,Sweden,Base Rate,,,2.0,,,Trade Dispute,10
9903.04.50,2208.90.30,Austria,Base Rate,,,2.0,,,Trade Dispute,10
9903.04.50,2208.90.30,Belgium,Base Rate,,,2.0,,,Trade Dispute,10
9903.04.50,2208.90.30,Bulgaria,Base Rate,,,2.0,,,Trade Dispute,10
9903.04.50,2208.90.30,Croatia,Base Rate,,,2.0,,,Trade Dispute,10
9903.04.50,2208.90.30,Cyprus,Base Rate,,,2.0,,,Trade Dispute,10
9903.04.50,2208.90.30,Czech Republic,Base Rate,,,2.0,,,Trade Dispute,10
9903.04.50,2208.90.30,Denmark,Base Rate,,,2.0,,,Trade Dispute,10
9903.04.50,2208.90.30,Estonia,Base Rate,,,2.0,,,Trade Dispute,10
9903.04.50,2208.90.30,Finland,Base Rate,,,2.0,,,Trade Dispute,10
9903.04.50,2208.90.30,France,Base Rate,,,2.0,,,Trade Dispute,10
9903.04.50,2208.90.30,Germany,Base Rate,,,2.0,,,Trade Dispute,10
9903.04.50,2208.90.30,Greece,Base Rate,,,2.0,,,Trade Dispute,10
9903.04.50,2208.90.30,Hungary,Base Rate,,,2.0,,,Trade Dispute,10
9903.04.50,2208.90.30,Ireland,Base Rate,,,2.0,,,Trade Dispute,10
9903.04.50,2208.90.30,Italy,Base Rate,,,2.0,,,Trade Dispute,10
9903.04.50,2208.90.30,Latvia,Base Rate,,,2.0,,,Trade Dispute,10
9903.04.50,2208.90.30,Lithuania,Base Rate,,,2.0,,,Trade Dispute,10
9903.04.50,2208.90.30,Luxembourg,Base Rate,,,2.0,,,Trade Dispute,10
9903.04.50,2208.90.30,Malta,Base Rate,,,2.0,,,Trade Dispute,10
9903.04.50,2208.90.30,Netherlands,Base Rate,,,2.0,,,Trade Dispute,10
9903.04.50,2208.90.30,Poland,Base Rate,,,2.0,,,Trade Dispute,10
9903.04.50,2208.90.30,Portugal,Base Rate,,,2.0,,,Trade Dispute,10
9903.04.50,2208.90.30,Romania,Base Rate,,,2.0,,,Trade Dispute,10
9903.04.50,2208.90.30,Slovakia,Base Rate,,,2.0,,,Trade Dispute,10
9903.04.50,2208.90.30,Slovenia,Base Rate,,,2.0,,,Trade Dispute,10
9903.04.50,2208.90.30,Spain,Base Rate,,,2.0,,,Trade Dispute,10
9903.04.50,2208.90.30,Sweden,Base Rate,,,2.0,,,Trade Dispute,10
9903.04.55,2208.50.00,Austria,Base Rate,,,2.0,,,Trade Dispute,10
9903.04.55,2208.50.00,Belgium,Base Rate,,,2.0,,,Trade Dispute,10
9903.04.55,2208.50.00,Bulgaria,Base Rate,,,2.0,,,Trade Dispute,10
9903.04.55,2208.50.00,Croatia,Base Rate,,,2.0,,,Trade Dispute,10
9903.04.55,2208.50.00,Cyprus,Base Rate,,,2.0,,,Trade Dispute,10
9903.04.55,2208.50.00,Czech Republic,Base Rate,,,2.0,,,Trade Dispute,10
9903.04.55,2208.50.00,Denmark,Base Rate,,,2.0,,,Trade Dispute,10
9903.04.55,2208.50.00,Estonia,Base Rate,,,2.0,,,Trade Dispute,10
9903.04.55,2208.50.00,Finland,Base Rate,,,2.0,,,Trade Dispute,10
9903.04.55,2208.50.00,France,Base Rate,,,2.0,,,Trade Dispute,10
9903.04.55,2208.50.00,Germany,Base Rate,,,2.0,,,Trade Dispute,10
9903.04.55,2208.50.00,Greece,Base Rate,,,2.0,,,Trade Dispute,10
9903.04.55,2208.50.00,Hungary,Base Rate,,,2.0,,,Trade Dispute,10
9903.04.55,2208.50.00,Ireland,Base Rate,,,2.0,,,Trade Dispute,10
9903.04.55,2208.50.00,Italy,Base Rate,,,2.0,,,Trade Dispute,10
9903.04.55,2208.50.00,Latvia,Base Rate,,,2.0,,,Trade Dispute,10
9903.04.55,2208.50.00,Lithuania,Base Rate,,,2.0,,,Trade Dispute,10
9903.04.55,2208.50.00,Luxembourg,Base Rate,,,2.0,,,Trade Dispute,10
9903.04.55,2208.50.00,Malta,Base Rate,,,2.0,,,Trade Dispute,10
9903.04.55,2208.50.00,Netherlands,Base Rate,,,2.0,,,Trade Dispute,10
9903.04.55,2208.50.00,Poland,Base Rate,,,2.0,,,Trade Dispute,10
9903.04.55,2208.50.00,Portugal,Base Rate,,,2.0,,,Trade Dispute,10
9903.04.55,2208.50.00,Romania,Base Rate,,,2.0,,,Trade Dispute,10
9903.04.55,2208.50.00,Slovakia,Base Rate,,,2.0,,,Trade Dispute,10
9903.04.55,2208.50.00,Slovenia,Base Rate,,,2.0,,,Trade Dispute,10
9903.04.55,2208.50.00,Spain,Base Rate,,,2.0,,,Trade Dispute,10
9903.04.55,2208.50.00,Sweden,Base Rate,,,2.0,,,Trade Dispute,10
9903.04.55,2208.50.00.30,Austria,Base Rate,,,2.0,,,Trade Dispute,10
9903.04.55,2208.50.00.30,Belgium,Base Rate,,,2.0,,,Trade Dispute,10
9903.04.55,2208.50.00.30,Bulgaria,Base Rate,,,2.0,,,Trade Dispute,10
9903.04.55,2208.50.00.30,Croatia,Base Rate,,,2.0,,,Trade Dispute,10
9903.04.55,2208.50.00.30,Cyprus,Base Rate,,,2.0,,,Trade Dispute,10
9903.04.55,2208.50.00.30,Czech Republic,Base Rate,,,2.0,,,Trade Dispute,10
9903.04.55,2208.50.00.30,Denmark,Base Rate,,,2.0,,,Trade Dispute,10
9903.04.55,2208.50.00.30,Estonia,Base Rate,,,2.0,,,Trade Dispute,10
9903.04.55,2208.50.00.30,Finland,Base Rate,,,2.0,,,Trade Dispute,10
9903.04.55,2208.50.00.30,France,Base Rate,,,2.0,,,Trade Dispute,10
9903.04.55,2208.50.00.30,Germany,Base Rate,,,2.0,,,Trade Dispute,10
9903.04.55,2208.50.00.30,Greece,Base Rate,,,2.0,,,Trade Dispute,10
9903.04.55,2208.50.00.30,Hungary,Base Rate,,,2.0,,,Trade Dispute,10
9903.04.55,2208.50.00.30,Ireland,Base Rate,,,2.0,,,Trade Dispute,10
9903.04.55,2208.50.00.30,Italy,Base Rate,,,2.0,,,Trade Dispute,10
9903.04.55,2208.50.00.30,Latvia,Base Rate,,,2.0,,,Trade Dispute,10
9903.04.55,2208.50.00.30,Lithuania,Base Rate,,,2.0,,,Trade Dispute,10
9903.04.55,2208.50.00.30,Luxembourg,Base Rate,,,2.0,,,Trade Dispute,10
9903.04.55,2208.50.00.30,Malta,Base Rate,,,2.0,,,Trade Dispute,10
9903.04.55,2208.50.00.30,Netherlands,Base Rate,,,2.0,,,Trade Dispute,10
9903.04.55,2208.50.00.30,Poland,Base Rate,,,2.0,,,Trade Dispute,10
9903.04.55,2208.50.00.30,Portugal,Base Rate,,,2.0,,,Trade Dispute,10
9903.04.55,2208.50.00.30,Romania,Base Rate,,,2.0,,,Trade Dispute,10
9903.04.55,2208.50.00.30,Slovakia,Base Rate,,,2.0,,,Trade Dispute,10
9903.04.55,2208.50.00.30,Slovenia,Base Rate,,,2.0,,,Trade Dispute,10
9903.04.55,2208.50.00.30,Spain,Base Rate,,,2.0,,,Trade Dispute,10
9903.04.55,2208.50.00.30,Sweden,Base Rate,,,2.0,,,Trade Dispute,10
9903.04.55,2208.50.00.60,Austria,Base Rate,,,2.0,,,Trade Dispute,10
9903.04.55,2208.50.00.60,Belgium,Base Rate,,,2.0,,,Trade Dispute,10
9903.04.55,2208.50.00.60,Bulgaria,Base Rate,,,2.0,,,Trade Dispute,10
9903.04.55,2208.50.00.60,Croatia,Base Rate,,,2.0,,,Trade Dispute,10
9903.04.55,2208.50.00.60,Cyprus,Base Rate,,,2.0,,,Trade Dispute,10
9903.04.55,2208.50.00.60,Czech Republic,Base Rate,,,2.0,,,Trade Dispute,10
9903.04.55,2208.50.00.60,Denmark,Base Rate,,,2.0,,,Trade Dispute,10
9903.04.55,2208.50.00.60,Estonia,Base Rate,,,2.0,,,Trade Dispute,10
9903.04.55,2208.50.00.60,Finland,Base Rate,,,2.0,,,Trade Dispute,10
9903.04.55,2208.50.00.60,France,Base Rate,,,2.0,,,Trade Dispute,10
9903.04.55,2208.50.00.60,Germany,Base Rate,,,2.0,,,Trade Dispute,10
9903.04.55,2208.50.00.60,Greece,Base Rate,,,2.0,,,Trade Dispute,10
9903.04.55,2208.50.00.60,Hungary,Base Rate,,,2.0,,,Trade Dispute,10
9903.04.55,2208.50.00.60,Ireland,Base Rate,,,2.0,,,Trade Dispute,10
9903.04.55,2208.50.00.60,Italy,Base Rate,,,2.0,,,Trade Dispute,10
9903.04.55,2208.50.00.60,Latvia,Base Rate,,,2.0,,,Trade Dispute,10
9903.04.55,2208.50.00.60,Lithuania,Base Rate,,,2.0,,,Trade Dispute,10
9903.04.55,2208.50.00.60,Luxembourg,Base Rate,,,2.0,,,Trade Dispute,10
9903.04.55,2208.50.00.60,Malta,Base Rate,,,2.0,,,Trade Dispute,10
9903.04.55,2208.50.00.60,Netherlands,Base Rate,,,2.0,,,Trade Dispute,10
9903.04.55,2208.50.00.60,Poland,Base Rate,,,2.0,,,Trade Dispute,10
9903.04.55,2208.50.00.60,Portugal,Base Rate,,,2.0,,,Trade Dispute,10
9903.04.55,2208.50.00.60,Romania,Base Rate,,,2.0,,,Trade Dispute,10
9903.04.55,2208.50.00.60,Slovakia,Base Rate,,,2.0,,,Trade Dispute,10
9903.04.55,2208.50.00.60,Slovenia,Base Rate,,,2.0,,,Trade Dispute,10
9903.04.55,2208.50.00.60,Spain,Base Rate,,,2.0,,,Trade Dispute,10
9903.04.55,2208.50.00.60,Sweden,Base Rate,,,2.0,,,Trade Dispute,10
9903.08.04,3307.30.50,Austria,Base Rate,,,1.0,,,Trade Dispute,10
9903.08.04,3307.30.50,Belgium,Base Rate,,,1.0,,,Trade Dispute,10
9903.08.04,3307.30.50,Finland,Base Rate,,,1.0,,,Trade Dispute,10
9903.08.04,3307.30.50,France,Base Rate,,,1.0,,,Trade Dispute,10
9903.08.04,3307.30.50,Germany,Base Rate,,,1.0,,,Trade Dispute,10
9903.08.04,3307.30.50,Greece,Base Rate,,,1.0,,,Trade Dispute,10
9903.08.04,3307.30.50,Ireland,Base Rate,,,1.0,,,Trade Dispute,10
9903.08.04,3307.30.50,Italy,Base Rate,,,1.0,,,Trade Dispute,10
9903.08.04,3307.30.50,Luxembourg,Base Rate,,,1.0,,,Trade Dispute,10
9903.08.04,3307.30.50,Portugal,Base Rate,,,1.0,,,Trade Dispute,10
9903.08.04,3307.30.50,Spain,Base Rate,,,1.0,,,Trade Dispute,10
9903.08.04,3307.30.50,Sweden,Base Rate,,,1.0,,,Trade Dispute,10
9903.08.04,3307.30.50,United Kingdom,Base Rate,,,1.0,,,Trade Dispute,10
9903.08.07,4202.22.15,Austria,Base Rate,,,1.0,,,Trade Dispute,10
9903.08.07,4202.22.15,Belgium,Base Rate,,,1.0,,,Trade Dispute,10
9903.08.07,4202.22.15,Finland,Base Rate,,,1.0,,,Trade Dispute,10
9903.08.07,4202.22.15,France,Base Rate,,,1.0,,,Trade Dispute,10
9903.08.07,4202.22.15,Germany,Base Rate,,,1.0,,,Trade Dispute,10
9903.08.07,4202.22.15,Greece,Base Rate,,,1.0,,,Trade Dispute,10
9903.08.07,4202.22.15,Ireland,Base Rate,,,1.0,,,Trade Dispute,10
9903.08.07,4202.22.15,Italy,Base Rate,,,1.0,,,Trade Dispute,10
9903.08.07,4202.22.15,Luxembourg,Base Rate,,,1.0,,,Trade Dispute,10
9903.08.07,4202.22.15,Portugal,Base Rate,,,1.0,,,Trade Dispute,10
9903.08.07,4202.22.15,Spain,Base Rate,,,1.0,,,Trade Dispute,10
9903.08.07,4202.22.15,Sweden,Base Rate,,,1.0,,,Trade Dispute,10
9903.08.07,4202.22.15,United Kingdom,Base Rate,,,1.0,,,Trade Dispute,10
9903.08.08,4202.32.10,Austria,Base Rate,,,1.0,,,Trade Dispute,10
9903.08.08,4202.32.10,Belgium,Base Rate,,,1.0,,,Trade Dispute,10
9903.08.08,4202.32.10,Finland,Base Rate,,,1.0,,,Trade Dispute,10
9903.08.08,4202.32.10,France,Base Rate,,,1.0,,,Trade Dispute,10
9903.08.08,4202.32.10,Germany,Base Rate,,,1.0,,,Trade Dispute,10
9903.08.08,4202.32.10,Greece,Base Rate,,,1.0,,,Trade Dispute,10
9903.08.08,4202.32.10,Ireland,Base Rate,,,1.0,,,Trade Dispute,10
9903.08.08,4202.32.10,Italy,Base Rate,,,1.0,,,Trade Dispute,10
9903.08.08,4202.32.10,Luxembourg,Base Rate,,,1.0,,,Trade Dispute,10
9903.08.08,4202.32.10,Portugal,Base Rate,,,1.0,,,Trade Dispute,10
9903.08.08,4202.32.10,Spain,Base Rate,,,1.0,,,Trade Dispute,10
9903.08.08,4202.32.10,Sweden,Base Rate,,,1.0,,,Trade Dispute,10
9903.08.08,4202.32.10,United Kingdom,Base Rate,,,1.0,,,Trade Dispute,10
9903.08.09,4805.50.00.00,Austria,Base Rate,,,1.0,,,Trade Dispute,10
9903.08.09,4805.50.00.00,Belgium,Base Rate,,,1.0,,,Trade Dispute,10
9903.08.09,4805.50.00.00,Finland,Base Rate,,,1.0,,,Trade Dispute,10
9903.08.09,4805.50.00.00,France,Base Rate,,,1.0,,,Trade Dispute,10
9903.08.09,4805.50.00.00,Germany,Base Rate,,,1.0,,,Trade Dispute,10
9903.08.09,4805.50.00.00,Greece,Base Rate,,,1.0,,,Trade Dispute,10
9903.08.09,4805.50.00.00,Ireland,Base Rate,,,1.0,,,Trade Dispute,10
9903.08.09,4805.50.00.00,Italy,Base Rate,,,1.0,,,Trade Dispute,10
9903.08.09,4805.50.00.00,Luxembourg,Base Rate,,,1.0,,,Trade Dispute,10
9903.08.09,4805.50.00.00,Portugal,Base Rate,,,1.0,,,Trade Dispute,10
9903.08.09,4805.50.00.00,Spain,Base Rate,,,1.0,,,Trade Dispute,10
9903.08.09,4805.50.00.00,Sweden,Base Rate,,,1.0,,,Trade Dispute,10
9903.08.09,4805.50.00.00,United Kingdom,Base Rate,,,1.0,,,Trade Dispute,10
9903.08.10,4819.20.00,Austria,Base Rate,,,1.0,,,Trade Dispute,10
9903.08.10,4819.20.00,Belgium,Base Rate,,,1.0,,,Trade Dispute,10
9903.08.10,4819.20.00,Finland,Base Rate,,,1.0,,,Trade Dispute,10
9903.08.10,4819.20.00,France,Base Rate,,,1.0,,,Trade Dispute,10
9903.08.10,4819.20.00,Germany,Base Rate,,,1.0,,,Trade Dispute,10
9903.08.10,4819.20.00,Greece,Base Rate,,,1.0,,,Trade Dispute,10
9903.08.10,4819.20.00,Ireland,Base Rate,,,1.0,,,Trade Dispute,10
9903.08.10,4819.20.00,Italy,Base Rate,,,1.0,,,Trade Dispute,10
9903.08.10,4819.20.00,Luxembourg,Base Rate,,,1.0,,,Trade Dispute,10
9903.08.10,4819.20.00,Portugal,Base Rate,,,1.0,,,Trade Dispute,10
9903.08.10,4819.20.00,Spain,Base Rate,,,1.0,,,Trade Dispute,10
9903.08.10,4819.20.00,Sweden,Base Rate,,,1.0,,,Trade Dispute,10
9903.08.10,4819.20.00,United Kingdom,Base Rate,,,1.0,,,Trade Dispute,10
9903.08.10,4819.20.00.20,Austria,Base Rate,,,1.0,,,Trade Dispute,10
9903.08.10,4819.20.00.20,Belgium,Base Rate,,,1.0,,,Trade Dispute,10
9903.08.10,4819.20.00.20,Finland,Base Rate,,,1.0,,,Trade Dispute,10
9903.08.10,4819.20.00.20,France,Base Rate,,,1.0,,,Trade Dispute,10
9903.08.10,4819.20.00.20,Germany,Base Rate,,,1.0,,,Trade Dispute,10
9903.08.10,4819.20.00.20,Greece,Base Rate,,,1.0,,,Trade Dispute,10
9903.08.10,4819.20.00.20,Ireland,Base Rate,,,1.0,,,Trade Dispute,10
9903.08.10,4819.20.00.20,Italy,Base Rate,,,1.0,,,Trade Dispute,10
9903.08.10,4819.20.00.20,Luxembourg,Base Rate,,,1.0,,,Trade Dispute,10
9903.08.10,4819.20.00.20,Portugal,Base Rate,,,1.0,,,Trade Dispute,10
9903.08.10,4819.20.00.20,Spain,Base Rate,,,1.0,,,Trade Dispute,10
9903.08.10,4819.20.00.20,Sweden,Base Rate,,,1.0,,,Trade Dispute,10
9903.08.10,4819.20.00.20,United Kingdom,Base Rate,,,1.0,,,Trade Dispute,10
9903.08.10,4819.20.00.40,Austria,Base Rate,,,1.0,,,Trade Dispute,10
9903.08.10,4819.20.00.40,Belgium,Base Rate,,,1.0,,,Trade Dispute,10
9903.08.10,4819.20.00.40,Finland,Base Rate,,,1.0,,,Trade Dispute,10
9903.08.10,4819.20.00.40,France,Base Rate,,,1.0,,,Trade Dispute,10
9903.08.10,4819.20.00.40,Germany,Base Rate,,,1.0,,,Trade Dispute,10
9903.08.10,4819.20.00.40,Greece,Base Rate,,,1.0,,,Trade Dispute,10
9903.08.10,4819.20.00.40,Ireland,Base Rate,,,1.0,,,Trade Dispute,10
9903.08.10,4819.20.00.40,Italy,Base Rate,,,1.0,,,Trade Dispute,10
9903.08.10,4819.20.00.40,Luxembourg,Base Rate,,,1.0,,,Trade Dispute,10
9903.08.10,4819.20.00.40,Portugal,Base Rate,,,1.0,,,Trade Dispute,10
9903.08.10,4819.20.00.40,Spain,Base Rate,,,1.0,,,Trade Dispute,10
9903.08.10,4819.20.00.40,Sweden,Base Rate,,,1.0,,,Trade Dispute,10
9903.08.10,4819.20.00.40,United Kingdom,Base Rate,,,1.0,,,Trade Dispute,10
9903.08.11,4911.91.20,Austria,Base Rate,,,1.0,,,Trade Dispute,10
9903.08.11,4911.91.20,Belgium,Base Rate,,,1.0,,,Trade Dispute,10
9903.08.11,4911.91.20,Finland,Base Rate,,,1.0,,,Trade Dispute,10
9903.08.11,4911.91.20,France,Base Rate,,,1.0,,,Trade Dispute,10
9903.08.11,4911.91.20,Germany,Base Rate,,,1.0,,,Trade Dispute,10
9903.08.11,4911.91.20,Greece,Base Rate,,,1.0,,,Trade Dispute,10
9903.08.11,4911.91.20,Ireland,Base Rate,,,1.0,,,Trade Dispute,10
9903.08.11,4911.91.20,Italy,Base Rate,,,1.0,,,Trade Dispute,10
9903.08.11,4911.91.20,Luxembourg,Base Rate,,,1.0,,,Trade Dispute,10
9903.08.11,4911.91.20,Portugal,Base Rate,,,1.0,,,Trade Dispute,10
9903.08.11,4911.91.20,Spain,Base Rate,,,1.0,,,Trade Dispute,10
9903.08.11,4911.91.20,Sweden,Base Rate,,,1.0,,,Trade Dispute,10
9903.08.11,4911.91.20,United Kingdom,Base Rate,,,1.0,,,Trade Dispute,10
9903.08.13,6302.21.90,Austria,Base Rate,,,1.0,,,Trade Dispute,10
9903.08.13,6302.21.90,Belgium,Base Rate,,,1.0,,,Trade Dispute,10
9903.08.13,6302.21.90,Finland,Base Rate,,,1.0,,,Trade Dispute,10
9903.08.13,6302.21.90,France,Base Rate,,,1.0,,,Trade Dispute,10
9903.08.13,6302.21.90,Germany,Base Rate,,,1.0,,,Trade Dispute,10
9903.08.13,6302.21.90,Greece,Base Rate,,,1.0,,,Trade Dispute,10
9903.08.13,6302.21.90,Ireland,Base Rate,,,1.0,,,Trade Dispute,10
9903.08.13,6302.21.90,Italy,Base Rate,,,1.0,,,Trade Dispute,10
9903.08.13,6302.21.90,Luxembourg,Base Rate,,,1.0,,,Trade Dispute,10
9903.08.13,6302.21.90,Portugal,Base Rate,,,1.0,,,Trade Dispute,10
9903.08.13,6302.21.90,Spain,Base Rate,,,1.0,,,Trade Dispute,10
9903.08.13,6302.21.90,Sweden,Base Rate,,,1.0,,,Trade Dispute,10
9903.08.13,6302.21.90,United Kingdom,Base Rate,,,1.0,,,Trade Dispute,10
9903.08.14,8507.20.80,Austria,Base Rate,,,1.0,,,Trade Dispute,10
9903.08.14,8507.20.80,Belgium,Base Rate,,,1.0,,,Trade Dispute,10
9903.08.14,8507.20.80,Finland,Base Rate,,,1.0,,,Trade Dispute,10
9903.08.14,8507.20.80,France,Base Rate,,,1.0,,,Trade Dispute,10
9903.08.14,8507.20.80,Germany,Base Rate,,,1.0,,,Trade Dispute,10
9903.08.14,8507.20.80,Greece,Base Rate,,,1.0,,,Trade Dispute,10
9903.08.14,8507.20.80,Ireland,Base Rate,,,1.0,,,Trade Dispute,10
9903.08.14,8507.20.80,Italy,Base Rate,,,1.0,,,Trade Dispute,10
9903.08.14,8507.20.80,Luxembourg,Base Rate,,,1.0,,,Trade Dispute,10
9903.08.14,8507.20.80,Portugal,Base Rate,,,1.0,,,Trade Dispute,10
9903.08.14,8507.20.80,Spain,Base Rate,,,1.0,,,Trade Dispute,10
9903.08.14,8507.20.80,Sweden,Base Rate,,,1.0,,,Trade Dispute,10
9903.08.14,8507.20.80,United Kingdom,Base Rate,,,1.0,,,Trade Dispute,10
9903.08.15,8516.71.00,Austria,Base Rate,,,1.0,,,Trade Dispute,10
9903.08.15,8516.71.00,Belgium,Base Rate,,,1.0,,,Trade Dispute,10
9903.08.15,8516.71.00,Finland,Base Rate,,,1.0,,,Trade Dispute,10
9903.08.15,8516.71.00,France,Base Rate,,,1.0,,,Trade Dispute,10
9903.08.15,8516.71.00,Germany,Base Rate,,,1.0,,,Trade Dispute,10
9903.08.15,8516.71.00,Greece,Base Rate,,,1.0,,,Trade Dispute,10
9903.08.15,8516.71.00,Ireland,Base Rate,,,1.0,,,Trade Dispute,10
9903.08.15,8516.71.00,Luxembourg,Base Rate,,,1.0,,,Trade Dispute,10
9903.08.15,8516.71.00,Portugal,Base Rate,,,1.0,,,Trade Dispute,10
9903.08.15,8516.71.00,Spain,Base Rate,,,1.0,,,Trade Dispute,10
9903.08.15,8516.71.00,Sweden,Base Rate,,,1.0,,,Trade Dispute,10
9903.08.15,8516.71.00,United Kingdom,Base Rate,,,1.0,,,Trade Dispute,10
9903.08.15,8516.71.00.20,Austria,Base Rate,,,1.0,,,Trade Dispute,10
9903.08.15,8516.71.00.20,Belgium,Base Rate,,,1.0,,,Trade Dispute,10
9903.08.15,8516.71.00.20,Finland,Base Rate,,,1.0,,,Trade Dispute,10
9903.08.15,8516.71.00.20,France,Base Rate,,,1.0,,,Trade Dispute,10
9903.08.15,8516.71.00.20,Germany,Base Rate,,,1.0,,,Trade Dispute,10
9903.08.15,8516.71.00.20,Greece,Base Rate,,,1.0,,,Trade Dispute,10
9903.08.15,8516.71.00.20,Ireland,Base Rate,,,1.0,,,Trade Dispute,10
9903.08.15,8516.71.00.20,Luxembourg,Base Rate,,,1.0,,,Trade Dispute,10
9903.08.15,8516.71.00.20,Portugal,Base Rate,,,1.0,,,Trade Dispute,10
9903.08.15,8516.71.00.20,Spain,Base Rate,,,1.0,,,Trade Dispute,10
9903.08.15,8516.71.00.20,Sweden,Base Rate,,,1.0,,,Trade Dispute,10
9903.08.15,8516.71.00.20,United Kingdom,Base Rate,,,1.0,,,Trade Dispute,10
9903.08.15,8516.71.00.40,Austria,Base Rate,,,1.0,,,Trade Dispute,10
9903.08.15,8516.71.00.40,Belgium,Base Rate,,,1.0,,,Trade Dispute,10
9903.08.15,8516.71.00.40,Finland,Base Rate,,,1.0,,,Trade Dispute,10
9903.08.15,8516.71.00.40,France,Base Rate,,,1.0,,,Trade Dispute,10
9903.08.15,8516.71.00.40,Germany,Base Rate,,,1.0,,,Trade Dispute,10
9903.08.15,8516.71.00.40,Greece,Base Rate,,,1.0,,,Trade Dispute,10
9903.08.15,8516.71.00.40,Ireland,Base Rate,,,1.0,,,Trade Dispute,10
9903.08.15,8516.71.00.40,Luxembourg,Base Rate,,,1.0,,,Trade Dispute,10
9903.08.15,8516.71.00.40,Portugal,Base Rate,,,1.0,,,Trade Dispute,10
9903.08.15,8516.71.00.40,Spain,Base Rate,,,1.0,,,Trade Dispute,10
9903.08.15,8516.71.00.40,Sweden,Base Rate,,,1.0,,,Trade Dispute,10
9903.08.15,8516.71.00.40,United Kingdom,Base Rate,,,1.0,,,Trade Dispute,10
9903.08.15,8516.71.00.60,Austria,Base Rate,,,1.0,,,Trade Dispute,10
9903.08.15,8516.71.00.60,Belgium,Base Rate,,,1.0,,,Trade Dispute,10
9903.08.15,8516.71.00.60,Finland,Base Rate,,,1.0,,,Trade Dispute,10
9903.08.15,8516.71.00.60,France,Base Rate,,,1.0,,,Trade Dispute,10
9903.08.15,8516.71.00.60,Germany,Base Rate,,,1.0,,,Trade Dispute,10
9903.08.15,8516.71.00.60,Greece,Base Rate,,,1.0,,,Trade Dispute,10
9903.08.15,8516.71.00.60,Ireland,Base Rate,,,1.0,,,Trade Dispute,10
9903.08.15,8516.71.00.60,Luxembourg,Base Rate,,,1.0,,,Trade Dispute,10
9903.08.15,8516.71.00.60,Portugal,Base Rate,,,1.0,,,Trade Dispute,10
9903.08.15,8516.71.00.60,Spain,Base Rate,,,1.0,,,Trade Dispute,10
9903.08.15,8516.71.00.60,Sweden,Base Rate,,,1.0,,,Trade Dispute,10
9903.08.15,8516.71.00.60,United Kingdom,Base Rate,,,1.0,,,Trade Dispute,10
9903.08.15,8516.71.00.80,Austria,Base Rate,,,1.0,,,Trade Dispute,10
9903.08.15,8516.71.00.80,Belgium,Base Rate,,,1.0,,,Trade Dispute,10
9903.08.15,8516.71.00.80,Finland,Base Rate,,,1.0,,,Trade Dispute,10
9903.08.15,8516.71.00.80,France,Base Rate,,,1.0,,,Trade Dispute,10
9903.08.15,8516.71.00.80,Germany,Base Rate,,,1.0,,,Trade Dispute,10
9903.08.15,8516.71.00.80,Greece,Base Rate,,,1.0,,,Trade Dispute,10
9903.08.15,8516.71.00.80,Ireland,Base Rate,,,1.0,,,Trade Dispute,10
9903.08.15,8516.71.00.80,Luxembourg,Base Rate,,,1.0,,,Trade Dispute,10
9903.08.15,8516.71.00.80,Portugal,Base Rate,,,1.0,,,Trade Dispute,10
9903.08.15,8516.71.00.80,Spain,Base Rate,,,1.0,,,Trade Dispute,10
9903.08.15,8516.71.00.80,Sweden,Base Rate,,,1.0,,,Trade Dispute,10
9903.08.15,8516.71.00.80,United Kingdom,Base Rate,,,1.0,,,Trade Dispute,10
9903.19.19,1901.10.16,Global,0,0.0,,,,,Formula Relief,20
9903.19.19,1901.10.26,Global,0,0.0,,,,,Formula Relief,20
9903.19.19,1901.10.36,Global,0,0.0,,,,,Formula Relief,20
9903.19.19,1901.10.44,Global,0,0.0,,,,,Formula Relief,20
9903.19.20,1901.10.29,Global,0,0.0,,,,,Formula Relief,20
9903.19.20,1901.10.49,Global,0,0.0,,,,,Formula Relief,20
9903.19.21,2106.90.97,Global,0,0.0,,,,,Formula Relief,20
9903.19.22,2106.90.99,Global,0,0.0,,,,,Formula Relief,20
9903.19.23,1901.90.62,Global,0,0.0,,,,,Formula Relief,20
9903.27.01,2710.19.06,Ukraine,Base Rate,,,1.0,,,Ukraine Surcharge,10
9903.27.01,2710.19.11,Ukraine,Base Rate,,,1.0,,,Ukraine Surcharge,10
9903.27.01,2710.20.05,Ukraine,Base Rate,,,1.0,,,Ukraine Surcharge,10
9903.27.01,2710.20.10,Ukraine,Base Rate,,,1.0,,,Ukraine Surcharge,10
9903.27.01,2710.99.05,Ukraine,Base Rate,,,1.0,,,Ukraine Surcharge,10
9903.27.01,2710.99.10,Ukraine,Base Rate,,,1.0,,,Ukraine Surcharge,10
9903.27.02,2804.29.00,Ukraine,Base Rate,,,1.0,,,Ukraine Surcharge,10
9903.27.03,2825.60.00,Ukraine,Base Rate,,,1.0,,,Ukraine Surcharge,10
9903.27.04,2849.20.10,Ukraine,Base Rate,,,1.0,,,Ukraine Surcharge,10
9903.27.04,2849.20.20,Ukraine,Base Rate,,,1.0,,,Ukraine Surcharge,10
9903.27.05,3105.51.00,Ukraine,Base Rate,,,1.0,,,Ukraine Surcharge,10
9903.27.06,3206.11.00,Ukraine,Base Rate,,,1.0,,,Ukraine Surcharge,10
9903.27.06,3206.19.00,Ukraine,Base Rate,,,1.0,,,Ukraine Surcharge,10
9903.27.07,4804.51.00,Ukraine,Base Rate,,,1.0,,,Ukraine Surcharge,10
9903.27.08,6403.99.60,Ukraine,Base Rate,,,1.0,,,Ukraine Surcharge,10
9903.27.08,6403.99.75,Ukraine,Base Rate,,,1.0,,,Ukraine Surcharge,10
9903.27.08,6403.99.90,Ukraine,Base Rate,,,1.0,,,Ukraine Surcharge,10
9903.27.09,6404.19.35,Ukraine,Base Rate,,,1.0,,,Ukraine Surcharge,10
9903.27.10,7102.10.00,Ukraine,Base Rate,,,1.0,,,Ukraine Surcharge,10
9903.27.11,7102.31.00,Ukraine,Base Rate,,,1.0,,,Ukraine Surcharge,10
9903.27.11,7102.39.00,Ukraine,Base Rate,,,1.0,,,Ukraine Surcharge,10
9903.27.12,7115.10.00,Ukraine,Base Rate,,,1.0,,,Ukraine Surcharge,10
9903.27.13,7402.00.00,Ukraine,Base Rate,,,1.0,,,Ukraine Surcharge,10
9903.27.14,7601.20.90,Ukraine,Base Rate,,,1.0,,,Ukraine Surcharge,10
9903.27.15,8418.69.00,Ukraine,Base Rate,,,1.0,,,Ukraine Surcharge,10
9903.40.05,4011.10.10,China,Base Rate,,,0.25,,,Safeguard,10
9903.40.05,4011.20.10,China,Base Rate,,,0.25,,,Safeguard,10
9903.40.10,4011.10.50,China,Base Rate,,,0.25,,,Safeguard,10
9903.40.10,4011.20.50,China,Base Rate,,,0.25,,,Safeguard,10
9903.41.05,4104.11.10,Japan,Base Rate,,,0.4,,,Trade Dispute,10
9903.41.05,4104.11.10.20,Japan,Base Rate,,,0.4,,,Trade Dispute,10
9903.41.05,4104.11.10.40,Japan,Base Rate,,,0.4,,,Trade Dispute,10
9903.41.05,4104.11.20.00,Japan,Base Rate,,,0.4,,,Trade Dispute,10
9903.41.05,4104.11.30,Japan,Base Rate,,,0.4,,,Trade Dispute,10
9903.41.05,4104.11.30.10,Japan,Base Rate,,,0.4,,,Trade Dispute,10
9903.41.05,4104.11.30.60,Japan,Base Rate,,,0.4,,,Trade Dispute,10
9903.41.05,4104.11.40,Japan,Base Rate,,,0.4,,,Trade Dispute,10
9903.41.05,4104.11.40.10,Japan,Base Rate,,,0.4,,,Trade Dispute,10
9903.41.05,4104.11.40.60,Japan,Base Rate,,,0.4,,,Trade Dispute,10
9903.41.05,4104.11.50,Japan,Base Rate,,,0.4,,,Trade Dispute,10
9903.41.05,4104.11.50.30,Japan,Base Rate,,,0.4,,,Trade Dispute,10
9903.41.05,4104.11.50.40,Japan,Base Rate,,,0.4,,,Trade Dispute,10
9903.41.05,4104.11.50.70,Japan,Base Rate,,,0.4,,,Trade Dispute,10
9903.41.05,4104.11.50.80,Japan,Base Rate,,,0.4,,,Trade Dispute,10
9903.41.05,4104.19.10,Japan,Base Rate,,,0.4,,,Trade Dispute,10
9903.41.05,4104.19.10.20,Japan,Base Rate,,,0.4,,,Trade Dispute,10
9903.41.05,4104.19.10.40,Japan,Base Rate,,,0.4,,,Trade Dispute,10
9903.41.05,4104.19.20.00,Japan,Base Rate,,,0.4,,,Trade Dispute,10
9903.41.05,4104.19.30.00,Japan,Base Rate,,,0.4,,,Trade Dispute,10
9903.41.05,4104.19.40,Japan,Base Rate,,,0.4,,,Trade Dispute,10
9903.41.05,4104.19.40.10,Japan,Base Rate,,,0.4,,,Trade Dispute,10
9903.41.05,4104.19.40.60,Japan,Base Rate,,,0.4,,,Trade Dispute,10
9903.41.05,4104.19.50,Japan,Base Rate,,,0.4,,,Trade Dispute,10
9903.41.05,4104.19.50.30,Japan,Base Rate,,,0.4,,,Trade Dispute,10
9903.41.05,4104.19.50.40,Japan,Base Rate,,,0.4,,,Trade Dispute,10
9903.41.05,4104.19.50.70,Japan,Base Rate,,,0.4,,,Trade Dispute,10
9903.41.05,4104.19.50.80,Japan,Base Rate,,,0.4,,,Trade Dispute,10
9903.41.05,4104.41.10,Japan,Base Rate,,,0.4,,,Trade Dispute,10
9903.41.05,4104.41.10.20,Japan,Base Rate,,,0.4,,,Trade Dispute,10
9903.41.05,4104.41.10.40,Japan,Base Rate,,,0.4,,,Trade Dispute,10
9903.41.05,4104.41.20.00,Japan,Base Rate,,,0.4,,,Trade Dispute,10
9903.41.05,4104.41.30,Japan,Base Rate,,,0.4,,,Trade Dispute,10
9903.41.05,4104.41.30.10,Japan,Base Rate,,,0.4,,,Trade Dispute,10
9903.41.05,4104.41.30.60,Japan,Base Rate,,,0.4,,,Trade Dispute,10
9903.41.05,4104.41.40,Japan,Base Rate,,,0.4,,,Trade Dispute,10
9903.41.05,4104.41.40.10,Japan,Base Rate,,,0.4,,,Trade Dispute,10
9903.41.05,4104.41.40.60,Japan,Base Rate,,,0.4,,,Trade Dispute,10
9903.41.05,4104.41.50.00,Japan,Base Rate,,,0.4,,,Trade Dispute,10
9903.41.05,4104.49.10,Japan,Base Rate,,,0.4,,,Trade Dispute,10
9903.41.05,4104.49.10.20,Japan,Base Rate,,,0.4,,,Trade Dispute,10
9903.41.05,4104.49.10.40,Japan,Base Rate,,,0.4,,,Trade Dispute,10
9903.41.05,4104.49.20.00,Japan,Base Rate,,,0.4,,,Trade Dispute,10
9903.41.05,4104.49.30,Japan,Base Rate,,,0.4,,,Trade Dispute,10
9903.41.05,4104.49.30.10,Japan,Base Rate,,,0.4,,,Trade Dispute,10
9903.41.05,4104.49.30.60,Japan,Base Rate,,,0.4,,,Trade Dispute,10
9903.41.05,4104.49.40,Japan,Base Rate,,,0.4,,,Trade Dispute,10
9903.41.05,4104.49.40.10,Japan,Base Rate,,,0.4,,,Trade Dispute,10
9903.41.05,4104.49.40.60,Japan,Base Rate,,,0.4,,,Trade Dispute,10
9903.41.05,4104.49.50.00,Japan,Base Rate,,,0.4,,,Trade Dispute,10
9903.41.05,4105.10.10.00,Japan,Base Rate,,,0.4,,,Trade Dispute,10
9903.41.05,4105.10.90.00,Japan,Base Rate,,,0.4,,,Trade Dispute,10
9903.41.05,4105.30.00.00,Japan,Base Rate,,,0.4,,,Trade Dispute,10
9903.41.05,4106.21.10.00,Japan,Base Rate,,,0.4,,,Trade Dispute,10
9903.41.05,4106.21.90.00,Japan,Base Rate,,,0.4,,,Trade Dispute,10
9903.41.05,4106.22.00.00,Japan,Base Rate,,,0.4,,,Trade Dispute,10
9903.41.05,4106.31.10.00,Japan,Base Rate,,,0.4,,,Trade Dispute,10
9903.41.05,4106.31.90.00,Japan,Base Rate,,,0.4,,,Trade Dispute,10
9903.41.05,4106.32.00.00,Japan,Base Rate,,,0.4,,,Trade Dispute,10
9903.41.05,4106.40.00.00,Japan,Base Rate,,,0.4,,,Trade Dispute,10
9903.41.05,4106.91.00.00,Japan,Base Rate,,,0.4,,,Trade Dispute,10
9903.41.05,4106.92.00.00,Japan,Base Rate,,,0.4,,,Trade Dispute,10
9903.41.05,4107.11.10,Japan,Base Rate,,,0.4,,,Trade Dispute,10
9903.41.05,4107.11.10.20,Japan,Base Rate,,,0.4,,,Trade Dispute,10
9903.41.05,4107.11.10.40,Japan,Base Rate,,,0.4,,,Trade Dispute,10
9903.41.05,4107.11.20.00,Japan,Base Rate,,,0.4,,,Trade Dispute,10
9903.41.05,4107.11.30.00,Japan,Base Rate,,,0.4,,,Trade Dispute,10
9903.41.05,4107.11.40.00,Japan,Base Rate,,,0.4,,,Trade Dispute,10
9903.41.05,4107.11.50.00,Japan,Base Rate,,,0.4,,,Trade Dispute,10
9903.41.05,4107.11.60,Japan,Base Rate,,,0.4,,,Trade Dispute,10
9903.41.05,4107.11.60.10,Japan,Base Rate,,,0.4,,,Trade Dispute,10
9903.41.05,4107.11.60.60,Japan,Base Rate,,,0.4,,,Trade Dispute,10
9903.41.05,4107.11.70,Japan,Base Rate,,,0.4,,,Trade Dispute,10
9903.41.05,4107.11.70.30,Japan,Base Rate,,,0.4,,,Trade Dispute,10
9903.41.05,4107.11.70.40,Japan,Base Rate,,,0.4,,,Trade Dispute,10
9903.41.05,4107.11.70.50,Japan,Base Rate,,,0.4,,,Trade Dispute,10
9903.41.05,4107.11.70.90,Japan,Base Rate,,,0.4,,,Trade Dispute,10
9903.41.05,4107.11.80.00,Japan,Base Rate,,,0.4,,,Trade Dispute,10
9903.41.05,4107.12.10,Japan,Base Rate,,,0.4,,,Trade Dispute,10
9903.41.05,4107.12.10.20,Japan,Base Rate,,,0.4,,,Trade Dispute,10
9903.41.05,4107.12.10.40,Japan,Base Rate,,,0.4,,,Trade Dispute,10
9903.41.05,4107.12.20.00,Japan,Base Rate,,,0.4,,,Trade Dispute,10
9903.41.05,4107.12.30.00,Japan,Base Rate,,,0.4,,,Trade Dispute,10
9903.41.05,4107.12.40.00,Japan,Base Rate,,,0.4,,,Trade Dispute,10
9903.41.05,4107.12.50.00,Japan,Base Rate,,,0.4,,,Trade Dispute,10
9903.41.05,4107.12.60,Japan,Base Rate,,,0.4,,,Trade Dispute,10
9903.41.05,4107.12.60.10,Japan,Base Rate,,,0.4,,,Trade Dispute,10
9903.41.05,4107.12.60.60,Japan,Base Rate,,,0.4,,,Trade Dispute,10
9903.41.05,4107.12.70,Japan,Base Rate,,,0.4,,,Trade Dispute,10
9903.41.05,4107.12.70.30,Japan,Base Rate,,,0.4,,,Trade Dispute,10
9903.41.05,4107.12.70.40,Japan,Base Rate,,,0.4,,,Trade Dispute,10
9903.41.05,4107.12.70.50,Japan,Base Rate,,,0.4,,,Trade Dispute,10
9903.41.05,4107.12.70.90,Japan,Base Rate,,,0.4,,,Trade Dispute,10
9903.41.05,4107.12.80.00,Japan,Base Rate,,,0.4,,,Trade Dispute,10
9903.41.05,4107.19.10,Japan,Base Rate,,,0.4,,,Trade Dispute,10
9903.41.05,4107.19.10.20,Japan,Base Rate,,,0.4,,,Trade Dispute,10
9903.41.05,4107.19.10.40,Japan,Base Rate,,,0.4,,,Trade Dispute,10
9903.41.05,4107.19.20.00,Japan,Base Rate,,,0.4,,,Trade Dispute,10
9903.41.05,4107.19.30.00,Japan,Base Rate,,,0.4,,,Trade Dispute,10
9903.41.05,4107.19.40.00,Japan,Base Rate,,,0.4,,,Trade Dispute,10
9903.41.05,4107.19.50.00,Japan,Base Rate,,,0.4,,,Trade Dispute,10
9903.41.05,4107.19.60,Japan,Base Rate,,,0.4,,,Trade Dispute,10
9903.41.05,4107.19.60.10,Japan,Base Rate,,,0.4,,,Trade Dispute,10
9903.41.05,4107.19.60.50,Japan,Base Rate,,,0.4,,,Trade Dispute,10
9903.41.05,4107.19.70,Japan,Base Rate,,,0.4,,,Trade Dispute,10
9903.41.05,4107.19.70.30,Japan,Base Rate,,,0.4,,,Trade Dispute,10
9903.41.05,4107.19.70.40,Japan,Base Rate,,,0.4,,,Trade Dispute,10
9903.41.05,4107.19.70.50,Japan,Base Rate,,,0.4,,,Trade Dispute,10
9903.41.05,4107.19.70.90,Japan,Base Rate,,,0.4,,,Trade Dispute,10
9903.41.05,4107.19.80.00,Japan,Base Rate,,,0.4,,,Trade Dispute,10
9903.41.05,4107.91.40.00,Japan,Base Rate,,,0.4,,,Trade Dispute,10
9903.41.05,4107.91.50.00,Japan,Base Rate,,,0.4,,,Trade Dispute,10
9903.41.05,4107.91.60,Japan,Base Rate,,,0.4,,,Trade Dispute,10
9903.41.05,4107.91.60.10,Japan,Base Rate,,,0.4,,,Trade Dispute,10
9903.41.05,4107.91.60.50,Japan,Base Rate,,,0.4,,,Trade Dispute,10
9903.41.05,4107.91.70,Japan,Base Rate,,,0.4,,,Trade Dispute,10
9903.41.05,4107.91.70.30,Japan,Base Rate,,,0.4,,,Trade Dispute,10
9903.41.05,4107.91.70.40,Japan,Base Rate,,,0.4,,,Trade Dispute,10
9903.41.05,4107.91.70.50,Japan,Base Rate,,,0.4,,,Trade Dispute,10
9903.41.05,4107.91.70.90,Japan,Base Rate,,,0.4,,,Trade Dispute,10
9903.41.05,4107.91.80.00,Japan,Base Rate,,,0.4,,,Trade Dispute,10
9903.41.05,4107.92.40.00,Japan,Base Rate,,,0.4,,,Trade Dispute,10
9903.41.05,4107.92.50.00,Japan,Base Rate,,,0.4,,,Trade Dispute,10
9903.41.05,4107.92.60,Japan,Base Rate,,,0.4,,,Trade Dispute,10
9903.41.05,4107.92.60.10,Japan,Base Rate,,,0.4,,,Trade Dispute,10
9903.41.05,4107.92.60.50,Japan,Base Rate,,,0.4,,,Trade Dispute,10
9903.41.05,4107.92.70,Japan,Base Rate,,,0.4,,,Trade Dispute,10
9903.41.05,4107.92.70.30,Japan,Base Rate,,,0.4,,,Trade Dispute,10
9903.41.05,4107.92.70.40,Japan,Base Rate,,,0.4,,,Trade Dispute,10
9903.41.05,4107.92.70.50,Japan,Base Rate,,,0.4,,,Trade Dispute,10
9903.41.05,4107.92.70.90,Japan,Base Rate,,,0.4,,,Trade Dispute,10
9903.41.05,4107.92.80.00,Japan,Base Rate,,,0.4,,,Trade Dispute,10
9903.41.05,4107.99.40.00,Japan,Base Rate,,,0.4,,,Trade Dispute,10
9903.41.05,4107.99.50.00,Japan,Base Rate,,,0.4,,,Trade Dispute,10
9903.41.05,4107.99.60,Japan,Base Rate,,,0.4,,,Trade Dispute,10
9903.41.05,4107.99.60.10,Japan,Base Rate,,,0.4,,,Trade Dispute,10
9903.41.05,4107.99.60.50,Japan,Base Rate,,,0.4,,,Trade Dispute,10
9903.41.05,4107.99.70,Japan,Base Rate,,,0.4,,,Trade Dispute,10
9903.41.05,4107.99.70.30,Japan,Base Rate,,,0.4,,,Trade Dispute,10
9903.41.05,4107.99.70.40,Japan,Base Rate,,,0.4,,,Trade Dispute,10
9903.41.05,4107.99.70.50,Japan,Base Rate,,,0.4,,,Trade Dispute,10
9903.41.05,4107.99.70.90,Japan,Base Rate,,,0.4,,,Trade Dispute,10
9903.41.05,4107.99.80.00,Japan,Base Rate,,,0.4,,,Trade Dispute,10
9903.41.05,4112.00.30,Japan,Base Rate,,,0.4,,,Trade Dispute,10
9903.41.05,4112.00.30.30,Japan,Base Rate,,,0.4,,,Trade Dispute,10
9903.41.05,4112.00.30.60,Japan,Base Rate,,,0.4,,,Trade Dispute,10
9903.41.05,4112.00.60.00,Japan,Base Rate,,,0.4,,,Trade Dispute,10
9903.41.05,4113.10.30.00,Japan,Base Rate,,,0.4,,,Trade Dispute,10
9903.41.05,4113.10.60.00,Japan,Base Rate,,,0.4,,,Trade Dispute,10
9903.41.05,4113.20.00.00,Japan,Base Rate,,,0.4,,,Trade Dispute,10
9903.41.05,4113.30.30.00,Japan,Base Rate,,,0.4,,,Trade Dispute,10
9903.41.05,4113.30.60.00,Japan,Base Rate,,,0.4,,,Trade Dispute,10
9903.41.05,4113.90.30.00,Japan,Base Rate,,,0.4,,,Trade Dispute,10
9903.41.05,4113.90.60.00,Japan,Base Rate,,,0.4,,,Trade Dispute,10
9903.41.10,6401.10.00,Japan,Base Rate,,,0.4,,,Trade Dispute,10
9903.41.10,6401.92.30,Japan,Base Rate,,,0.4,,,Trade Dispute,10
9903.41.10,6401.92.60,Japan,Base Rate,,,0.4,,,Trade Dispute,10
9903.41.10,6401.92.90,Japan,Base Rate,,,0.4,,,Trade Dispute,10
9903.41.10,6401.99.10,Japan,Base Rate,,,0.4,,,Trade Dispute,10
9903.41.10,6401.99.30,Japan,Base Rate,,,0.4,,,Trade Dispute,10
9903.41.10,6401.99.60,Japan,Base Rate,,,0.4,,,Trade Dispute,10
9903.41.10,6401.99.80,Japan,Base Rate,,,0.4,,,Trade Dispute,10
9903.41.10,6401.99.90,Japan,Base Rate,,,0.4,,,Trade Dispute,10
9903.41.10,6402.12.00,Japan,Base Rate,,,0.4,,,Trade Dispute,10
9903.41.10,6402.19.05,Japan,Base Rate,,,0.4,,,Trade Dispute,10
9903.41.10,6402.19.15,Japan,Base Rate,,,0.4,,,Trade Dispute,10
9903.41.10,6402.19.30,Japan,Base Rate,,,0.4,,,Trade Dispute,10
9903.41.10,6402.19.50,Japan,Base Rate,,,0.4,,,Trade Dispute,10
9903.41.10,6402.19.70,Japan,Base Rate,,,0.4,,,Trade Dispute,10
9903.41.10,6402.19.90,Japan,Base Rate,,,0.4,,,Trade Dispute,10
9903.41.10,6402.20.00,Japan,Base Rate,,,0.4,,,Trade Dispute,10
9903.41.10,6402.91.05,Japan,Base Rate,,,0.4,,,Trade Dispute,10
9903.41.10,6402.91.10,Japan,Base Rate,,,0.4,,,Trade Dispute,10
9903.41.10,6402.91.16,Japan,Base Rate,,,0.4,,,Trade Dispute,10
9903.41.10,6402.91.20,Japan,Base Rate,,,0.4,,,Trade Dispute,10
9903.41.10,6402.91.26,Japan,Base Rate,,,0.4,,,Trade Dispute,10
9903.41.10,6402.91.30,Japan,Base Rate,,,0.4,,,Trade Dispute,10
9903.41.10,6402.91.40,Japan,Base Rate,,,0.4,,,Trade Dispute,10
9903.41.10,6402.91.42,Japan,Base Rate,,,0.4,,,Trade Dispute,10
9903.41.10,6402.91.50,Japan,Base Rate,,,0.4,,,Trade Dispute,10
9903.41.10,6402.91.60,Japan,Base Rate,,,0.4,,,Trade Dispute,10
9903.41.10,6402.91.70,Japan,Base Rate,,,0.4,,,Trade Dispute,10
9903.41.10,6402.91.80,Japan,Base Rate,,,0.4,,,Trade Dispute,10
9903.41.10,6402.91.90,Japan,Base Rate,,,0.4,,,Trade Dispute,10
9903.41.10,6402.99.04,Japan,Base Rate,,,0.4,,,Trade Dispute,10
9903.41.10,6402.99.08,Japan,Base Rate,,,0.4,,,Trade Dispute,10
9903.41.10,6402.99.12,Japan,Base Rate,,,0.4,,,Trade Dispute,10
9903.41.10,6402.99.16,Japan,Base Rate,,,0.4,,,Trade Dispute,10
9903.41.10,6402.99.19,Japan,Base Rate,,,0.4,,,Trade Dispute,10
9903.41.10,6402.99.21,Japan,Base Rate,,,0.4,,,Trade Dispute,10
9903.41.10,6402.99.23,Japan,Base Rate,,,0.4,,,Trade Dispute,10
9903.41.10,6402.99.25,Japan,Base Rate,,,0.4,,,Trade Dispute,10
9903.41.10,6402.99.27,Japan,Base Rate,,,0.4,,,Trade Dispute,10
9903.41.10,6402.99.31,Japan,Base Rate,,,0.4,,,Trade Dispute,10
9903.41.10,6402.99.32,Japan,Base Rate,,,0.4,,,Trade Dispute,10
9903.41.10,6402.99.33,Japan,Base Rate,,,0.4,,,Trade Dispute,10
9903.41.10,6402.99.41,Japan,Base Rate,,,0.4,,,Trade Dispute,10
9903.41.10,6402.99.49,Japan,Base Rate,,,0.4,,,Trade Dispute,10
9903.41.10,6402.99.61,Japan,Base Rate,,,0.4,,,Trade Dispute,10
9903.41.10,6402.99.69,Japan,Base Rate,,,0.4,,,Trade Dispute,10
9903.41.10,6402.99.71,Japan,Base Rate,,,0.4,,,Trade Dispute,10
9903.41.10,6402.99.79,Japan,Base Rate,,,0.4,,,Trade Dispute,10
9903.41.10,6402.99.80,Japan,Base Rate,,,0.4,,,Trade Dispute,10
9903.41.10,6402.99.90,Japan,Base Rate,,,0.4,,,Trade Dispute,10
9903.41.10,6403.12.30,Japan,Base Rate,,,0.4,,,Trade Dispute,10
9903.41.10,6403.12.60,Japan,Base Rate,,,0.4,,,Trade Dispute,10
9903.41.10,6403.19.10,Japan,Base Rate,,,0.4,,,Trade Dispute,10
9903.41.10,6403.19.20,Japan,Base Rate,,,0.4,,,Trade Dispute,10
9903.41.10,6403.19.30,Japan,Base Rate,,,0.4,,,Trade Dispute,10
9903.41.10,6403.19.40,Japan,Base Rate,,,0.4,,,Trade Dispute,10
9903.41.10,6403.19.50,Japan,Base Rate,,,0.4,,,Trade Dispute,10
9903.41.10,6403.19.70,Japan,Base Rate,,,0.4,,,Trade Dispute,10
9903.41.10,6403.20.00,Japan,Base Rate,,,0.4,,,Trade Dispute,10
9903.41.10,6403.40.30,Japan,Base Rate,,,0.4,,,Trade Dispute,10
9903.41.10,6403.40.60,Japan,Base Rate,,,0.4,,,Trade Dispute,10
9903.41.10,6403.51.11,Japan,Base Rate,,,0.4,,,Trade Dispute,10
9903.41.10,6403.51.30,Japan,Base Rate,,,0.4,,,Trade Dispute,10
9903.41.10,6403.51.60,Japan,Base Rate,,,0.4,,,Trade Dispute,10
9903.41.10,6403.51.90,Japan,Base Rate,,,0.4,,,Trade Dispute,10
9903.41.10,6403.59.10,Japan,Base Rate,,,0.4,,,Trade Dispute,10
9903.41.10,6403.59.15,Japan,Base Rate,,,0.4,,,Trade Dispute,10
9903.41.10,6403.59.30,Japan,Base Rate,,,0.4,,,Trade Dispute,10
9903.41.10,6403.59.60,Japan,Base Rate,,,0.4,,,Trade Dispute,10
9903.41.10,6403.59.90,Japan,Base Rate,,,0.4,,,Trade Dispute,10
9903.41.10,6403.91.11,Japan,Base Rate,,,0.4,,,Trade Dispute,10
9903.41.10,6403.91.30,Japan,Base Rate,,,0.4,,,Trade Dispute,10
9903.41.10,6403.91.60,Japan,Base Rate,,,0.4,,,Trade Dispute,10
9903.41.10,6403.91.90,Japan,Base Rate,,,0.4,,,Trade Dispute,10
9903.41.10,6403.99.10,Japan,Base Rate,,,0.4,,,Trade Dispute,10
9903.41.10,6403.99.20,Japan,Base Rate,,,0.4,,,Trade Dispute,10
9903.41.10,6403.99.40,Japan,Base Rate,,,0.4,,,Trade Dispute,10
9903.41.10,6403.99.60,Japan,Base Rate,,,0.4,,,Trade Dispute,10
9903.41.10,6403.99.75,Japan,Base Rate,,,0.4,,,Trade Dispute,10
9903.41.10,6403.99.90,Japan,Base Rate,,,0.4,,,Trade Dispute,10
9903.41.10,6404.11.20,Japan,Base Rate,,,0.4,,,Trade Dispute,10
9903.41.10,6404.11.41,Japan,Base Rate,,,0.4,,,Trade Dispute,10
9903.41.10,6404.11.49,Japan,Base Rate,,,0.4,,,Trade Dispute,10
9903.41.10,6404.11.51,Japan,Base Rate,,,0.4,,,Trade Dispute,10
9903.41.10,6404.11.59,Japan,Base Rate,,,0.4,,,Trade Dispute,10
9903.41.10,6404.11.61,Japan,Base Rate,,,0.4,,,Trade Dispute,10
9903.41.10,6404.11.69,Japan,Base Rate,,,0.4,,,Trade Dispute,10
9903.41.10,6404.11.71,Japan,Base Rate,,,0.4,,,Trade Dispute,10
9903.41.10,6404.11.75,Japan,Base Rate,,,0.4,,,Trade Dispute,10
9903.41.10,6404.11.79,Japan,Base Rate,,,0.4,,,Trade Dispute,10
9903.41.10,6404.11.81,Japan,Base Rate,,,0.4,,,Trade Dispute,10
9903.41.10,6404.11.85,Japan,Base Rate,,,0.4,,,Trade Dispute,10
9903.41.10,6404.11.89,Japan,Base Rate,,,0.4,,,Trade Dispute,10
9903.41.10,6404.11.90,Japan,Base Rate,,,0.4,,,Trade Dispute,10
9903.41.10,6404.19.15,Japan,Base Rate,,,0.4,,,Trade Dispute,10
9903.41.10,6404.19.20,Japan,Base Rate,,,0.4,,,Trade Dispute,10
9903.41.10,6404.19.25,Japan,Base Rate,,,0.4,,,Trade Dispute,10
9903.41.10,6404.19.30,Japan,Base Rate,,,0.4,,,Trade Dispute,10
9903.41.10,6404.19.36,Japan,Base Rate,,,0.4,,,Trade Dispute,10
9903.41.10,6404.19.37,Japan,Base Rate,,,0.4,,,Trade Dispute,10
9903.41.10,6404.19.39,Japan,Base Rate,,,0.4,,,Trade Dispute,10
9903.41.10,6404.19.42,Japan,Base Rate,,,0.4,,,Trade Dispute,10
9903.41.10,6404.19.47,Japan,Base Rate,,,0.4,,,Trade Dispute,10
9903.41.10,6404.19.49,Japan,Base Rate,,,0.4,,,Trade Dispute,10
9903.41.10,6404.19.52,Japan,Base Rate,,,0.4,,,Trade Dispute,10
9903.41.10,6404.19.57,Japan,Base Rate,,,0.4,,,Trade Dispute,10
9903.41.10,6404.19.59,Japan,Base Rate,,,0.4,,,Trade Dispute,10
9903.41.10,6404.19.61,Japan,Base Rate,,,0.4,,,Trade Dispute,10
9903.41.10,6404.19.69,Japan,Base Rate,,,0.4,,,Trade Dispute,10
9903.41.10,6404.19.72,Japan,Base Rate,,,0.4,,,Trade Dispute,10
9903.41.10,6404.19.77,Japan,Base Rate,,,0.4,,,Trade Dispute,10
9903.41.10,6404.19.79,Japan,Base Rate,,,0.4,,,Trade Dispute,10
9903.41.10,6404.19.82,Japan,Base Rate,,,0.4,,,Trade Dispute,10
9903.41.10,6404.19.87,Japan,Base Rate,,,0.4,,,Trade Dispute,10
9903.41.10,6404.19.89,Japan,Base Rate,,,0.4,,,Trade Dispute,10
9903.41.10,6404.19.90,Japan,Base Rate,,,0.4,,,Trade Dispute,10
9903.41.10,6404.20.20,Japan,Base Rate,,,0.4,,,Trade Dispute,10
9903.41.10,6404.20.40,Japan,Base Rate,,,0.4,,,Trade Dispute,10
9903.41.10,6404.20.60,Japan,Base Rate,,,0.4,,,Trade Dispute,10
9903.41.10,6405.10.00,Japan,Base Rate,,,0.4,,,Trade Dispute,10
9903.41.10,6405.20.30,Japan,Base Rate,,,0.4,,,Trade Dispute,10
9903.41.10,6405.20.60,Japan,Base Rate,,,0.4,,,Trade Dispute,10
9903.41.10,6405.20.90,Japan,Base Rate,,,0.4,,,Trade Dispute,10
9903.41.10,6405.90.20,Japan,Base Rate,,,0.4,,,Trade Dispute,10
9903.41.10,6405.90.90,Japan,Base Rate,,,0.4,,,Trade Dispute,10
9903.41.10,6406.10.05,Japan,Base Rate,,,0.4,,,Trade Dispute,10
9903.41.10,6406.10.10,Japan,Base Rate,,,0.4,,,Trade Dispute,10
9903.41.10,6406.10.20,Japan,Base Rate,,,0.4,,,Trade Dispute,10
9903.41.10,6406.10.25,Japan,Base Rate,,,0.4,,,Trade Dispute,10
9903.41.10,6406.10.30,Japan,Base Rate,,,0.4,,,Trade Dispute,10
9903.41.10,6406.10.35,Japan,Base Rate,,,0.4,,,Trade Dispute,10
9903.41.10,6406.10.40,Japan,Base Rate,,,0.4,,,Trade Dispute,10
9903.41.10,6406.10.45,Japan,Base Rate,,,0.4,,,Trade Dispute,10
9903.41.10,6406.10.50,Japan,Base Rate,,,0.4,,,Trade Dispute,10
9903.41.10,6406.10.60,Japan,Base Rate,,,0.4,,,Trade Dispute,10
9903.41.10,6406.10.65,Japan,Base Rate,,,0.4,,,Trade Dispute,10
9903.41.10,6406.10.70,Japan,Base Rate,,,0.4,,,Trade Dispute,10
9903.41.10,6406.10.72,Japan,Base Rate,,,0.4,,,Trade Dispute,10
9903.41.10,6406.10.77,Japan,Base Rate,,,0.4,,,Trade Dispute,10
9903.41.10,6406.10.85,Japan,Base Rate,,,0.4,,,Trade Dispute,10
9903.41.10,6406.10.90,Japan,Base Rate,,,0.4,,,Trade Dispute,10
9903.41.10,6406.20.00,Japan,Base Rate,,,0.4,,,Trade Dispute,10
9903.41.10,6406.90.10,Japan,Base Rate,,,0.4,,,Trade Dispute,10
9903.41.10,6406.90.15,Japan,Base Rate,,,0.4,,,Trade Dispute,10
9903.41.10,6406.90.30,Japan,Base Rate,,,0.4,,,Trade Dispute,10
9903.41.10,6406.90.60,Japan,Base Rate,,,0.4,,,Trade Dispute,10
9903.41.10,6406.90.90,Japan,Base Rate,,,0.4,,,Trade Dispute,10
9903.41.15,8471.30.01.00,Japan,Base Rate,,,1.0,,,Trade Dispute,10
9903.41.15,8471.41.01,Japan,Base Rate,,,1.0,,,Trade Dispute,10
9903.41.15,8471.41.01.10,Japan,Base Rate,,,1.0,,,Trade Dispute,10
9903.41.15,8471.41.01.50,Japan,Base Rate,,,1.0,,,Trade Dispute,10
9903.41.20,8471.49.10,Japan,Base Rate,,,1.0,,,Trade Dispute,10
9903.41.25,8471.49.10,Japan,Base Rate,,,1.0,,,Trade Dispute,10
9903.41.30,8467.29.00,Japan,Base Rate,,,1.0,,,Trade Dispute,10
9903.41.30,8467.29.00.10,Japan,Base Rate,,,1.0,,,Trade Dispute,10
9903.41.30,8467.29.00.15,Japan,Base Rate,,,1.0,,,Trade Dispute,10
9903.41.30,8467.29.00.25,Japan,Base Rate,,,1.0,,,Trade Dispute,10
9903.41.30,8467.29.00.35,Japan,Base Rate,,,1.0,,,Trade Dispute,10
9903.41.30,8467.29.00.40,Japan,Base Rate,,,1.0,,,Trade Dispute,10
9903.41.30,8467.29.00.55,Japan,Base Rate,,,1.0,,,Trade Dispute,10
9903.41.30,8467.29.00.65,Japan,Base Rate,,,1.0,,,Trade Dispute,10
9903.41.30,8467.29.00.70,Japan,Base Rate,,,1.0,,,Trade Dispute,10
9903.41.30,8467.29.00.80,Japan,Base Rate,,,1.0,,,Trade Dispute,10
9903.41.30,8467.29.00.85,Japan,Base Rate,,,1.0,,,Trade Dispute,10
9903.41.30,8467.29.00.90,Japan,Base Rate,,,1.0,,,Trade Dispute,10
9903.41.35,8467.21.00,Japan,Base Rate,,,1.0,,,Trade Dispute,10
9903.41.35,8467.21.00.10,Japan,Base Rate,,,1.0,,,Trade Dispute,10
9903.41.35,8467.21.00.30,Japan,Base Rate,,,1.0,,,Trade Dispute,10
9903.41.35,8467.21.00.50,Japan,Base Rate,,,1.0,,,Trade Dispute,10
9903.41.35,8467.21.00.70,Japan,Base Rate,,,1.0,,,Trade Dispute,10
9903.41.35,8467.29.00,Japan,Base Rate,,,1.0,,,Trade Dispute,10
9903.41.35,8467.29.00.10,Japan,Base Rate,,,1.0,,,Trade Dispute,10
9903.41.35,8467.29.00.15,Japan,Base Rate,,,1.0,,,Trade Dispute,10
9903.41.35,8467.29.00.25,Japan,Base Rate,,,1.0,,,Trade Dispute,10
9903.41.35,8467.29.00.35,Japan,Base Rate,,,1.0,,,Trade Dispute,10
9903.41.35,8467.29.00.40,Japan,Base Rate,,,1.0,,,Trade Dispute,10
9903.41.35,8467.29.00.55,Japan,Base Rate,,,1.0,,,Trade Dispute,10
9903.41.35,8467.29.00.65,Japan,Base Rate,,,1.0,,,Trade Dispute,10
9903.41.35,8467.29.00.70,Japan,Base Rate,,,1.0,,,Trade Dispute,10
9903.41.35,8467.29.00.80,Japan,Base Rate,,,1.0,,,Trade Dispute,10
9903.41.35,8467.29.00.85,Japan,Base Rate,,,1.0,,,Trade Dispute,10
9903.41.35,8467.29.00.90,Japan,Base Rate,,,1.0,,,Trade Dispute,10
9903.41.40,8528.72.32,Japan,Base Rate,,,1.0,,,Trade Dispute,10
9903.41.40,8528.72.48,Japan,Base Rate,,,1.0,,,Trade Dispute,10
9903.41.45,8528.72.32,Japan,Base Rate,,,1.0,,,Trade Dispute,10
9903.41.45,8528.72.48,Japan,Base Rate,,,1.0,,,Trade Dispute,10
9903.45.01,8450.11.00,Afghanistan,Base Rate,,,0.0,,,Section 201,10
9903.45.01,8450.11.00,Albania,Base Rate,,,0.0,,,Section 201,10
9903.45.01,8450.11.00,Algeria,Base Rate,,,0.0,,,Section 201,10
9903.45.01,8450.11.00,Andorra,Base Rate,,,0.14,,,Section 201,10
9903.45.01,8450.11.00,Angola,Base Rate,,,0.0,,,Section 201,10
9903.45.01,8450.11.00,Antigua and Barbuda,Base Rate,,,0.14,,,Section 201,10
9903.45.01,8450.11.00,Armenia,Base Rate,,,0.0,,,Section 201,10
9903.45.01,8450.11.00,Australia,Base Rate,,,0.14,,,Section 201,10
9903.45.01,8450.11.00,Austria,Base Rate,,,0.14,,,Section 201,10
9903.45.01,8450.11.00,Azerbaijan,Base Rate,,,0.0,,,Section 201,10
9903.45.01,8450.11.00,Bahamas,Base Rate,,,0.14,,,Section 201,10
9903.45.01,8450.11.00,Bahrain,Base Rate,,,0.14,,,Section 201,10
9903.45.01,8450.11.00,Barbados,Base Rate,,,0.14,,,Section 201,10
9903.45.01,8450.11.00,Belgium,Base Rate,,,0.14,,,Section 201,10
9903.45.01,8450.11.00,Belize,Base Rate,,,0.0,,,Section 201,10
9903.45.01,8450.11.00,Benin,Base Rate,,,0.0,,,Section 201,10
9903.45.01,8450.11.00,Bhutan,Base Rate,,,0.0,,,Section 201,10
9903.45.01,8450.11.00,Bolivia,Base Rate,,,0.0,,,Section 201,10
9903.45.01,8450.11.00,Bosnia and Herzegovina,Base Rate,,,0.0,,,Section 201,10
9903.45.01,8450.11.00,Botswana,Base Rate,,,0.0,,,Section 201,10
9903.45.01,8450.11.00,Brazil,Base Rate,,,0.0,,,Section 201,10
9903.45.01,8450.11.00,Brunei,Base Rate,,,0.14,,,Section 201,10
9903.45.01,8450.11.00,Bulgaria,Base Rate,,,0.14,,,Section 201,10
9903.45.01,8450.11.00,Burkina Faso,Base Rate,,,0.0,,,Section 201,10
9903.45.01,8450.11.00,Burma,Base Rate,,,0.0,,,Section 201,10
9903.45.01,8450.11.00,Burundi,Base Rate,,,0.0,,,Section 201,10
9903.45.01,8450.11.00,Cambodia,Base Rate,,,0.0,,,Section 201,10
9903.45.01,8450.11.00,Cameroon,Base Rate,,,0.0,,,Section 201,10
9903.45.01,8450.11.00,Canada,Base Rate,,,0.14,,,Section 201,10
9903.45.01,8450.11.00,Cape Verde,Base Rate,,,0.0,,,Section 201,10
9903.45.01,8450.11.00,Central African Republic,Base Rate,,,0.0,,,Section 201,10
9903.45.01,8450.11.00,Chad,Base Rate,,,0.0,,,Section 201,10
9903.45.01,8450.11.00,Chile,Base Rate,,,0.14,,,Section 201,10
9903.45.01,8450.11.00,China,Base Rate,,,0.14,,,Section 201,10
9903.45.01,8450.11.00,Comoros,Base Rate,,,0.0,,,Section 201,10
9903.45.01,8450.11.00,Cote d'Ivoire,Base Rate,,,0.0,,,Section 201,10
9903.45.01,8450.11.00,Croatia,Base Rate,,,0.14,,,Section 201,10
9903.45.01,8450.11.00,Cyprus,Base Rate,,,0.14,,,Section 201,10
9903.45.01,8450.11.00,Czech Republic,Base Rate,,,0.14,,,Section 201,10
9903.45.01,8450.11.00,DR Congo,Base Rate,,,0.0,,,Section 201,10
9903.45.01,8450.11.00,Denmark,Base Rate,,,0.14,,,Section 201,10
9903.45.01,8450.11.00,Djibouti,Base Rate,,,0.0,,,Section 201,10
9903.45.01,8450.11.00,Dominica,Base Rate,,,0.0,,,Section 201,10
9903.45.01,8450.11.00,Ecuador,Base Rate,,,0.0,,,Section 201,10
9903.45.01,8450.11.00,Egypt,Base Rate,,,0.0,,,Section 201,10
9903.45.01,8450.11.00,Eritrea,Base Rate,,,0.0,,,Section 201,10
9903.45.01,8450.11.00,Estonia,Base Rate,,,0.14,,,Section 201,10
9903.45.01,8450.11.00,Ethiopia,Base Rate,,,0.0,,,Section 201,10
9903.45.01,8450.11.00,Fiji,Base Rate,,,0.0,,,Section 201,10
9903.45.01,8450.11.00,Finland,Base Rate,,,0.14,,,Section 201,10
9903.45.01,8450.11.00,France,Base Rate,,,0.14,,,Section 201,10
9903.45.01,8450.11.00,Gabon,Base Rate,,,0.0,,,Section 201,10
9903.45.01,8450.11.00,Gambia,Base Rate,,,0.0,,,Section 201,10
9903.45.01,8450.11.00,Georgia,Base Rate,,,0.0,,,Section 201,10
9903.45.01,8450.11.00,Germany,Base Rate,,,0.14,,,Section 201,10
9903.45.01,8450.11.00,Ghana,Base Rate,,,0.0,,,Section 201,10
9903.45.01,8450.11.00,Greece,Base Rate,,,0.14,,,Section 201,10
9903.45.01,8450.11.00,Grenada,Base Rate,,,0.0,,,Section 201,10
9903.45.01,8450.11.00,Guinea,Base Rate,,,0.0,,,Section 201,10
9903.45.01,8450.11.00,Guinea-Bissau,Base Rate,,,0.0,,,Section 201,10
9903.45.01,8450.11.00,Guyana,Base Rate,,,0.0,,,Section 201,10
9903.45.01,8450.11.00,Haiti,Base Rate,,,0.0,,,Section 201,10
9903.45.01,8450.11.00,Hong Kong,Base Rate,,,0.14,,,Section 201,10
9903.45.01,8450.11.00,Hungary,Base Rate,,,0.14,,,Section 201,10
9903.45.01,8450.11.00,Iceland,Base Rate,,,0.14,,,Section 201,10
9903.45.01,8450.11.00,India,Base Rate,,,0.0,,,Section 201,10
9903.45.01,8450.11.00,Indonesia,Base Rate,,,0.0,,,Section 201,10
9903.45.01,8450.11.00,Iraq,Base Rate,,,0.0,,,Section 201,10
9903.45.01,8450.11.00,Ireland,Base Rate,,,0.14,,,Section 201,10
9903.45.01,8450.11.00,Israel,Base Rate,,,0.14,,,Section 201,10
9903.45.01,8450.11.00,Italy,Base Rate,,,0.14,,,Section 201,10
9903.45.01,8450.11.00,Jamaica,Base Rate,,,0.0,,,Section 201,10
9903.45.01,8450.11.00,Japan,Base Rate,,,0.14,,,Section 201,10
9903.45.01,8450.11.00,Jordan,Base Rate,,,0.0,,,Section 201,10
9903.45.01,8450.11.00,Kazakhstan,Base Rate,,,0.0,,,Section 201,10
9903.45.01,8450.11.00,Kenya,Base Rate,,,0.0,,,Section 201,10
9903.45.01,8450.11.00,Kiribati,Base Rate,,,0.0,,,Section 201,10
9903.45.01,8450.11.00,Kosovo,Base Rate,,,0.0,,,Section 201,10
9903.45.01,8450.11.00,Kuwait,Base Rate,,,0.14,,,Section 201,10
9903.45.01,8450.11.00,Kyrgyzstan,Base Rate,,,0.0,,,Section 201,10
9903.45.01,8450.11.00,Laos,Base Rate,,,0.0,,,Section 201,10
9903.45.01,8450.11.00,Latvia,Base Rate,,,0.14,,,Section 201,10
9903.45.01,8450.11.00,Lebanon,Base Rate,,,0.0,,,Section 201,10
9903.45.01,8450.11.00,Lesotho,Base Rate,,,0.0,,,Section 201,10
9903.45.01,8450.11.00,Liberia,Base Rate,,,0.0,,,Section 201,10
9903.45.01,8450.11.00,Liechtenstein,Base Rate,,,0.14,,,Section 201,10
9903.45.01,8450.11.00,Lithuania,Base Rate,,,0.14,,,Section 201,10
9903.45.01,8450.11.00,Luxembourg,Base Rate,,,0.14,,,Section 201,10
9903.45.01,8450.11.00,Macau,Base Rate,,,0.14,,,Section 201,10
9903.45.01,8450.11.00,Macedonia,Base Rate,,,0.0,,,Section 201,10
9903.45.01,8450.11.00,Madagascar,Base Rate,,,0.0,,,Section 201,10
9903.45.01,8450.11.00,Malawi,Base Rate,,,0.0,,,Section 201,10
9903.45.01,8450.11.00,Malaysia,Base Rate,,,0.14,,,Section 201,10
9903.45.01,8450.11.00,Maldives,Base Rate,,,0.0,,,Section 201,10
9903.45.01,8450.11.00,Mali,Base Rate,,,0.0,,,Section 201,10
9903.45.01,8450.11.00,Malta,Base Rate,,,0.14,,,Section 201,10
9903.45.01,8450.11.00,Marshall Islands,Base Rate,,,0.14,,,Section 201,10
9903.45.01,8450.11.00,Mauritania,Base Rate,,,0.0,,,Section 201,10
9903.45.01,8450.11.00,Mauritius,Base Rate,,,0.0,,,Section 201,10
9903.45.01,8450.11.00,Mexico,Base Rate,,,0.14,,,Section 201,10
9903.45.01,8450.11.00,Micronesia,Base Rate,,,0.14,,,Section 201,10
9903.45.01,8450.11.00,Moldova,Base Rate,,,0.0,,,Section 201,10
9903.45.01,8450.11.00,Monaco,Base Rate,,,0.14,,,Section 201,10
9903.45.01,8450.11.00,Mongolia,Base Rate,,,0.0,,,Section 201,10
9903.45.01,8450.11.00,Montenegro,Base Rate,,,0.0,,,Section 201,10
9903.45.01,8450.11.00,Mozambique,Base Rate,,,0.0,,,Section 201,10
9903.45.01,8450.11.00,Namibia,Base Rate,,,0.0,,,Section 201,10
9903.45.01,8450.11.00,Nauru,Base Rate,,,0.14,,,Section 201,10
9903.45.01,8450.11.00,Nepal,Base Rate,,,0.0,,,Section 201,10
9903.45.01,8450.11.00,Netherlands,Base Rate,,,0.14,,,Section 201,10
9903.45.01,8450.11.00,New Zealand,Base Rate,,,0.14,,,Section 201,10
9903.45.01,8450.11.00,Niger,Base Rate,,,0.0,,,Section 201,10
9903.45.01,8450.11.00,Nigeria,Base Rate,,,0.0,,,Section 201,10
9903.45.01,8450.11.00,North Macedonia,Base Rate,,,0.0,,,Section 201,10
9903.45.01,8450.11.00,Norway,Base Rate,,,0.14,,,Section 201,10
9903.45.01,8450.11.00,Oman,Base Rate,,,0.14,,,Section 201,10
9903.45.01,8450.11.00,Pakistan,Base Rate,,,0.0,,,Section 201,10
9903.45.01,8450.11.00,Palau,Base Rate,,,0.14,,,Section 201,10
9903.45.01,8450.11.00,Panama,Base Rate,,,0.14,,,Section 201,10
9903.45.01,8450.11.00,Papua New Guinea,Base Rate,,,0.0,,,Section 201,10
9903.45.01,8450.11.00,Paraguay,Base Rate,,,0.0,,,Section 201,10
9903.45.01,8450.11.00,Philippines,Base Rate,,,0.0,,,Section 201,10
9903.45.01,8450.11.00,Poland,Base Rate,,,0.14,,,Section 201,10
9903.45.01,8450.11.00,Portugal,Base Rate,,,0.14,,,Section 201,10
9903.45.01,8450.11.00,Qatar,Base Rate,,,0.14,,,Section 201,10
9903.45.01,8450.11.00,Romania,Base Rate,,,0.14,,,Section 201,10
9903.45.01,8450.11.00,Russia,Base Rate,,,0.14,,,Section 201,10
9903.45.01,8450.11.00,Rwanda,Base Rate,,,0.0,,,Section 201,10
9903.45.01,8450.11.00,Saint Kitts and Nevis,Base Rate,,,0.14,,,Section 201,10
9903.45.01,8450.11.00,Saint Lucia,Base Rate,,,0.0,,,Section 201,10
9903.45.01,8450.11.00,Saint Vincent and the Grenadines,Base Rate,,,0.0,,,Section 201,10
9903.45.01,8450.11.00,Samoa,Base Rate,,,0.0,,,Section 201,10
9903.45.01,8450.11.00,San Marino,Base Rate,,,0.14,,,Section 201,10
9903.45.01,8450.11.00,Sao Tome and Principe,Base Rate,,,0.0,,,Section 201,10
9903.45.01,8450.11.00,Saudi Arabia,Base Rate,,,0.14,,,Section 201,10
9903.45.01,8450.11.00,Senegal,Base Rate,,,0.0,,,Section 201,10
9903.45.01,8450.11.00,Serbia,Base Rate,,,0.0,,,Section 201,10
9903.45.01,8450.11.00,Seychelles,Base Rate,,,0.14,,,Section 201,10
9903.45.01,8450.11.00,Sierra Leone,Base Rate,,,0.0,,,Section 201,10
9903.45.01,8450.11.00,Singapore,Base Rate,,,0.14,,,Section 201,10
9903.45.01,8450.11.00,Slovakia,Base Rate,,,0.14,,,Section 201,10
9903.45.01,8450.11.00,Slovenia,Base Rate,,,0.14,,,Section 201,10
9903.45.01,8450.11.00,Solomon Islands,Base Rate,,,0.0,,,Section 201,10
9903.45.01,8450.11.00,Somalia,Base Rate,,,0.0,,,Section 201,10
9903.45.01,8450.11.00,South Africa,Base Rate,,,0.0,,,Section 201,10
9903.45.01,8450.11.00,South Korea,Base Rate,,,0.14,,,Section 201,10
9903.45.01,8450.11.00,South Sudan,Base Rate,,,0.0,,,Section 201,10
9903.45.01,8450.11.00,Spain,Base Rate,,,0.14,,,Section 201,10
9903.45.01,8450.11.00,Sri Lanka,Base Rate,,,0.0,,,Section 201,10
9903.45.01,8450.11.00,Suriname,Base Rate,,,0.0,,,Section 201,10
9903.45.01,8450.11.00,Swaziland,Base Rate,,,0.0,,,Section 201,10
9903.45.01,8450.11.00,Sweden,Base Rate,,,0.14,,,Section 201,10
9903.45.01,8450.11.00,Switzerland,Base Rate,,,0.14,,,Section 201,10
9903.45.01,8450.11.00,Taiwan,Base Rate,,,0.14,,,Section 201,10
9903.45.01,8450.11.00,Tanzania,Base Rate,,,0.0,,,Section 201,10
9903.45.01,8450.11.00,Timor-Leste,Base Rate,,,0.0,,,Section 201,10
9903.45.01,8450.11.00,Togo,Base Rate,,,0.0,,,Section 201,10
9903.45.01,8450.11.00,Tonga,Base Rate,,,0.0,,,Section 201,10
9903.45.01,8450.11.00,Trinidad and Tobago,Base Rate,,,0.14,,,Section 201,10
9903.45.01,8450.11.00,Tunisia,Base Rate,,,0.0,,,Section 201,10
9903.45.01,8450.11.00,Tuvalu,Base Rate,,,0.0,,,Section 201,10
9903.45.01,8450.11.00,Uganda,Base Rate,,,0.0,,,Section 201,10
9903.45.01,8450.11.00,Ukraine,Base Rate,,,0.0,,,Section 201,10
9903.45.01,8450.11.00,United Arab Emirates,Base Rate,,,0.14,,,Section 201,10
9903.45.01,8450.11.00,United Kingdom,Base Rate,,,0.14,,,Section 201,10
9903.45.01,8450.11.00,United States,Base Rate,,,0.14,,,Section 201,10
9903.45.01,8450.11.00,Uruguay,Base Rate,,,0.14,,,Section 201,10
9903.45.01,8450.11.00,Uzbekistan,Base Rate,,,0.0,,,Section 201,10
9903.45.01,8450.11.00,Vanuatu,Base Rate,,,0.0,,,Section 201,10
9903.45.01,8450.11.00,Vietnam,Base Rate,,,0.14,,,Section 201,10
9903.45.01,8450.11.00,Yemen,Base Rate,,,0.0,,,Section 201,10
9903.45.01,8450.11.00,Zambia,Base Rate,,,0.0,,,Section 201,10
9903.45.01,8450.11.00,Zimbabwe,Base Rate,,,0.0,,,Section 201,10
9903.45.01,8450.20.00,Afghanistan,Base Rate,,,0.0,,,Section 201,10
9903.45.01,8450.20.00,Albania,Base Rate,,,0.0,,,Section 201,10
9903.45.01,8450.20.00,Algeria,Base Rate,,,0.0,,,Section 201,10
9903.45.01,8450.20.00,Andorra,Base Rate,,,0.14,,,Section 201,10
9903.45.01,8450.20.00,Angola,Base Rate,,,0.0,,,Section 201,10
9903.45.01,8450.20.00,Antigua and Barbuda,Base Rate,,,0.14,,,Section 201,10
9903.45.01,8450.20.00,Armenia,Base Rate,,,0.0,,,Section 201,10
9903.45.01,8450.20.00,Australia,Base Rate,,,0.14,,,Section 201,10
9903.45.01,8450.20.00,Austria,Base Rate,,,0.14,,,Section 201,10
9903.45.01,8450.20.00,Azerbaijan,Base Rate,,,0.0,,,Section 201,10
9903.45.01,8450.20.00,Bahamas,Base Rate,,,0.14,,,Section 201,10
9903.45.01,8450.20.00,Bahrain,Base Rate,,,0.14,,,Section 201,10
9903.45.01,8450.20.00,Barbados,Base Rate,,,0.14,,,Section 201,10
9903.45.01,8450.20.00,Belgium,Base Rate,,,0.14,,,Section 201,10
9903.45.01,8450.20.00,Belize,Base Rate,,,0.0,,,Section 201,10
9903.45.01,8450.20.00,Benin,Base Rate,,,0.0,,,Section 201,10
9903.45.01,8450.20.00,Bhutan,Base Rate,,,0.0,,,Section 201,10
9903.45.01,8450.20.00,Bolivia,Base Rate,,,0.0,,,Section 201,10
9903.45.01,8450.20.00,Bosnia and Herzegovina,Base Rate,,,0.0,,,Section 201,10
9903.45.01,8450.20.00,Botswana,Base Rate,,,0.0,,,Section 201,10
9903.45.01,8450.20.00,Brazil,Base Rate,,,0.0,,,Section 201,10
9903.45.01,8450.20.00,Brunei,Base Rate,,,0.14,,,Section 201,10
9903.45.01,8450.20.00,Bulgaria,Base Rate,,,0.14,,,Section 201,10
9903.45.01,8450.20.00,Burkina Faso,Base Rate,,,0.0,,,Section 201,10
9903.45.01,8450.20.00,Burma,Base Rate,,,0.0,,,Section 201,10
9903.45.01,8450.20.00,Burundi,Base Rate,,,0.0,,,Section 201,10
9903.45.01,8450.20.00,Cambodia,Base Rate,,,0.0,,,Section 201,10
9903.45.01,8450.20.00,Cameroon,Base Rate,,,0.0,,,Section 201,10
9903.45.01,8450.20.00,Canada,Base Rate,,,0.14,,,Section 201,10
9903.45.01,8450.20.00,Cape Verde,Base Rate,,,0.0,,,Section 201,10
9903.45.01,8450.20.00,Central African Republic,Base Rate,,,0.0,,,Section 201,10
9903.45.01,8450.20.00,Chad,Base Rate,,,0.0,,,Section 201,10
9903.45.01,8450.20.00,Chile,Base Rate,,,0.14,,,Section 201,10
9903.45.01,8450.20.00,China,Base Rate,,,0.14,,,Section 201,10
9903.45.01,8450.20.00,Comoros,Base Rate,,,0.0,,,Section 201,10
9903.45.01,8450.20.00,Cote d'Ivoire,Base Rate,,,0.0,,,Section 201,10
9903.45.01,8450.20.00,Croatia,Base Rate,,,0.14,,,Section 201,10
9903.45.01,8450.20.00,Cyprus,Base Rate,,,0.14,,,Section 201,10
9903.45.01,8450.20.00,Czech Republic,Base Rate,,,0.14,,,Section 201,10
9903.45.01,8450.20.00,DR Congo,Base Rate,,,0.0,,,Section 201,10
9903.45.01,8450.20.00,Denmark,Base Rate,,,0.14,,,Section 201,10
9903.45.01,8450.20.00,Djibouti,Base Rate,,,0.0,,,Section 201,10
9903.45.01,8450.20.00,Dominica,Base Rate,,,0.0,,,Section 201,10
9903.45.01,8450.20.00,Ecuador,Base Rate,,,0.0,,,Section 201,10
9903.45.01,8450.20.00,Egypt,Base Rate,,,0.0,,,Section 201,10
9903.45.01,8450.20.00,Eritrea,Base Rate,,,0.0,,,Section 201,10
9903.45.01,8450.20.00,Estonia,Base Rate,,,0.14,,,Section 201,10
9903.45.01,8450.20.00,Ethiopia,Base Rate,,,0.0,,,Section 201,10
9903.45.01,8450.20.00,Fiji,Base Rate,,,0.0,,,Section 201,10
9903.45.01,8450.20.00,Finland,Base Rate,,,0.14,,,Section 201,10
9903.45.01,8450.20.00,France,Base Rate,,,0.14,,,Section 201,10
9903.45.01,8450.20.00,Gabon,Base Rate,,,0.0,,,Section 201,10
9903.45.01,8450.20.00,Gambia,Base Rate,,,0.0,,,Section 201,10
9903.45.01,8450.20.00,Georgia,Base Rate,,,0.0,,,Section 201,10
9903.45.01,8450.20.00,Germany,Base Rate,,,0.14,,,Section 201,10
9903.45.01,8450.20.00,Ghana,Base Rate,,,0.0,,,Section 201,10
9903.45.01,8450.20.00,Greece,Base Rate,,,0.14,,,Section 201,10
9903.45.01,8450.20.00,Grenada,Base Rate,,,0.0,,,Section 201,10
9903.45.01,8450.20.00,Guinea,Base Rate,,,0.0,,,Section 201,10
9903.45.01,8450.20.00,Guinea-Bissau,Base Rate,,,0.0,,,Section 201,10
9903.45.01,8450.20.00,Guyana,Base Rate,,,0.0,,,Section 201,10
9903.45.01,8450.20.00,Haiti,Base Rate,,,0.0,,,Section 201,10
9903.45.01,8450.20.00,Hong Kong,Base Rate,,,0.14,,,Section 201,10
9903.45.01,8450.20.00,Hungary,Base Rate,,,0.14,,,Section 201,10
9903.45.01,8450.20.00,Iceland,Base Rate,,,0.14,,,Section 201,10
9903.45.01,8450.20.00,India,Base Rate,,,0.0,,,Section 201,10
9903.45.01,8450.20.00,Indonesia,Base Rate,,,0.0,,,Section 201,10
9903.45.01,8450.20.00,Iraq,Base Rate,,,0.0,,,Section 201,10
9903.45.01,8450.20.00,Ireland,Base Rate,,,0.14,,,Section 201,10
9903.45.01,8450.20.00,Israel,Base Rate,,,0.14,,,Section 201,10
9903.45.01,8450.20.00,Italy,Base Rate,,,0.14,,,Section 201,10
9903.45.01,8450.20.00,Jamaica,Base Rate,,,0.0,,,Section 201,10
9903.45.01,8450.20.00,Japan,Base Rate,,,0.14,,,Section 201,10
9903.45.01,8450.20.00,Jordan,Base Rate,,,0.0,,,Section 201,10
9903.45.01,8450.20.00,Kazakhstan,Base Rate,,,0.0,,,Section 201,10
9903.45.01,8450.20.00,Kenya,Base Rate,,,0.0,,,Section 201,10
9903.45.01,8450.20.00,Kiribati,Base Rate,,,0.0,,,Section 201,10
9903.45.01,8450.20.00,Kosovo,Base Rate,,,0.0,,,Section 201,10
9903.45.01,8450.20.00,Kuwait,Base Rate,,,0.14,,,Section 201,10
9903.45.01,8450.20.00,Kyrgyzstan,Base Rate,,,0.0,,,Section 201,10
9903.45.01,8450.20.00,Laos,Base Rate,,,0.0,,,Section 201,10
9903.45.01,8450.20.00,Latvia,Base Rate,,,0.14,,,Section 201,10
9903.45.01,8450.20.00,Lebanon,Base Rate,,,0.0,,,Section 201,10
9903.45.01,8450.20.00,Lesotho,Base Rate,,,0.0,,,Section 201,10
9903.45.01,8450.20.00,Liberia,Base Rate,,,0.0,,,Section 201,10
9903.45.01,8450.20.00,Liechtenstein,Base Rate,,,0.14,,,Section 201,10
9903.45.01,8450.20.00,Lithuania,Base Rate,,,0.14,,,Section 201,10
9903.45.01,8450.20.00,Luxembourg,Base Rate,,,0.14,,,Section 201,10
9903.45.01,8450.20.00,Macau,Base Rate,,,0.14,,,Section 201,10
9903.45.01,8450.20.00,Macedonia,Base Rate,,,0.0,,,Section 201,10
9903.45.01,8450.20.00,Madagascar,Base Rate,,,0.0,,,Section 201,10
9903.45.01,8450.20.00,Malawi,Base Rate,,,0.0,,,Section 201,10
9903.45.01,8450.20.00,Malaysia,Base Rate,,,0.14,,,Section 201,10
9903.45.01,8450.20.00,Maldives,Base Rate,,,0.0,,,Section 201,10
9903.45.01,8450.20.00,Mali,Base Rate,,,0.0,,,Section 201,10
9903.45.01,8450.20.00,Malta,Base Rate,,,0.14,,,Section 201,10
9903.45.01,8450.20.00,Marshall Islands,Base Rate,,,0.14,,,Section 201,10
9903.45.01,8450.20.00,Mauritania,Base Rate,,,0.0,,,Section 201,10
9903.45.01,8450.20.00,Mauritius,Base Rate,,,0.0,,,Section 201,10
9903.45.01,8450.20.00,Mexico,Base Rate,,,0.14,,,Section 201,10
9903.45.01,8450.20.00,Micronesia,Base Rate,,,0.14,,,Section 201,10
9903.45.01,8450.20.00,Moldova,Base Rate,,,0.0,,,Section 201,10
9903.45.01,8450.20.00,Monaco,Base Rate,,,0.14,,,Section 201,10
9903.45.01,8450.20.00,Mongolia,Base Rate,,,0.0,,,Section 201,10
9903.45.01,8450.20.00,Montenegro,Base Rate,,,0.0,,,Section 201,10
9903.45.01,8450.20.00,Mozambique,Base Rate,,,0.0,,,Section 201,10
9903.45.01,8450.20.00,Namibia,Base Rate,,,0.0,,,Section 201,10
9903.45.01,8450.20.00,Nauru,Base Rate,,,0.14,,,Section 201,10
9903.45.01,8450.20.00,Nepal,Base Rate,,,0.0,,,Section 201,10
9903.45.01,8450.20.00,Netherlands,Base Rate,,,0.14,,,Section 201,10
9903.45.01,8450.20.00,New Zealand,Base Rate,,,0.14,,,Section 201,10
9903.45.01,8450.20.00,Niger,Base Rate,,,0.0,,,Section 201,10
9903.45.01,8450.20.00,Nigeria,Base Rate,,,0.0,,,Section 201,10
9903.45.01,8450.20.00,North Macedonia,Base Rate,,,0.0,,,Section 201,10
9903.45.01,8450.20.00,Norway,Base Rate,,,0.14,,,Section 201,10
9903.45.01,8450.20.00,Oman,Base Rate,,,0.14,,,Section 201,10
9903.45.01,8450.20.00,Pakistan,Base Rate,,,0.0,,,Section 201,10
9903.45.01,8450.20.00,Palau,Base Rate,,,0.14,,,Section 201,10
9903.45.01,8450.20.00,Panama,Base Rate,,,0.14,,,Section 201,10
9903.45.01,8450.20.00,Papua New Guinea,Base Rate,,,0.0,,,Section 201,10
9903.45.01,8450.20.00,Paraguay,Base Rate,,,0.0,,,Section 201,10
9903.45.01,8450.20.00,Philippines,Base Rate,,,0.0,,,Section 201,10
9903.45.01,8450.20.00,Poland,Base Rate,,,0.14,,,Section 201,10
9903.45.01,8450.20.00,Portugal,Base Rate,,,0.14,,,Section 201,10
9903.45.01,8450.20.00,Qatar,Base Rate,,,0.14,,,Section 201,10
9903.45.01,8450.20.00,Romania,Base Rate,,,0.14,,,Section 201,10
9903.45.01,8450.20.00,Russia,Base Rate,,,0.14,,,Section 201,10
9903.45.01,8450.20.00,Rwanda,Base Rate,,,0.0,,,Section 201,10
9903.45.01,8450.20.00,Saint Kitts and Nevis,Base Rate,,,0.14,,,Section 201,10
9903.45.01,8450.20.00,Saint Lucia,Base Rate,,,0.0,,,Section 201,10
9903.45.01,8450.20.00,Saint Vincent and the Grenadines,Base Rate,,,0.0,,,Section 201,10
9903.45.01,8450.20.00,Samoa,Base Rate,,,0.0,,,Section 201,10
9903.45.01,8450.20.00,San Marino,Base Rate,,,0.14,,,Section 201,10
9903.45.01,8450.20.00,Sao Tome and Principe,Base Rate,,,0.0,,,Section 201,10
9903.45.01,8450.20.00,Saudi Arabia,Base Rate,,,0.14,,,Section 201,10
9903.45.01,8450.20.00,Senegal,Base Rate,,,0.0,,,Section 201,10
9903.45.01,8450.20.00,Serbia,Base Rate,,,0.0,,,Section 201,10
9903.45.01,8450.20.00,Seychelles,Base Rate,,,0.14,,,Section 201,10
9903.45.01,8450.20.00,Sierra Leone,Base Rate,,,0.0,,,Section 201,10
9903.45.01,8450.20.00,Singapore,Base Rate,,,0.14,,,Section 201,10
9903.45.01,8450.20.00,Slovakia,Base Rate,,,0.14,,,Section 201,10
9903.45.01,8450.20.00,Slovenia,Base Rate,,,0.14,,,Section 201,10
9903.45.01,8450.20.00,Solomon Islands,Base Rate,,,0.0,,,Section 201,10
9903.45.01,8450.20.00,Somalia,Base Rate,,,0.0,,,Section 201,10
9903.45.01,8450.20.00,South Africa,Base Rate,,,0.0,,,Section 201,10
9903.45.01,8450.20.00,South Korea,Base Rate,,,0.14,,,Section 201,10
9903.45.01,8450.20.00,South Sudan,Base Rate,,,0.0,,,Section 201,10
9903.45.01,8450.20.00,Spain,Base Rate,,,0.14,,,Section 201,10
9903.45.01,8450.20.00,Sri Lanka,Base Rate,,,0.0,,,Section 201,10
9903.45.01,8450.20.00,Suriname,Base Rate,,,0.0,,,Section 201,10
9903.45.01,8450.20.00,Swaziland,Base Rate,,,0.0,,,Section 201,10
9903.45.01,8450.20.00,Sweden,Base Rate,,,0.14,,,Section 201,10
9903.45.01,8450.20.00,Switzerland,Base Rate,,,0.14,,,Section 201,10
9903.45.01,8450.20.00,Taiwan,Base Rate,,,0.14,,,Section 201,10
9903.45.01,8450.20.00,Tanzania,Base Rate,,,0.0,,,Section 201,10
9903.45.01,8450.20.00,Timor-Leste,Base Rate,,,0.0,,,Section 201,10
9903.45.01,8450.20.00,Togo,Base Rate,,,0.0,,,Section 201,10
9903.45.01,8450.20.00,Tonga,Base Rate,,,0.0,,,Section 201,10
9903.45.01,8450.20.00,Trinidad and Tobago,Base Rate,,,0.14,,,Section 201,10
9903.45.01,8450.20.00,Tunisia,Base Rate,,,0.0,,,Section 201,10
9903.45.01,8450.20.00,Tuvalu,Base Rate,,,0.0,,,Section 201,10
9903.45.01,8450.20.00,Uganda,Base Rate,,,0.0,,,Section 201,10
9903.45.01,8450.20.00,Ukraine,Base Rate,,,0.0,,,Section 201,10
9903.45.01,8450.20.00,United Arab Emirates,Base Rate,,,0.14,,,Section 201,10
9903.45.01,8450.20.00,United Kingdom,Base Rate,,,0.14,,,Section 201,10
9903.45.01,8450.20.00,United States,Base Rate,,,0.14,,,Section 201,10
9903.45.01,8450.20.00,Uruguay,Base Rate,,,0.14,,,Section 201,10
9903.45.01,8450.20.00,Uzbekistan,Base Rate,,,0.0,,,Section 201,10
9903.45.01,8450.20.00,Vanuatu,Base Rate,,,0.0,,,Section 201,10
9903.45.01,8450.20.00,Vietnam,Base Rate,,,0.14,,,Section 201,10
9903.45.01,8450.20.00,Yemen,Base Rate,,,0.0,,,Section 201,10
9903.45.01,8450.20.00,Zambia,Base Rate,,,0.0,,,Section 201,10
9903.45.01,8450.20.00,Zimbabwe,Base Rate,,,0.0,,,Section 201,10
9903.45.02,8450.11.00,Afghanistan,Base Rate,,,0.0,,,Section 201,10
9903.45.02,8450.11.00,Albania,Base Rate,,,0.0,,,Section 201,10
9903.45.02,8450.11.00,Algeria,Base Rate,,,0.0,,,Section 201,10
9903.45.02,8450.11.00,Andorra,Base Rate,,,0.3,,,Section 201,10
9903.45.02,8450.11.00,Angola,Base Rate,,,0.0,,,Section 201,10
9903.45.02,8450.11.00,Antigua and Barbuda,Base Rate,,,0.3,,,Section 201,10
9903.45.02,8450.11.00,Armenia,Base Rate,,,0.0,,,Section 201,10
9903.45.02,8450.11.00,Australia,Base Rate,,,0.3,,,Section 201,10
9903.45.02,8450.11.00,Austria,Base Rate,,,0.3,,,Section 201,10
9903.45.02,8450.11.00,Azerbaijan,Base Rate,,,0.0,,,Section 201,10
9903.45.02,8450.11.00,Bahamas,Base Rate,,,0.3,,,Section 201,10
9903.45.02,8450.11.00,Bahrain,Base Rate,,,0.3,,,Section 201,10
9903.45.02,8450.11.00,Barbados,Base Rate,,,0.3,,,Section 201,10
9903.45.02,8450.11.00,Belgium,Base Rate,,,0.3,,,Section 201,10
9903.45.02,8450.11.00,Belize,Base Rate,,,0.0,,,Section 201,10
9903.45.02,8450.11.00,Benin,Base Rate,,,0.0,,,Section 201,10
9903.45.02,8450.11.00,Bhutan,Base Rate,,,0.0,,,Section 201,10
9903.45.02,8450.11.00,Bolivia,Base Rate,,,0.0,,,Section 201,10
9903.45.02,8450.11.00,Bosnia and Herzegovina,Base Rate,,,0.0,,,Section 201,10
9903.45.02,8450.11.00,Botswana,Base Rate,,,0.0,,,Section 201,10
9903.45.02,8450.11.00,Brazil,Base Rate,,,0.0,,,Section 201,10
9903.45.02,8450.11.00,Brunei,Base Rate,,,0.3,,,Section 201,10
9903.45.02,8450.11.00,Bulgaria,Base Rate,,,0.3,,,Section 201,10
9903.45.02,8450.11.00,Burkina Faso,Base Rate,,,0.0,,,Section 201,10
9903.45.02,8450.11.00,Burma,Base Rate,,,0.0,,,Section 201,10
9903.45.02,8450.11.00,Burundi,Base Rate,,,0.0,,,Section 201,10
9903.45.02,8450.11.00,Cambodia,Base Rate,,,0.0,,,Section 201,10
9903.45.02,8450.11.00,Cameroon,Base Rate,,,0.0,,,Section 201,10
9903.45.02,8450.11.00,Canada,Base Rate,,,0.3,,,Section 201,10
9903.45.02,8450.11.00,Cape Verde,Base Rate,,,0.0,,,Section 201,10
9903.45.02,8450.11.00,Central African Republic,Base Rate,,,0.0,,,Section 201,10
9903.45.02,8450.11.00,Chad,Base Rate,,,0.0,,,Section 201,10
9903.45.02,8450.11.00,Chile,Base Rate,,,0.3,,,Section 201,10
9903.45.02,8450.11.00,China,Base Rate,,,0.3,,,Section 201,10
9903.45.02,8450.11.00,Comoros,Base Rate,,,0.0,,,Section 201,10
9903.45.02,8450.11.00,Cote d'Ivoire,Base Rate,,,0.0,,,Section 201,10
9903.45.02,8450.11.00,Croatia,Base Rate,,,0.3,,,Section 201,10
9903.45.02,8450.11.00,Cyprus,Base Rate,,,0.3,,,Section 201,10
9903.45.02,8450.11.00,Czech Republic,Base Rate,,,0.3,,,Section 201,10
9903.45.02,8450.11.00,DR Congo,Base Rate,,,0.0,,,Section 201,10
9903.45.02,8450.11.00,Denmark,Base Rate,,,0.3,,,Section 201,10
9903.45.02,8450.11.00,Djibouti,Base Rate,,,0.0,,,Section 201,10
9903.45.02,8450.11.00,Dominica,Base Rate,,,0.0,,,Section 201,10
9903.45.02,8450.11.00,Ecuador,Base Rate,,,0.0,,,Section 201,10
9903.45.02,8450.11.00,Egypt,Base Rate,,,0.0,,,Section 201,10
9903.45.02,8450.11.00,Eritrea,Base Rate,,,0.0,,,Section 201,10
9903.45.02,8450.11.00,Estonia,Base Rate,,,0.3,,,Section 201,10
9903.45.02,8450.11.00,Ethiopia,Base Rate,,,0.0,,,Section 201,10
9903.45.02,8450.11.00,Fiji,Base Rate,,,0.0,,,Section 201,10
9903.45.02,8450.11.00,Finland,Base Rate,,,0.3,,,Section 201,10
9903.45.02,8450.11.00,France,Base Rate,,,0.3,,,Section 201,10
9903.45.02,8450.11.00,Gabon,Base Rate,,,0.0,,,Section 201,10
9903.45.02,8450.11.00,Gambia,Base Rate,,,0.0,,,Section 201,10
9903.45.02,8450.11.00,Georgia,Base Rate,,,0.0,,,Section 201,10
9903.45.02,8450.11.00,Germany,Base Rate,,,0.3,,,Section 201,10
9903.45.02,8450.11.00,Ghana,Base Rate,,,0.0,,,Section 201,10
9903.45.02,8450.11.00,Greece,Base Rate,,,0.3,,,Section 201,10
9903.45.02,8450.11.00,Grenada,Base Rate,,,0.0,,,Section 201,10
9903.45.02,8450.11.00,Guinea,Base Rate,,,0.0,,,Section 201,10
9903.45.02,8450.11.00,Guinea-Bissau,Base Rate,,,0.0,,,Section 201,10
9903.45.02,8450.11.00,Guyana,Base Rate,,,0.0,,,Section 201,10
9903.45.02,8450.11.00,Haiti,Base Rate,,,0.0,,,Section 201,10
9903.45.02,8450.11.00,Hong Kong,Base Rate,,,0.3,,,Section 201,10
9903.45.02,8450.11.00,Hungary,Base Rate,,,0.3,,,Section 201,10
9903.45.02,8450.11.00,Iceland,Base Rate,,,0.3,,,Section 201,10
9903.45.02,8450.11.00,India,Base Rate,,,0.0,,,Section 201,10
9903.45.02,8450.11.00,Indonesia,Base Rate,,,0.0,,,Section 201,10
9903.45.02,8450.11.00,Iraq,Base Rate,,,0.0,,,Section 201,10
9903.45.02,8450.11.00,Ireland,Base Rate,,,0.3,,,Section 201,10
9903.45.02,8450.11.00,Israel,Base Rate,,,0.3,,,Section 201,10
9903.45.02,8450.11.00,Italy,Base Rate,,,0.3,,,Section 201,10
9903.45.02,8450.11.00,Jamaica,Base Rate,,,0.0,,,Section 201,10
9903.45.02,8450.11.00,Japan,Base Rate,,,0.3,,,Section 201,10
9903.45.02,8450.11.00,Jordan,Base Rate,,,0.0,,,Section 201,10
9903.45.02,8450.11.00,Kazakhstan,Base Rate,,,0.0,,,Section 201,10
9903.45.02,8450.11.00,Kenya,Base Rate,,,0.0,,,Section 201,10
9903.45.02,8450.11.00,Kiribati,Base Rate,,,0.0,,,Section 201,10
9903.45.02,8450.11.00,Kosovo,Base Rate,,,0.0,,,Section 201,10
9903.45.02,8450.11.00,Kuwait,Base Rate,,,0.3,,,Section 201,10
9903.45.02,8450.11.00,Kyrgyzstan,Base Rate,,,0.0,,,Section 201,10
9903.45.02,8450.11.00,Laos,Base Rate,,,0.0,,,Section 201,10
9903.45.02,8450.11.00,Latvia,Base Rate,,,0.3,,,Section 201,10
9903.45.02,8450.11.00,Lebanon,Base Rate,,,0.0,,,Section 201,10
9903.45.02,8450.11.00,Lesotho,Base Rate,,,0.0,,,Section 201,10
9903.45.02,8450.11.00,Liberia,Base Rate,,,0.0,,,Section 201,10
9903.45.02,8450.11.00,Liechtenstein,Base Rate,,,0.3,,,Section 201,10
9903.45.02,8450.11.00,Lithuania,Base Rate,,,0.3,,,Section 201,10
9903.45.02,8450.11.00,Luxembourg,Base Rate,,,0.3,,,Section 201,10
9903.45.02,8450.11.00,Macau,Base Rate,,,0.3,,,Section 201,10
9903.45.02,8450.11.00,Macedonia,Base Rate,,,0.0,,,Section 201,10
9903.45.02,8450.11.00,Madagascar,Base Rate,,,0.0,,,Section 201,10
9903.45.02,8450.11.00,Malawi,Base Rate,,,0.0,,,Section 201,10
9903.45.02,8450.11.00,Malaysia,Base Rate,,,0.3,,,Section 201,10
9903.45.02,8450.11.00,Maldives,Base Rate,,,0.0,,,Section 201,10
9903.45.02,8450.11.00,Mali,Base Rate,,,0.0,,,Section 201,10
9903.45.02,8450.11.00,Malta,Base Rate,,,0.3,,,Section 201,10
9903.45.02,8450.11.00,Marshall Islands,Base Rate,,,0.3,,,Section 201,10
9903.45.02,8450.11.00,Mauritania,Base Rate,,,0.0,,,Section 201,10
9903.45.02,8450.11.00,Mauritius,Base Rate,,,0.0,,,Section 201,10
9903.45.02,8450.11.00,Mexico,Base Rate,,,0.3,,,Section 201,10
9903.45.02,8450.11.00,Micronesia,Base Rate,,,0.3,,,Section 201,10
9903.45.02,8450.11.00,Moldova,Base Rate,,,0.0,,,Section 201,10
9903.45.02,8450.11.00,Monaco,Base Rate,,,0.3,,,Section 201,10
9903.45.02,8450.11.00,Mongolia,Base Rate,,,0.0,,,Section 201,10
9903.45.02,8450.11.00,Montenegro,Base Rate,,,0.0,,,Section 201,10
9903.45.02,8450.11.00,Mozambique,Base Rate,,,0.0,,,Section 201,10
9903.45.02,8450.11.00,Namibia,Base Rate,,,0.0,,,Section 201,10
9903.45.02,8450.11.00,Nauru,Base Rate,,,0.3,,,Section 201,10
9903.45.02,8450.11.00,Nepal,Base Rate,,,0.0,,,Section 201,10
9903.45.02,8450.11.00,Netherlands,Base Rate,,,0.3,,,Section 201,10
9903.45.02,8450.11.00,New Zealand,Base Rate,,,0.3,,,Section 201,10
9903.45.02,8450.11.00,Niger,Base Rate,,,0.0,,,Section 201,10
9903.45.02,8450.11.00,Nigeria,Base Rate,,,0.0,,,Section 201,10
9903.45.02,8450.11.00,North Macedonia,Base Rate,,,0.0,,,Section 201,10
9903.45.02,8450.11.00,Norway,Base Rate,,,0.3,,,Section 201,10
9903.45.02,8450.11.00,Oman,Base Rate,,,0.3,,,Section 201,10
9903.45.02,8450.11.00,Pakistan,Base Rate,,,0.0,,,Section 201,10
9903.45.02,8450.11.00,Palau,Base Rate,,,0.3,,,Section 201,10
9903.45.02,8450.11.00,Panama,Base Rate,,,0.3,,,Section 201,10
9903.45.02,8450.11.00,Papua New Guinea,Base Rate,,,0.0,,,Section 201,10
9903.45.02,8450.11.00,Paraguay,Base Rate,,,0.0,,,Section 201,10
9903.45.02,8450.11.00,Philippines,Base Rate,,,0.0,,,Section 201,10
9903.45.02,8450.11.00,Poland,Base Rate,,,0.3,,,Section 201,10
9903.45.02,8450.11.00,Portugal,Base Rate,,,0.3,,,Section 201,10
9903.45.02,8450.11.00,Qatar,Base Rate,,,0.3,,,Section 201,10
9903.45.02,8450.11.00,Romania,Base Rate,,,0.3,,,Section 201,10
9903.45.02,8450.11.00,Russia,Base Rate,,,0.3,,,Section 201,10
9903.45.02,8450.11.00,Rwanda,Base Rate,,,0.0,,,Section 201,10
9903.45.02,8450.11.00,Saint Kitts and Nevis,Base Rate,,,0.3,,,Section 201,10
9903.45.02,8450.11.00,Saint Lucia,Base Rate,,,0.0,,,Section 201,10
9903.45.02,8450.11.00,Saint Vincent and the Grenadines,Base Rate,,,0.0,,,Section 201,10
9903.45.02,8450.11.00,Samoa,Base Rate,,,0.0,,,Section 201,10
9903.45.02,8450.11.00,San Marino,Base Rate,,,0.3,,,Section 201,10
9903.45.02,8450.11.00,Sao Tome and Principe,Base Rate,,,0.0,,,Section 201,10
9903.45.02,8450.11.00,Saudi Arabia,Base Rate,,,0.3,,,Section 201,10
9903.45.02,8450.11.00,Senegal,Base Rate,,,0.0,,,Section 201,10
9903.45.02,8450.11.00,Serbia,Base Rate,,,0.0,,,Section 201,10
9903.45.02,8450.11.00,Seychelles,Base Rate,,,0.3,,,Section 201,10
9903.45.02,8450.11.00,Sierra Leone,Base Rate,,,0.0,,,Section 201,10
9903.45.02,8450.11.00,Singapore,Base Rate,,,0.3,,,Section 201,10
9903.45.02,8450.11.00,Slovakia,Base Rate,,,0.3,,,Section 201,10
9903.45.02,8450.11.00,Slovenia,Base Rate,,,0.3,,,Section 201,10
9903.45.02,8450.11.00,Solomon Islands,Base Rate,,,0.0,,,Section 201,10
9903.45.02,8450.11.00,Somalia,Base Rate,,,0.0,,,Section 201,10
9903.45.02,8450.11.00,South Africa,Base Rate,,,0.0,,,Section 201,10
9903.45.02,8450.11.00,South Korea,Base Rate,,,0.3,,,Section 201,10
9903.45.02,8450.11.00,South Sudan,Base Rate,,,0.0,,,Section 201,10
9903.45.02,8450.11.00,Spain,Base Rate,,,0.3,,,Section 201,10
9903.45.02,8450.11.00,Sri Lanka,Base Rate,,,0.0,,,Section 201,10
9903.45.02,8450.11.00,Suriname,Base Rate,,,0.0,,,Section 201,10
9903.45.02,8450.11.00,Swaziland,Base Rate,,,0.0,,,Section 201,10
9903.45.02,8450.11.00,Sweden,Base Rate,,,0.3,,,Section 201,10
9903.45.02,8450.11.00,Switzerland,Base Rate,,,0.3,,,Section 201,10
9903.45.02,8450.11.00,Taiwan,Base Rate,,,0.3,,,Section 201,10
9903.45.02,8450.11.00,Tanzania,Base Rate,,,0.0,,,Section 201,10
9903.45.02,8450.11.00,Timor-Leste,Base Rate,,,0.0,,,Section 201,10
9903.45.02,8450.11.00,Togo,Base Rate,,,0.0,,,Section 201,10
9903.45.02,8450.11.00,Tonga,Base Rate,,,0.0,,,Section 201,10
9903.45.02,8450.11.00,Trinidad and Tobago,Base Rate,,,0.3,,,Section 201,10
9903.45.02,8450.11.00,Tunisia,Base Rate,,,0.0,,,Section 201,10
9903.45.02,8450.11.00,Tuvalu,Base Rate,,,0.0,,,Section 201,10
9903.45.02,8450.11.00,Uganda,Base Rate,,,0.0,,,Section 201,10
9903.45.02,8450.11.00,Ukraine,Base Rate,,,0.0,,,Section 201,10
9903.45.02,8450.11.00,United Arab Emirates,Base Rate,,,0.3,,,Section 201,10
9903.45.02,8450.11.00,United Kingdom,Base Rate,,,0.3,,,Section 201,10
9903.45.02,8450.11.00,United States,Base Rate,,,0.3,,,Section 201,10
9903.45.02,8450.11.00,Uruguay,Base Rate,,,0.3,,,Section 201,10
9903.45.02,8450.11.00,Uzbekistan,Base Rate,,,0.0,,,Section 201,10
9903.45.02,8450.11.00,Vanuatu,Base Rate,,,0.0,,,Section 201,10
9903.45.02,8450.11.00,Vietnam,Base Rate,,,0.3,,,Section 201,10
9903.45.02,8450.11.00,Yemen,Base Rate,,,0.0,,,Section 201,10
9903.45.02,8450.11.00,Zambia,Base Rate,,,0.0,,,Section 201,10
9903.45.02,8450.11.00,Zimbabwe,Base Rate,,,0.0,,,Section 201,10
9903.45.02,8450.20.00,Afghanistan,Base Rate,,,0.0,,,Section 201,10
9903.45.02,8450.20.00,Albania,Base Rate,,,0.0,,,Section 201,10
9903.45.02,8450.20.00,Algeria,Base Rate,,,0.0,,,Section 201,10
9903.45.02,8450.20.00,Andorra,Base Rate,,,0.3,,,Section 201,10
9903.45.02,8450.20.00,Angola,Base Rate,,,0.0,,,Section 201,10
9903.45.02,8450.20.00,Antigua and Barbuda,Base Rate,,,0.3,,,Section 201,10
9903.45.02,8450.20.00,Armenia,Base Rate,,,0.0,,,Section 201,10
9903.45.02,8450.20.00,Australia,Base Rate,,,0.3,,,Section 201,10
9903.45.02,8450.20.00,Austria,Base Rate,,,0.3,,,Section 201,10
9903.45.02,8450.20.00,Azerbaijan,Base Rate,,,0.0,,,Section 201,10
9903.45.02,8450.20.00,Bahamas,Base Rate,,,0.3,,,Section 201,10
9903.45.02,8450.20.00,Bahrain,Base Rate,,,0.3,,,Section 201,10
9903.45.02,8450.20.00,Barbados,Base Rate,,,0.3,,,Section 201,10
9903.45.02,8450.20.00,Belgium,Base Rate,,,0.3,,,Section 201,10
9903.45.02,8450.20.00,Belize,Base Rate,,,0.0,,,Section 201,10
9903.45.02,8450.20.00,Benin,Base Rate,,,0.0,,,Section 201,10
9903.45.02,8450.20.00,Bhutan,Base Rate,,,0.0,,,Section 201,10
9903.45.02,8450.20.00,Bolivia,Base Rate,,,0.0,,,Section 201,10
9903.45.02,8450.20.00,Bosnia and Herzegovina,Base Rate,,,0.0,,,Section 201,10
9903.45.02,8450.20.00,Botswana,Base Rate,,,0.0,,,Section 201,10
9903.45.02,8450.20.00,Brazil,Base Rate,,,0.0,,,Section 201,10
9903.45.02,8450.20.00,Brunei,Base Rate,,,0.3,,,Section 201,10
9903.45.02,8450.20.00,Bulgaria,Base Rate,,,0.3,,,Section 201,10
9903.45.02,8450.20.00,Burkina Faso,Base Rate,,,0.0,,,Section 201,10
9903.45.02,8450.20.00,Burma,Base Rate,,,0.0,,,Section 201,10
9903.45.02,8450.20.00,Burundi,Base Rate,,,0.0,,,Section 201,10
9903.45.02,8450.20.00,Cambodia,Base Rate,,,0.0,,,Section 201,10
9903.45.02,8450.20.00,Cameroon,Base Rate,,,0.0,,,Section 201,10
9903.45.02,8450.20.00,Canada,Base Rate,,,0.3,,,Section 201,10
9903.45.02,8450.20.00,Cape Verde,Base Rate,,,0.0,,,Section 201,10
9903.45.02,8450.20.00,Central African Republic,Base Rate,,,0.0,,,Section 201,10
9903.45.02,8450.20.00,Chad,Base Rate,,,0.0,,,Section 201,10
9903.45.02,8450.20.00,Chile,Base Rate,,,0.3,,,Section 201,10
9903.45.02,8450.20.00,China,Base Rate,,,0.3,,,Section 201,10
9903.45.02,8450.20.00,Comoros,Base Rate,,,0.0,,,Section 201,10
9903.45.02,8450.20.00,Cote d'Ivoire,Base Rate,,,0.0,,,Section 201,10
9903.45.02,8450.20.00,Croatia,Base Rate,,,0.3,,,Section 201,10
9903.45.02,8450.20.00,Cyprus,Base Rate,,,0.3,,,Section 201,10
9903.45.02,8450.20.00,Czech Republic,Base Rate,,,0.3,,,Section 201,10
9903.45.02,8450.20.00,DR Congo,Base Rate,,,0.0,,,Section 201,10
9903.45.02,8450.20.00,Denmark,Base Rate,,,0.3,,,Section 201,10
9903.45.02,8450.20.00,Djibouti,Base Rate,,,0.0,,,Section 201,10
9903.45.02,8450.20.00,Dominica,Base Rate,,,0.0,,,Section 201,10
9903.45.02,8450.20.00,Ecuador,Base Rate,,,0.0,,,Section 201,10
9903.45.02,8450.20.00,Egypt,Base Rate,,,0.0,,,Section 201,10
9903.45.02,8450.20.00,Eritrea,Base Rate,,,0.0,,,Section 201,10
9903.45.02,8450.20.00,Estonia,Base Rate,,,0.3,,,Section 201,10
9903.45.02,8450.20.00,Ethiopia,Base Rate,,,0.0,,,Section 201,10
9903.45.02,8450.20.00,Fiji,Base Rate,,,0.0,,,Section 201,10
9903.45.02,8450.20.00,Finland,Base Rate,,,0.3,,,Section 201,10
9903.45.02,8450.20.00,France,Base Rate,,,0.3,,,Section 201,10
9903.45.02,8450.20.00,Gabon,Base Rate,,,0.0,,,Section 201,10
9903.45.02,8450.20.00,Gambia,Base Rate,,,0.0,,,Section 201,10
9903.45.02,8450.20.00,Georgia,Base Rate,,,0.0,,,Section 201,10
9903.45.02,8450.20.00,Germany,Base Rate,,,0.3,,,Section 201,10
9903.45.02,8450.20.00,Ghana,Base Rate,,,0.0,,,Section 201,10
9903.45.02,8450.20.00,Greece,Base Rate,,,0.3,,,Section 201,10
9903.45.02,8450.20.00,Grenada,Base Rate,,,0.0,,,Section 201,10
9903.45.02,8450.20.00,Guinea,Base Rate,,,0.0,,,Section 201,10
9903.45.02,8450.20.00,Guinea-Bissau,Base Rate,,,0.0,,,Section 201,10
9903.45.02,8450.20.00,Guyana,Base Rate,,,0.0,,,Section 201,10
9903.45.02,8450.20.00,Haiti,Base Rate,,,0.0,,,Section 201,10
9903.45.02,8450.20.00,Hong Kong,Base Rate,,,0.3,,,Section 201,10
9903.45.02,8450.20.00,Hungary,Base Rate,,,0.3,,,Section 201,10
9903.45.02,8450.20.00,Iceland,Base Rate,,,0.3,,,Section 201,10
9903.45.02,8450.20.00,India,Base Rate,,,0.0,,,Section 201,10
9903.45.02,8450.20.00,Indonesia,Base Rate,,,0.0,,,Section 201,10
9903.45.02,8450.20.00,Iraq,Base Rate,,,0.0,,,Section 201,10
9903.45.02,8450.20.00,Ireland,Base Rate,,,0.3,,,Section 201,10
9903.45.02,8450.20.00,Israel,Base Rate,,,0.3,,,Section 201,10
9903.45.02,8450.20.00,Italy,Base Rate,,,0.3,,,Section 201,10
9903.45.02,8450.20.00,Jamaica,Base Rate,,,0.0,,,Section 201,10
9903.45.02,8450.20.00,Japan,Base Rate,,,0.3,,,Section 201,10
9903.45.02,8450.20.00,Jordan,Base Rate,,,0.0,,,Section 201,10
9903.45.02,8450.20.00,Kazakhstan,Base Rate,,,0.0,,,Section 201,10
9903.45.02,8450.20.00,Kenya,Base Rate,,,0.0,,,Section 201,10
9903.45.02,8450.20.00,Kiribati,Base Rate,,,0.0,,,Section 201,10
9903.45.02,8450.20.00,Kosovo,Base Rate,,,0.0,,,Section 201,10
9903.45.02,8450.20.00,Kuwait,Base Rate,,,0.3,,,Section 201,10
9903.45.02,8450.20.00,Kyrgyzstan,Base Rate,,,0.0,,,Section 201,10
9903.45.02,8450.20.00,Laos,Base Rate,,,0.0,,,Section 201,10
9903.45.02,8450.20.00,Latvia,Base Rate,,,0.3,,,Section 201,10
9903.45.02,8450.20.00,Lebanon,Base Rate,,,0.0,,,Section 201,10
9903.45.02,8450.20.00,Lesotho,Base Rate,,,0.0,,,Section 201,10
9903.45.02,8450.20.00,Liberia,Base Rate,,,0.0,,,Section 201,10
9903.45.02,8450.20.00,Liechtenstein,Base Rate,,,0.3,,,Section 201,10
9903.45.02,8450.20.00,Lithuania,Base Rate,,,0.3,,,Section 201,10
9903.45.02,8450.20.00,Luxembourg,Base Rate,,,0.3,,,Section 201,10
9903.45.02,8450.20.00,Macau,Base Rate,,,0.3,,,Section 201,10
9903.45.02,8450.20.00,Macedonia,Base Rate,,,0.0,,,Section 201,10
9903.45.02,8450.20.00,Madagascar,Base Rate,,,0.0,,,Section 201,10
9903.45.02,8450.20.00,Malawi,Base Rate,,,0.0,,,Section 201,10
9903.45.02,8450.20.00,Malaysia,Base Rate,,,0.3,,,Section 201,10
9903.45.02,8450.20.00,Maldives,Base Rate,,,0.0,,,Section 201,10
9903.45.02,8450.20.00,Mali,Base Rate,,,0.0,,,Section 201,10
9903.45.02,8450.20.00,Malta,Base Rate,,,0.3,,,Section 201,10
9903.45.02,8450.20.00,Marshall Islands,Base Rate,,,0.3,,,Section 201,10
9903.45.02,8450.20.00,Mauritania,Base Rate,,,0.0,,,Section 201,10
9903.45.02,8450.20.00,Mauritius,Base Rate,,,0.0,,,Section 201,10
9903.45.02,8450.20.00,Mexico,Base Rate,,,0.3,,,Section 201,10
9903.45.02,8450.20.00,Micronesia,Base Rate,,,0.3,,,Section 201,10
9903.45.02,8450.20.00,Moldova,Base Rate,,,0.0,,,Section 201,10
9903.45.02,8450.20.00,Monaco,Base Rate,,,0.3,,,Section 201,10
9903.45.02,8450.20.00,Mongolia,Base Rate,,,0.0,,,Section 201,10
9903.45.02,8450.20.00,Montenegro,Base Rate,,,0.0,,,Section 201,10
9903.45.02,8450.20.00,Mozambique,Base Rate,,,0.0,,,Section 201,10
9903.45.02,8450.20.00,Namibia,Base Rate,,,0.0,,,Section 201,10
9903.45.02,8450.20.00,Nauru,Base Rate,,,0.3,,,Section 201,10
9903.45.02,8450.20.00,Nepal,Base Rate,,,0.0,,,Section 201,10
9903.45.02,8450.20.00,Netherlands,Base Rate,,,0.3,,,Section 201,10
9903.45.02,8450.20.00,New Zealand,Base Rate,,,0.3,,,Section 201,10
9903.45.02,8450.20.00,Niger,Base Rate,,,0.0,,,Section 201,10
9903.45.02,8450.20.00,Nigeria,Base Rate,,,0.0,,,Section 201,10
9903.45.02,8450.20.00,North Macedonia,Base Rate,,,0.0,,,Section 201,10
9903.45.02,8450.20.00,Norway,Base Rate,,,0.3,,,Section 201,10
9903.45.02,8450.20.00,Oman,Base Rate,,,0.3,,,Section 201,10
9903.45.02,8450.20.00,Pakistan,Base Rate,,,0.0,,,Section 201,10
9903.45.02,8450.20.00,Palau,Base Rate,,,0.3,,,Section 201,10
9903.45.02,8450.20.00,Panama,Base Rate,,,0.3,,,Section 201,10
9903.45.02,8450.20.00,Papua New Guinea,Base Rate,,,0.0,,,Section 201,10
9903.45.02,8450.20.00,Paraguay,Base Rate,,,0.0,,,Section 201,10
9903.45.02,8450.20.00,Philippines,Base Rate,,,0.0,,,Section 201,10
9903.45.02,8450.20.00,Poland,Base Rate,,,0.3,,,Section 201,10
9903.45.02,8450.20.00,Portugal,Base Rate,,,0.3,,,Section 201,10
9903.45.02,8450.20.00,Qatar,Base Rate,,,0.3,,,Section 201,10
9903.45.02,8450.20.00,Romania,Base Rate,,,0.3,,,Section 201,10
9903.45.02,8450.20.00,Russia,Base Rate,,,0.3,,,Section 201,10
9903.45.02,8450.20.00,Rwanda,Base Rate,,,0.0,,,Section 201,10
9903.45.02,8450.20.00,Saint Kitts and Nevis,Base Rate,,,0.3,,,Section 201,10
9903.45.02,8450.20.00,Saint Lucia,Base Rate,,,0.0,,,Section 201,10
9903.45.02,8450.20.00,Saint Vincent and the Grenadines,Base Rate,,,0.0,,,Section 201,10
9903.45.02,8450.20.00,Samoa,Base Rate,,,0.0,,,Section 201,10
9903.45.02,8450.20.00,San Marino,Base Rate,,,0.3,,,Section 201,10
9903.45.02,8450.20.00,Sao Tome and Principe,Base Rate,,,0.0,,,Section 201,10
9903.45.02,8450.20.00,Saudi Arabia,Base Rate,,,0.3,,,Section 201,10
9903.45.02,8450.20.00,Senegal,Base Rate,,,0.0,,,Section 201,10
9903.45.02,8450.20.00,Serbia,Base Rate,,,0.0,,,Section 201,10
9903.45.02,8450.20.00,Seychelles,Base Rate,,,0.3,,,Section 201,10
9903.45.02,8450.20.00,Sierra Leone,Base Rate,,,0.0,,,Section 201,10
9903.45.02,8450.20.00,Singapore,Base Rate,,,0.3,,,Section 201,10
9903.45.02,8450.20.00,Slovakia,Base Rate,,,0.3,,,Section 201,10
9903.45.02,8450.20.00,Slovenia,Base Rate,,,0.3,,,Section 201,10
9903.45.02,8450.20.00,Solomon Islands,Base Rate,,,0.0,,,Section 201,10
9903.45.02,8450.20.00,Somalia,Base Rate,,,0.0,,,Section 201,10
9903.45.02,8450.20.00,South Africa,Base Rate,,,0.0,,,Section 201,10
9903.45.02,8450.20.00,South Korea,Base Rate,,,0.3,,,Section 201,10
9903.45.02,8450.20.00,South Sudan,Base Rate,,,0.0,,,Section 201,10
9903.45.02,8450.20.00,Spain,Base Rate,,,0.3,,,Section 201,10
9903.45.02,8450.20.00,Sri Lanka,Base Rate,,,0.0,,,Section 201,10
9903.45.02,8450.20.00,Suriname,Base Rate,,,0.0,,,Section 201,10
9903.45.02,8450.20.00,Swaziland,Base Rate,,,0.0,,,Section 201,10
9903.45.02,8450.20.00,Sweden,Base Rate,,,0.3,,,Section 201,10
9903.45.02,8450.20.00,Switzerland,Base Rate,,,0.3,,,Section 201,10
9903.45.02,8450.20.00,Taiwan,Base Rate,,,0.3,,,Section 201,10
9903.45.02,8450.20.00,Tanzania,Base Rate,,,0.0,,,Section 201,10
9903.45.02,8450.20.00,Timor-Leste,Base Rate,,,0.0,,,Section 201,10
9903.45.02,8450.20.00,Togo,Base Rate,,,0.0,,,Section 201,10
9903.45.02,8450.20.00,Tonga,Base Rate,,,0.0,,,Section 201,10
9903.45.02,8450.20.00,Trinidad and Tobago,Base Rate,,,0.3,,,Section 201,10
9903.45.02,8450.20.00,Tunisia,Base Rate,,,0.0,,,Section 201,10
9903.45.02,8450.20.00,Tuvalu,Base Rate,,,0.0,,,Section 201,10
9903.45.02,8450.20.00,Uganda,Base Rate,,,0.0,,,Section 201,10
9903.45.02,8450.20.00,Ukraine,Base Rate,,,0.0,,,Section 201,10
9903.45.02,8450.20.00,United Arab Emirates,Base Rate,,,0.3,,,Section 201,10
9903.45.02,8450.20.00,United Kingdom,Base Rate,,,0.3,,,Section 201,10
9903.45.02,8450.20.00,United States,Base Rate,,,0.3,,,Section 201,10
9903.45.02,8450.20.00,Uruguay,Base Rate,,,0.3,,,Section 201,10
9903.45.02,8450.20.00,Uzbekistan,Base Rate,,,0.0,,,Section 201,10
9903.45.02,8450.20.00,Vanuatu,Base Rate,,,0.0,,,Section 201,10
9903.45.02,8450.20.00,Vietnam,Base Rate,,,0.3,,,Section 201,10
9903.45.02,8450.20.00,Yemen,Base Rate,,,0.0,,,Section 201,10
9903.45.02,8450.20.00,Zambia,Base Rate,,,0.0,,,Section 201,10
9903.45.02,8450.20.00,Zimbabwe,Base Rate,,,0.0,,,Section 201,10
9903.45.05,8450.90.20,Afghanistan,Base Rate,,,0.0,,,Section 201,10
9903.45.05,8450.90.20,Albania,Base Rate,,,0.0,,,Section 201,10
9903.45.05,8450.90.20,Algeria,Base Rate,,,0.0,,,Section 201,10
9903.45.05,8450.90.20,Andorra,Base Rate,,,,,,Section 201,10
9903.45.05,8450.90.20,Angola,Base Rate,,,0.0,,,Section 201,10
9903.45.05,8450.90.20,Antigua and Barbuda,Base Rate,,,,,,Section 201,10
9903.45.05,8450.90.20,Armenia,Base Rate,,,0.0,,,Section 201,10
9903.45.05,8450.90.20,Australia,Base Rate,,,,,,Section 201,10
9903.45.05,8450.90.20,Austria,Base Rate,,,,,,Section 201,10
9903.45.05,8450.90.20,Azerbaijan,Base Rate,,,0.0,,,Section 201,10
9903.45.05,8450.90.20,Bahamas,Base Rate,,,,,,Section 201,10
9903.45.05,8450.90.20,Bahrain,Base Rate,,,,,,Section 201,10
9903.45.05,8450.90.20,Barbados,Base Rate,,,,,,Section 201,10
9903.45.05,8450.90.20,Belgium,Base Rate,,,,,,Section 201,10
9903.45.05,8450.90.20,Belize,Base Rate,,,0.0,,,Section 201,10
9903.45.05,8450.90.20,Benin,Base Rate,,,0.0,,,Section 201,10
9903.45.05,8450.90.20,Bhutan,Base Rate,,,0.0,,,Section 201,10
9903.45.05,8450.90.20,Bolivia,Base Rate,,,0.0,,,Section 201,10
9903.45.05,8450.90.20,Bosnia and Herzegovina,Base Rate,,,0.0,,,Section 201,10
9903.45.05,8450.90.20,Botswana,Base Rate,,,0.0,,,Section 201,10
9903.45.05,8450.90.20,Brazil,Base Rate,,,0.0,,,Section 201,10
9903.45.05,8450.90.20,Brunei,Base Rate,,,,,,Section 201,10
9903.45.05,8450.90.20,Bulgaria,Base Rate,,,,,,Section 201,10
9903.45.05,8450.90.20,Burkina Faso,Base Rate,,,0.0,,,Section 201,10
9903.45.05,8450.90.20,Burma,Base Rate,,,0.0,,,Section 201,10
9903.45.05,8450.90.20,Burundi,Base Rate,,,0.0,,,Section 201,10
9903.45.05,8450.90.20,Cambodia,Base Rate,,,0.0,,,Section 201,10
9903.45.05,8450.90.20,Cameroon,Base Rate,,,0.0,,,Section 201,10
9903.45.05,8450.90.20,Canada,Base Rate,,,,,,Section 201,10
9903.45.05,8450.90.20,Cape Verde,Base Rate,,,0.0,,,Section 201,10
9903.45.05,8450.90.20,Central African Republic,Base Rate,,,0.0,,,Section 201,10
9903.45.05,8450.90.20,Chad,Base Rate,,,0.0,,,Section 201,10
9903.45.05,8450.90.20,Chile,Base Rate,,,,,,Section 201,10
9903.45.05,8450.90.20,China,Base Rate,,,,,,Section 201,10
9903.45.05,8450.90.20,Comoros,Base Rate,,,0.0,,,Section 201,10
9903.45.05,8450.90.20,Cote d'Ivoire,Base Rate,,,0.0,,,Section 201,10
9903.45.05,8450.90.20,Croatia,Base Rate,,,,,,Section 201,10
9903.45.05,8450.90.20,Cyprus,Base Rate,,,,,,Section 201,10
9903.45.05,8450.90.20,Czech Republic,Base Rate,,,,,,Section 201,10
9903.45.05,8450.90.20,DR Congo,Base Rate,,,0.0,,,Section 201,10
9903.45.05,8450.90.20,Denmark,Base Rate,,,,,,Section 201,10
9903.45.05,8450.90.20,Djibouti,Base Rate,,,0.0,,,Section 201,10
9903.45.05,8450.90.20,Dominica,Base Rate,,,0.0,,,Section 201,10
9903.45.05,8450.90.20,Ecuador,Base Rate,,,0.0,,,Section 201,10
9903.45.05,8450.90.20,Egypt,Base Rate,,,0.0,,,Section 201,10
9903.45.05,8450.90.20,Eritrea,Base Rate,,,0.0,,,Section 201,10
9903.45.05,8450.90.20,Estonia,Base Rate,,,,,,Section 201,10
9903.45.05,8450.90.20,Ethiopia,Base Rate,,,0.0,,,Section 201,10
9903.45.05,8450.90.20,Fiji,Base Rate,,,0.0,,,Section 201,10
9903.45.05,8450.90.20,Finland,Base Rate,,,,,,Section 201,10
9903.45.05,8450.90.20,France,Base Rate,,,,,,Section 201,10
9903.45.05,8450.90.20,Gabon,Base Rate,,,0.0,,,Section 201,10
9903.45.05,8450.90.20,Gambia,Base Rate,,,0.0,,,Section 201,10
9903.45.05,8450.90.20,Georgia,Base Rate,,,0.0,,,Section 201,10
9903.45.05,8450.90.20,Germany,Base Rate,,,,,,Section 201,10
9903.45.05,8450.90.20,Ghana,Base Rate,,,0.0,,,Section 201,10
9903.45.05,8450.90.20,Greece,Base Rate,,,,,,Section 201,10
9903.45.05,8450.90.20,Grenada,Base Rate,,,0.0,,,Section 201,10
9903.45.05,8450.90.20,Guinea,Base Rate,,,0.0,,,Section 201,10
9903.45.05,8450.90.20,Guinea-Bissau,Base Rate,,,0.0,,,Section 201,10
9903.45.05,8450.90.20,Guyana,Base Rate,,,0.0,,,Section 201,10
9903.45.05,8450.90.20,Haiti,Base Rate,,,0.0,,,Section 201,10
9903.45.05,8450.90.20,Hong Kong,Base Rate,,,,,,Section 201,10
9903.45.05,8450.90.20,Hungary,Base Rate,,,,,,Section 201,10
9903.45.05,8450.90.20,Iceland,Base Rate,,,,,,Section 201,10
9903.45.05,8450.90.20,India,Base Rate,,,0.0,,,Section 201,10
9903.45.05,8450.90.20,Indonesia,Base Rate,,,0.0,,,Section 201,10
9903.45.05,8450.90.20,Iraq,Base Rate,,,0.0,,,Section 201,10
9903.45.05,8450.90.20,Ireland,Base Rate,,,,,,Section 201,10
9903.45.05,8450.90.20,Israel,Base Rate,,,,,,Section 201,10
9903.45.05,8450.90.20,Italy,Base Rate,,,,,,Section 201,10
9903.45.05,8450.90.20,Jamaica,Base Rate,,,0.0,,,Section 201,10
9903.45.05,8450.90.20,Japan,Base Rate,,,,,,Section 201,10
9903.45.05,8450.90.20,Jordan,Base Rate,,,0.0,,,Section 201,10
9903.45.05,8450.90.20,Kazakhstan,Base Rate,,,0.0,,,Section 201,10
9903.45.05,8450.90.20,Kenya,Base Rate,,,0.0,,,Section 201,10
9903.45.05,8450.90.20,Kiribati,Base Rate,,,0.0,,,Section 201,10
9903.45.05,8450.90.20,Kosovo,Base Rate,,,0.0,,,Section 201,10
9903.45.05,8450.90.20,Kuwait,Base Rate,,,,,,Section 201,10
9903.45.05,8450.90.20,Kyrgyzstan,Base Rate,,,0.0,,,Section 201,10
9903.45.05,8450.90.20,Laos,Base Rate,,,0.0,,,Section 201,10
9903.45.05,8450.90.20,Latvia,Base Rate,,,,,,Section 201,10
9903.45.05,8450.90.20,Lebanon,Base Rate,,,0.0,,,Section 201,10
9903.45.05,8450.90.20,Lesotho,Base Rate,,,0.0,,,Section 201,10
9903.45.05,8450.90.20,Liberia,Base Rate,,,0.0,,,Section 201,10
9903.45.05,8450.90.20,Liechtenstein,Base Rate,,,,,,Section 201,10
9903.45.05,8450.90.20,Lithuania,Base Rate,,,,,,Section 201,10
9903.45.05,8450.90.20,Luxembourg,Base Rate,,,,,,Section 201,10
9903.45.05,8450.90.20,Macau,Base Rate,,,,,,Section 201,10
9903.45.05,8450.90.20,Macedonia,Base Rate,,,0.0,,,Section 201,10
9903.45.05,8450.90.20,Madagascar,Base Rate,,,0.0,,,Section 201,10
9903.45.05,8450.90.20,Malawi,Base Rate,,,0.0,,,Section 201,10
9903.45.05,8450.90.20,Malaysia,Base Rate,,,,,,Section 201,10
9903.45.05,8450.90.20,Maldives,Base Rate,,,0.0,,,Section 201,10
9903.45.05,8450.90.20,Mali,Base Rate,,,0.0,,,Section 201,10
9903.45.05,8450.90.20,Malta,Base Rate,,,,,,Section 201,10
9903.45.05,8450.90.20,Marshall Islands,Base Rate,,,,,,Section 201,10
9903.45.05,8450.90.20,Mauritania,Base Rate,,,0.0,,,Section 201,10
9903.45.05,8450.90.20,Mauritius,Base Rate,,,0.0,,,Section 201,10
9903.45.05,8450.90.20,Mexico,Base Rate,,,,,,Section 201,10
9903.45.05,8450.90.20,Micronesia,Base Rate,,,,,,Section 201,10
9903.45.05,8450.90.20,Moldova,Base Rate,,,0.0,,,Section 201,10
9903.45.05,8450.90.20,Monaco,Base Rate,,,,,,Section 201,10
9903.45.05,8450.90.20,Mongolia,Base Rate,,,0.0,,,Section 201,10
9903.45.05,8450.90.20,Montenegro,Base Rate,,,0.0,,,Section 201,10
9903.45.05,8450.90.20,Mozambique,Base Rate,,,0.0,,,Section 201,10
9903.45.05,8450.90.20,Namibia,Base Rate,,,0.0,,,Section 201,10
9903.45.05,8450.90.20,Nauru,Base Rate,,,,,,Section 201,10
9903.45.05,8450.90.20,Nepal,Base Rate,,,0.0,,,Section 201,10
9903.45.05,8450.90.20,Netherlands,Base Rate,,,,,,Section 201,10
9903.45.05,8450.90.20,New Zealand,Base Rate,,,,,,Section 201,10
9903.45.05,8450.90.20,Niger,Base Rate,,,0.0,,,Section 201,10
9903.45.05,8450.90.20,Nigeria,Base Rate,,,0.0,,,Section 201,10
9903.45.05,8450.90.20,North Macedonia,Base Rate,,,0.0,,,Section 201,10
9903.45.05,8450.90.20,Norway,Base Rate,,,,,,Section 201,10
9903.45.05,8450.90.20,Oman,Base Rate,,,,,,Section 201,10
9903.45.05,8450.90.20,Pakistan,Base Rate,,,0.0,,,Section 201,10
9903.45.05,8450.90.20,Palau,Base Rate,,,,,,Section 201,10
9903.45.05,8450.90.20,Panama,Base Rate,,,,,,Section 201,10
9903.45.05,8450.90.20,Papua New Guinea,Base Rate,,,0.0,,,Section 201,10
9903.45.05,8450.90.20,Paraguay,Base Rate,,,0.0,,,Section 201,10
9903.45.05,8450.90.20,Philippines,Base Rate,,,0.0,,,Section 201,10
9903.45.05,8450.90.20,Poland,Base Rate,,,,,,Section 201,10
9903.45.05,8450.90.20,Portugal,Base Rate,,,,,,Section 201,10
9903.45.05,8450.90.20,Qatar,Base Rate,,,,,,Section 201,10
9903.45.05,8450.90.20,Romania,Base Rate,,,,,,Section 201,10
9903.45.05,8450.90.20,Russia,Base Rate,,,,,,Section 201,10
9903.45.05,8450.90.20,Rwanda,Base Rate,,,0.0,,,Section 201,10
9903.45.05,8450.90.20,Saint Kitts and Nevis,Base Rate,,,,,,Section 201,10
9903.45.05,8450.90.20,Saint Lucia,Base Rate,,,0.0,,,Section 201,10
9903.45.05,8450.90.20,Saint Vincent and the Grenadines,Base Rate,,,0.0,,,Section 201,10
9903.45.05,8450.90.20,Samoa,Base Rate,,,0.0,,,Section 201,10
9903.45.05,8450.90.20,San Marino,Base Rate,,,,,,Section 201,10
9903.45.05,8450.90.20,Sao Tome and Principe,Base Rate,,,0.0,,,Section 201,10
9903.45.05,8450.90.20,Saudi Arabia,Base Rate,,,,,,Section 201,10
9903.45.05,8450.90.20,Senegal,Base Rate,,,0.0,,,Section 201,10
9903.45.05,8450.90.20,Serbia,Base Rate,,,0.0,,,Section 201,10
9903.45.05,8450.90.20,Seychelles,Base Rate,,,,,,Section 201,10
9903.45.05,8450.90.20,Sierra Leone,Base Rate,,,0.0,,,Section 201,10
9903.45.05,8450.90.20,Singapore,Base Rate,,,,,,Section 201,10
9903.45.05,8450.90.20,Slovakia,Base Rate,,,,,,Section 201,10
9903.45.05,8450.90.20,Slovenia,Base Rate,,,,,,Section 201,10
9903.45.05,8450.90.20,Solomon Islands,Base Rate,,,0.0,,,Section 201,10
9903.45.05,8450.90.20,Somalia,Base Rate,,,0.0,,,Section 201,10
9903.45.05,8450.90.20,South Africa,Base Rate,,,0.0,,,Section 201,10
9903.45.05,8450.90.20,South Korea,Base Rate,,,,,,Section 201,10
9903.45.05,8450.90.20,South Sudan,Base Rate,,,0.0,,,Section 201,10
9903.45.05,8450.90.20,Spain,Base Rate,,,,,,Section 201,10
9903.45.05,8450.90.20,Sri Lanka,Base Rate,,,0.0,,,Section 201,10
9903.45.05,8450.90.20,Suriname,Base Rate,,,0.0,,,Section 201,10
9903.45.05,8450.90.20,Swaziland,Base Rate,,,0.0,,,Section 201,10
9903.45.05,8450.90.20,Sweden,Base Rate,,,,,,Section 201,10
9903.45.05,8450.90.20,Switzerland,Base Rate,,,,,,Section 201,10
9903.45.05,8450.90.20,Taiwan,Base Rate,,,,,,Section 201,10
9903.45.05,8450.90.20,Tanzania,Base Rate,,,0.0,,,Section 201,10
9903.45.05,8450.90.20,Timor-Leste,Base Rate,,,0.0,,,Section 201,10
9903.45.05,8450.90.20,Togo,Base Rate,,,0.0,,,Section 201,10
9903.45.05,8450.90.20,Tonga,Base Rate,,,0.0,,,Section 201,10
9903.45.05,8450.90.20,Trinidad and Tobago,Base Rate,,,,,,Section 201,10
9903.45.05,8450.90.20,Tunisia,Base Rate,,,0.0,,,Section 201,10
9903.45.05,8450.90.20,Tuvalu,Base Rate,,,0.0,,,Section 201,10
9903.45.05,8450.90.20,Uganda,Base Rate,,,0.0,,,Section 201,10
9903.45.05,8450.90.20,Ukraine,Base Rate,,,0.0,,,Section 201,10
9903.45.05,8450.90.20,United Arab Emirates,Base Rate,,,,,,Section 201,10
9903.45.05,8450.90.20,United Kingdom,Base Rate,,,,,,Section 201,10
9903.45.05,8450.90.20,United States,Base Rate,,,,,,Section 201,10
9903.45.05,8450.90.20,Uruguay,Base Rate,,,,,,Section 201,10
9903.45.05,8450.90.20,Uzbekistan,Base Rate,,,0.0,,,Section 201,10
9903.45.05,8450.90.20,Vanuatu,Base Rate,,,0.0,,,Section 201,10
9903.45.05,8450.90.20,Vietnam,Base Rate,,,,,,Section 201,10
9903.45.05,8450.90.20,Yemen,Base Rate,,,0.0,,,Section 201,10
9903.45.05,8450.90.20,Zambia,Base Rate,,,0.0,,,Section 201,10
9903.45.05,8450.90.20,Zimbabwe,Base Rate,,,0.0,,,Section 201,10
9903.45.05,8450.90.60,Afghanistan,Base Rate,,,0.0,,,Section 201,10
9903.45.05,8450.90.60,Albania,Base Rate,,,0.0,,,Section 201,10
9903.45.05,8450.90.60,Algeria,Base Rate,,,0.0,,,Section 201,10
9903.45.05,8450.90.60,Andorra,Base Rate,,,,,,Section 201,10
9903.45.05,8450.90.60,Angola,Base Rate,,,0.0,,,Section 201,10
9903.45.05,8450.90.60,Antigua and Barbuda,Base Rate,,,,,,Section 201,10
9903.45.05,8450.90.60,Armenia,Base Rate,,,0.0,,,Section 201,10
9903.45.05,8450.90.60,Australia,Base Rate,,,,,,Section 201,10
9903.45.05,8450.90.60,Austria,Base Rate,,,,,,Section 201,10
9903.45.05,8450.90.60,Azerbaijan,Base Rate,,,0.0,,,Section 201,10
9903.45.05,8450.90.60,Bahamas,Base Rate,,,,,,Section 201,10
9903.45.05,8450.90.60,Bahrain,Base Rate,,,,,,Section 201,10
9903.45.05,8450.90.60,Barbados,Base Rate,,,,,,Section 201,10
9903.45.05,8450.90.60,Belgium,Base Rate,,,,,,Section 201,10
9903.45.05,8450.90.60,Belize,Base Rate,,,0.0,,,Section 201,10
9903.45.05,8450.90.60,Benin,Base Rate,,,0.0,,,Section 201,10
9903.45.05,8450.90.60,Bhutan,Base Rate,,,0.0,,,Section 201,10
9903.45.05,8450.90.60,Bolivia,Base Rate,,,0.0,,,Section 201,10
9903.45.05,8450.90.60,Bosnia and Herzegovina,Base Rate,,,0.0,,,Section 201,10
9903.45.05,8450.90.60,Botswana,Base Rate,,,0.0,,,Section 201,10
9903.45.05,8450.90.60,Brazil,Base Rate,,,0.0,,,Section 201,10
9903.45.05,8450.90.60,Brunei,Base Rate,,,,,,Section 201,10
9903.45.05,8450.90.60,Bulgaria,Base Rate,,,,,,Section 201,10
9903.45.05,8450.90.60,Burkina Faso,Base Rate,,,0.0,,,Section 201,10
9903.45.05,8450.90.60,Burma,Base Rate,,,0.0,,,Section 201,10
9903.45.05,8450.90.60,Burundi,Base Rate,,,0.0,,,Section 201,10
9903.45.05,8450.90.60,Cambodia,Base Rate,,,0.0,,,Section 201,10
9903.45.05,8450.90.60,Cameroon,Base Rate,,,0.0,,,Section 201,10
9903.45.05,8450.90.60,Canada,Base Rate,,,,,,Section 201,10
9903.45.05,8450.90.60,Cape Verde,Base Rate,,,0.0,,,Section 201,10
9903.45.05,8450.90.60,Central African Republic,Base Rate,,,0.0,,,Section 201,10
9903.45.05,8450.90.60,Chad,Base Rate,,,0.0,,,Section 201,10
9903.45.05,8450.90.60,Chile,Base Rate,,,,,,Section 201,10
9903.45.05,8450.90.60,China,Base Rate,,,,,,Section 201,10
9903.45.05,8450.90.60,Comoros,Base Rate,,,0.0,,,Section 201,10
9903.45.05,8450.90.60,Cote d'Ivoire,Base Rate,,,0.0,,,Section 201,10
9903.45.05,8450.90.60,Croatia,Base Rate,,,,,,Section 201,10
9903.45.05,8450.90.60,Cyprus,Base Rate,,,,,,Section 201,10
9903.45.05,8450.90.60,Czech Republic,Base Rate,,,,,,Section 201,10
9903.45.05,8450.90.60,DR Congo,Base Rate,,,0.0,,,Section 201,10
9903.45.05,8450.90.60,Denmark,Base Rate,,,,,,Section 201,10
9903.45.05,8450.90.60,Djibouti,Base Rate,,,0.0,,,Section 201,10
9903.45.05,8450.90.60,Dominica,Base Rate,,,0.0,,,Section 201,10
9903.45.05,8450.90.60,Ecuador,Base Rate,,,0.0,,,Section 201,10
9903.45.05,8450.90.60,Egypt,Base Rate,,,0.0,,,Section 201,10
9903.45.05,8450.90.60,Eritrea,Base Rate,,,0.0,,,Section 201,10
9903.45.05,8450.90.60,Estonia,Base Rate,,,,,,Section 201,10
9903.45.05,8450.90.60,Ethiopia,Base Rate,,,0.0,,,Section 201,10
9903.45.05,8450.90.60,Fiji,Base Rate,,,0.0,,,Section 201,10
9903.45.05,8450.90.60,Finland,Base Rate,,,,,,Section 201,10
9903.45.05,8450.90.60,France,Base Rate,,,,,,Section 201,10
9903.45.05,8450.90.60,Gabon,Base Rate,,,0.0,,,Section 201,10
9903.45.05,8450.90.60,Gambia,Base Rate,,,0.0,,,Section 201,10
9903.45.05,8450.90.60,Georgia,Base Rate,,,0.0,,,Section 201,10
9903.45.05,8450.90.60,Germany,Base Rate,,,,,,Section 201,10
9903.45.05,8450.90.60,Ghana,Base Rate,,,0.0,,,Section 201,10
9903.45.05,8450.90.60,Greece,Base Rate,,,,,,Section 201,10
9903.45.05,8450.90.60,Grenada,Base Rate,,,0.0,,,Section 201,10
9903.45.05,8450.90.60,Guinea,Base Rate,,,0.0,,,Section 201,10
9903.45.05,8450.90.60,Guinea-Bissau,Base Rate,,,0.0,,,Section 201,10
9903.45.05,8450.90.60,Guyana,Base Rate,,,0.0,,,Section 201,10
9903.45.05,8450.90.60,Haiti,Base Rate,,,0.0,,,Section 201,10
9903.45.05,8450.90.60,Hong Kong,Base Rate,,,,,,Section 201,10
9903.45.05,8450.90.60,Hungary,Base Rate,,,,,,Section 201,10
9903.45.05,8450.90.60,Iceland,Base Rate,,,,,,Section 201,10
9903.45.05,8450.90.60,India,Base Rate,,,0.0,,,Section 201,10
9903.45.05,8450.90.60,Indonesia,Base Rate,,,0.0,,,Section 201,10
9903.45.05,8450.90.60,Iraq,Base Rate,,,0.0,,,Section 201,10
9903.45.05,8450.90.60,Ireland,Base Rate,,,,,,Section 201,10
9903.45.05,8450.90.60,Israel,Base Rate,,,,,,Section 201,10
9903.45.05,8450.90.60,Italy,Base Rate,,,,,,Section 201,10
9903.45.05,8450.90.60,Jamaica,Base Rate,,,0.0,,,Section 201,10
9903.45.05,8450.90.60,Japan,Base Rate,,,,,,Section 201,10
9903.45.05,8450.90.60,Jordan,Base Rate,,,0.0,,,Section 201,10
9903.45.05,8450.90.60,Kazakhstan,Base Rate,,,0.0,,,Section 201,10
9903.45.05,8450.90.60,Kenya,Base Rate,,,0.0,,,Section 201,10
9903.45.05,8450.90.60,Kiribati,Base Rate,,,0.0,,,Section 201,10
9903.45.05,8450.90.60,Kosovo,Base Rate,,,0.0,,,Section 201,10
9903.45.05,8450.90.60,Kuwait,Base Rate,,,,,,Section 201,10
9903.45.05,8450.90.60,Kyrgyzstan,Base Rate,,,0.0,,,Section 201,10
9903.45.05,8450.90.60,Laos,Base Rate,,,0.0,,,Section 201,10
9903.45.05,8450.90.60,Latvia,Base Rate,,,,,,Section 201,10
9903.45.05,8450.90.60,Lebanon,Base Rate,,,0.0,,,Section 201,10
9903.45.05,8450.90.60,Lesotho,Base Rate,,,0.0,,,Section 201,10
9903.45.05,8450.90.60,Liberia,Base Rate,,,0.0,,,Section 201,10
9903.45.05,8450.90.60,Liechtenstein,Base Rate,,,,,,Section 201,10
9903.45.05,8450.90.60,Lithuania,Base Rate,,,,,,Section 201,10
9903.45.05,8450.90.60,Luxembourg,Base Rate,,,,,,Section 201,10
9903.45.05,8450.90.60,Macau,Base Rate,,,,,,Section 201,10
9903.45.05,8450.90.60,Macedonia,Base Rate,,,0.0,,,Section 201,10
9903.45.05,8450.90.60,Madagascar,Base Rate,,,0.0,,,Section 201,10
9903.45.05,8450.90.60,Malawi,Base Rate,,,0.0,,,Section 201,10
9903.45.05,8450.90.60,Malaysia,Base Rate,,,,,,Section 201,10
9903.45.05,8450.90.60,Maldives,Base Rate,,,0.0,,,Section 201,10
9903.45.05,8450.90.60,Mali,Base Rate,,,0.0,,,Section 201,10
9903.45.05,8450.90.60,Malta,Base Rate,,,,,,Section 201,10
9903.45.05,8450.90.60,Marshall Islands,Base Rate,,,,,,Section 201,10
9903.45.05,8450.90.60,Mauritania,Base Rate,,,0.0,,,Section 201,10
9903.45.05,8450.90.60,Mauritius,Base Rate,,,0.0,,,Section 201,10
9903.45.05,8450.90.60,Mexico,Base Rate,,,,,,Section 201,10
9903.45.05,8450.90.60,Micronesia,Base Rate,,,,,,Section 201,10
9903.45.05,8450.90.60,Moldova,Base Rate,,,0.0,,,Section 201,10
9903.45.05,8450.90.60,Monaco,Base Rate,,,,,,Section 201,10
9903.45.05,8450.90.60,Mongolia,Base Rate,,,0.0,,,Section 201,10
9903.45.05,8450.90.60,Montenegro,Base Rate,,,0.0,,,Section 201,10
9903.45.05,8450.90.60,Mozambique,Base Rate,,,0.0,,,Section 201,10
9903.45.05,8450.90.60,Namibia,Base Rate,,,0.0,,,Section 201,10
9903.45.05,8450.90.60,Nauru,Base Rate,,,,,,Section 201,10
9903.45.05,8450.90.60,Nepal,Base Rate,,,0.0,,,Section 201,10
9903.45.05,8450.90.60,Netherlands,Base Rate,,,,,,Section 201,10
9903.45.05,8450.90.60,New Zealand,Base Rate,,,,,,Section 201,10
9903.45.05,8450.90.60,Niger,Base Rate,,,0.0,,,Section 201,10
9903.45.05,8450.90.60,Nigeria,Base Rate,,,0.0,,,Section 201,10
9903.45.05,8450.90.60,North Macedonia,Base Rate,,,0.0,,,Section 201,10
9903.45.05,8450.90.60,Norway,Base Rate,,,,,,Section 201,10
9903.45.05,8450.90.60,Oman,Base Rate,,,,,,Section 201,10
9903.45.05,8450.90.60,Pakistan,Base Rate,,,0.0,,,Section 201,10
9903.45.05,8450.90.60,Palau,Base Rate,,,,,,Section 201,10
9903.45.05,8450.90.60,Panama,Base Rate,,,,,,Section 201,10
9903.45.05,8450.90.60,Papua New Guinea,Base Rate,,,0.0,,,Section 201,10
9903.45.05,8450.90.60,Paraguay,Base Rate,,,0.0,,,Section 201,10
9903.45.05,8450.90.60,Philippines,Base Rate,,,0.0,,,Section 201,10
9903.45.05,8450.90.60,Poland,Base Rate,,,,,,Section 201,10
9903.45.05,8450.90.60,Portugal,Base Rate,,,,,,Section 201,10
9903.45.05,8450.90.60,Qatar,Base Rate,,,,,,Section 201,10
9903.45.05,8450.90.60,Romania,Base Rate,,,,,,Section 201,10
9903.45.05,8450.90.60,Russia,Base Rate,,,,,,Section 201,10
9903.45.05,8450.90.60,Rwanda,Base Rate,,,0.0,,,Section 201,10
9903.45.05,8450.90.60,Saint Kitts and Nevis,Base Rate,,,,,,Section 201,10
9903.45.05,8450.90.60,Saint Lucia,Base Rate,,,0.0,,,Section 201,10
9903.45.05,8450.90.60,Saint Vincent and the Grenadines,Base Rate,,,0.0,,,Section 201,10
9903.45.05,8450.90.60,Samoa,Base Rate,,,0.0,,,Section 201,10
9903.45.05,8450.90.60,San Marino,Base Rate,,,,,,Section 201,10
9903.45.05,8450.90.60,Sao Tome and Principe,Base Rate,,,0.0,,,Section 201,10
9903.45.05,8450.90.60,Saudi Arabia,Base Rate,,,,,,Section 201,10
9903.45.05,8450.90.60,Senegal,Base Rate,,,0.0,,,Section 201,10
9903.45.05,8450.90.60,Serbia,Base Rate,,,0.0,,,Section 201,10
9903.45.05,8450.90.60,Seychelles,Base Rate,,,,,,Section 201,10
9903.45.05,8450.90.60,Sierra Leone,Base Rate,,,0.0,,,Section 201,10
9903.45.05,8450.90.60,Singapore,Base Rate,,,,,,Section 201,10
9903.45.05,8450.90.60,Slovakia,Base Rate,,,,,,Section 201,10
9903.45.05,8450.90.60,Slovenia,Base Rate,,,,,,Section 201,10
9903.45.05,8450.90.60,Solomon Islands,Base Rate,,,0.0,,,Section 201,10
9903.45.05,8450.90.60,Somalia,Base Rate,,,0.0,,,Section 201,10
9903.45.05,8450.90.60,South Africa,Base Rate,,,0.0,,,Section 201,10
9903.45.05,8450.90.60,South Korea,Base Rate,,,,,,Section 201,10
9903.45.05,8450.90.60,South Sudan,Base Rate,,,0.0,,,Section 201,10
9903.45.05,8450.90.60,Spain,Base Rate,,,,,,Section 201,10
9903.45.05,8450.90.60,Sri Lanka,Base Rate,,,0.0,,,Section 201,10
9903.45.05,8450.90.60,Suriname,Base Rate,,,0.0,,,Section 201,10
9903.45.05,8450.90.60,Swaziland,Base Rate,,,0.0,,,Section 201,10
9903.45.05,8450.90.60,Sweden,Base Rate,,,,,,Section 201,10
9903.45.05,8450.90.60,Switzerland,Base Rate,,,,,,Section 201,10
9903.45.05,8450.90.60,Taiwan,Base Rate,,,,,,Section 201,10
9903.45.05,8450.90.60,Tanzania,Base Rate,,,0.0,,,Section 201,10
9903.45.05,8450.90.60,Timor-Leste,Base Rate,,,0.0,,,Section 201,10
9903.45.05,8450.90.60,Togo,Base Rate,,,0.0,,,Section 201,10
9903.45.05,8450.90.60,Tonga,Base Rate,,,0.0,,,Section 201,10
9903.45.05,8450.90.60,Trinidad and Tobago,Base Rate,,,,,,Section 201,10
9903.45.05,8450.90.60,Tunisia,Base Rate,,,0.0,,,Section 201,10
9903.45.05,8450.90.60,Tuvalu,Base Rate,,,0.0,,,Section 201,10
9903.45.05,8450.90.60,Uganda,Base Rate,,,0.0,,,Section 201,10
9903.45.05,8450.90.60,Ukraine,Base Rate,,,0.0,,,Section 201,10
9903.45.05,8450.90.60,United Arab Emirates,Base Rate,,,,,,Section 201,10
9903.45.05,8450.90.60,United Kingdom,Base Rate,,,,,,Section 201,10
9903.45.05,8450.90.60,United States,Base Rate,,,,,,Section 201,10
9903.45.05,8450.90.60,Uruguay,Base Rate,,,,,,Section 201,10
9903.45.05,8450.90.60,Uzbekistan,Base Rate,,,0.0,,,Section 201,10
9903.45.05,8450.90.60,Vanuatu,Base Rate,,,0.0,,,Section 201,10
9903.45.05,8450.90.60,Vietnam,Base Rate,,,,,,Section 201,10
9903.45.05,8450.90.60,Yemen,Base Rate,,,0.0,,,Section 201,10
9903.45.05,8450.90.60,Zambia,Base Rate,,,0.0,,,Section 201,10
9903.45.05,8450.90.60,Zimbabwe,Base Rate,,,0.0,,,Section 201,10
9903.45.06,8450.90.20,Afghanistan,Base Rate,,,0.0,,,Section 201,10
9903.45.06,8450.90.20,Albania,Base Rate,,,0.0,,,Section 201,10
9903.45.06,8450.90.20,Algeria,Base Rate,,,0.0,,,Section 201,10
9903.45.06,8450.90.20,Andorra,Base Rate,,,0.3,,,Section 201,10
9903.45.06,8450.90.20,Angola,Base Rate,,,0.0,,,Section 201,10
9903.45.06,8450.90.20,Antigua and Barbuda,Base Rate,,,0.3,,,Section 201,10
9903.45.06,8450.90.20,Armenia,Base Rate,,,0.0,,,Section 201,10
9903.45.06,8450.90.20,Australia,Base Rate,,,0.3,,,Section 201,10
9903.45.06,8450.90.20,Austria,Base Rate,,,0.3,,,Section 201,10
9903.45.06,8450.90.20,Azerbaijan,Base Rate,,,0.0,,,Section 201,10
9903.45.06,8450.90.20,Bahamas,Base Rate,,,0.3,,,Section 201,10
9903.45.06,8450.90.20,Bahrain,Base Rate,,,0.3,,,Section 201,10
9903.45.06,8450.90.20,Barbados,Base Rate,,,0.3,,,Section 201,10
9903.45.06,8450.90.20,Belgium,Base Rate,,,0.3,,,Section 201,10
9903.45.06,8450.90.20,Belize,Base Rate,,,0.0,,,Section 201,10
9903.45.06,8450.90.20,Benin,Base Rate,,,0.0,,,Section 201,10
9903.45.06,8450.90.20,Bhutan,Base Rate,,,0.0,,,Section 201,10
9903.45.06,8450.90.20,Bolivia,Base Rate,,,0.0,,,Section 201,10
9903.45.06,8450.90.20,Bosnia and Herzegovina,Base Rate,,,0.0,,,Section 201,10
9903.45.06,8450.90.20,Botswana,Base Rate,,,0.0,,,Section 201,10
9903.45.06,8450.90.20,Brazil,Base Rate,,,0.0,,,Section 201,10
9903.45.06,8450.90.20,Brunei,Base Rate,,,0.3,,,Section 201,10
9903.45.06,8450.90.20,Bulgaria,Base Rate,,,0.3,,,Section 201,10
9903.45.06,8450.90.20,Burkina Faso,Base Rate,,,0.0,,,Section 201,10
9903.45.06,8450.90.20,Burma,Base Rate,,,0.0,,,Section 201,10
9903.45.06,8450.90.20,Burundi,Base Rate,,,0.0,,,Section 201,10
9903.45.06,8450.90.20,Cambodia,Base Rate,,,0.0,,,Section 201,10
9903.45.06,8450.90.20,Cameroon,Base Rate,,,0.0,,,Section 201,10
9903.45.06,8450.90.20,Canada,Base Rate,,,0.3,,,Section 201,10
9903.45.06,8450.90.20,Cape Verde,Base Rate,,,0.0,,,Section 201,10
9903.45.06,8450.90.20,Central African Republic,Base Rate,,,0.0,,,Section 201,10
9903.45.06,8450.90.20,Chad,Base Rate,,,0.0,,,Section 201,10
9903.45.06,8450.90.20,Chile,Base Rate,,,0.3,,,Section 201,10
9903.45.06,8450.90.20,China,Base Rate,,,0.3,,,Section 201,10
9903.45.06,8450.90.20,Comoros,Base Rate,,,0.0,,,Section 201,10
9903.45.06,8450.90.20,Cote d'Ivoire,Base Rate,,,0.0,,,Section 201,10
9903.45.06,8450.90.20,Croatia,Base Rate,,,0.3,,,Section 201,10
9903.45.06,8450.90.20,Cyprus,Base Rate,,,0.3,,,Section 201,10
9903.45.06,8450.90.20,Czech Republic,Base Rate,,,0.3,,,Section 201,10
9903.45.06,8450.90.20,DR Congo,Base Rate,,,0.0,,,Section 201,10
9903.45.06,8450.90.20,Denmark,Base Rate,,,0.3,,,Section 201,10
9903.45.06,8450.90.20,Djibouti,Base Rate,,,0.0,,,Section 201,10
9903.45.06,8450.90.20,Dominica,Base Rate,,,0.0,,,Section 201,10
9903.45.06,8450.90.20,Ecuador,Base Rate,,,0.0,,,Section 201,10
9903.45.06,8450.90.20,Egypt,Base Rate,,,0.0,,,Section 201,10
9903.45.06,8450.90.20,Eritrea,Base Rate,,,0.0,,,Section 201,10
9903.45.06,8450.90.20,Estonia,Base Rate,,,0.3,,,Section 201,10
9903.45.06,8450.90.20,Ethiopia,Base Rate,,,0.0,,,Section 201,10
9903.45.06,8450.90.20,Fiji,Base Rate,,,0.0,,,Section 201,10
9903.45.06,8450.90.20,Finland,Base Rate,,,0.3,,,Section 201,10
9903.45.06,8450.90.20,France,Base Rate,,,0.3,,,Section 201,10
9903.45.06,8450.90.20,Gabon,Base Rate,,,0.0,,,Section 201,10
9903.45.06,8450.90.20,Gambia,Base Rate,,,0.0,,,Section 201,10
9903.45.06,8450.90.20,Georgia,Base Rate,,,0.0,,,Section 201,10
9903.45.06,8450.90.20,Germany,Base Rate,,,0.3,,,Section 201,10
9903.45.06,8450.90.20,Ghana,Base Rate,,,0.0,,,Section 201,10
9903.45.06,8450.90.20,Greece,Base Rate,,,0.3,,,Section 201,10
9903.45.06,8450.90.20,Grenada,Base Rate,,,0.0,,,Section 201,10
9903.45.06,8450.90.20,Guinea,Base Rate,,,0.0,,,Section 201,10
9903.45.06,8450.90.20,Guinea-Bissau,Base Rate,,,0.0,,,Section 201,10
9903.45.06,8450.90.20,Guyana,Base Rate,,,0.0,,,Section 201,10
9903.45.06,8450.90.20,Haiti,Base Rate,,,0.0,,,Section 201,10
9903.45.06,8450.90.20,Hong Kong,Base Rate,,,0.3,,,Section 201,10
9903.45.06,8450.90.20,Hungary,Base Rate,,,0.3,,,Section 201,10
9903.45.06,8450.90.20,Iceland,Base Rate,,,0.3,,,Section 201,10
9903.45.06,8450.90.20,India,Base Rate,,,0.0,,,Section 201,10
9903.45.06,8450.90.20,Indonesia,Base Rate,,,0.0,,,Section 201,10
9903.45.06,8450.90.20,Iraq,Base Rate,,,0.0,,,Section 201,10
9903.45.06,8450.90.20,Ireland,Base Rate,,,0.3,,,Section 201,10
9903.45.06,8450.90.20,Israel,Base Rate,,,0.3,,,Section 201,10
9903.45.06,8450.90.20,Italy,Base Rate,,,0.3,,,Section 201,10
9903.45.06,8450.90.20,Jamaica,Base Rate,,,0.0,,,Section 201,10
9903.45.06,8450.90.20,Japan,Base Rate,,,0.3,,,Section 201,10
9903.45.06,8450.90.20,Jordan,Base Rate,,,0.0,,,Section 201,10
9903.45.06,8450.90.20,Kazakhstan,Base Rate,,,0.0,,,Section 201,10
9903.45.06,8450.90.20,Kenya,Base Rate,,,0.0,,,Section 201,10
9903.45.06,8450.90.20,Kiribati,Base Rate,,,0.0,,,Section 201,10
9903.45.06,8450.90.20,Kosovo,Base Rate,,,0.0,,,Section 201,10
9903.45.06,8450.90.20,Kuwait,Base Rate,,,0.3,,,Section 201,10
9903.45.06,8450.90.20,Kyrgyzstan,Base Rate,,,0.0,,,Section 201,10
9903.45.06,8450.90.20,Laos,Base Rate,,,0.0,,,Section 201,10
9903.45.06,8450.90.20,Latvia,Base Rate,,,0.3,,,Section 201,10
9903.45.06,8450.90.20,Lebanon,Base Rate,,,0.0,,,Section 201,10
9903.45.06,8450.90.20,Lesotho,Base Rate,,,0.0,,,Section 201,10
9903.45.06,8450.90.20,Liberia,Base Rate,,,0.0,,,Section 201,10
9903.45.06,8450.90.20,Liechtenstein,Base Rate,,,0.3,,,Section 201,10
9903.45.06,8450.90.20,Lithuania,Base Rate,,,0.3,,,Section 201,10
9903.45.06,8450.90.20,Luxembourg,Base Rate,,,0.3,,,Section 201,10
9903.45.06,8450.90.20,Macau,Base Rate,,,0.3,,,Section 201,10
9903.45.06,8450.90.20,Macedonia,Base Rate,,,0.0,,,Section 201,10
9903.45.06,8450.90.20,Madagascar,Base Rate,,,0.0,,,Section 201,10
9903.45.06,8450.90.20,Malawi,Base Rate,,,0.0,,,Section 201,10
9903.45.06,8450.90.20,Malaysia,Base Rate,,,0.3,,,Section 201,10
9903.45.06,8450.90.20,Maldives,Base Rate,,,0.0,,,Section 201,10
9903.45.06,8450.90.20,Mali,Base Rate,,,0.0,,,Section 201,10
9903.45.06,8450.90.20,Malta,Base Rate,,,0.3,,,Section 201,10
9903.45.06,8450.90.20,Marshall Islands,Base Rate,,,0.3,,,Section 201,10
9903.45.06,8450.90.20,Mauritania,Base Rate,,,0.0,,,Section 201,10
9903.45.06,8450.90.20,Mauritius,Base Rate,,,0.0,,,Section 201,10
9903.45.06,8450.90.20,Mexico,Base Rate,,,0.3,,,Section 201,10
9903.45.06,8450.90.20,Micronesia,Base Rate,,,0.3,,,Section 201,10
9903.45.06,8450.90.20,Moldova,Base Rate,,,0.0,,,Section 201,10
9903.45.06,8450.90.20,Monaco,Base Rate,,,0.3,,,Section 201,10
9903.45.06,8450.90.20,Mongolia,Base Rate,,,0.0,,,Section 201,10
9903.45.06,8450.90.20,Montenegro,Base Rate,,,0.0,,,Section 201,10
9903.45.06,8450.90.20,Mozambique,Base Rate,,,0.0,,,Section 201,10
9903.45.06,8450.90.20,Namibia,Base Rate,,,0.0,,,Section 201,10
9903.45.06,8450.90.20,Nauru,Base Rate,,,0.3,,,Section 201,10
9903.45.06,8450.90.20,Nepal,Base Rate,,,0.0,,,Section 201,10
9903.45.06,8450.90.20,Netherlands,Base Rate,,,0.3,,,Section 201,10
9903.45.06,8450.90.20,New Zealand,Base Rate,,,0.3,,,Section 201,10
9903.45.06,8450.90.20,Niger,Base Rate,,,0.0,,,Section 201,10
9903.45.06,8450.90.20,Nigeria,Base Rate,,,0.0,,,Section 201,10
9903.45.06,8450.90.20,North Macedonia,Base Rate,,,0.0,,,Section 201,10
9903.45.06,8450.90.20,Norway,Base Rate,,,0.3,,,Section 201,10
9903.45.06,8450.90.20,Oman,Base Rate,,,0.3,,,Section 201,10
9903.45.06,8450.90.20,Pakistan,Base Rate,,,0.0,,,Section 201,10
9903.45.06,8450.90.20,Palau,Base Rate,,,0.3,,,Section 201,10
9903.45.06,8450.90.20,Panama,Base Rate,,,0.3,,,Section 201,10
9903.45.06,8450.90.20,Papua New Guinea,Base Rate,,,0.0,,,Section 201,10
9903.45.06,8450.90.20,Paraguay,Base Rate,,,0.0,,,Section 201,10
9903.45.06,8450.90.20,Philippines,Base Rate,,,0.0,,,Section 201,10
9903.45.06,8450.90.20,Poland,Base Rate,,,0.3,,,Section 201,10
9903.45.06,8450.90.20,Portugal,Base Rate,,,0.3,,,Section 201,10
9903.45.06,8450.90.20,Qatar,Base Rate,,,0.3,,,Section 201,10
9903.45.06,8450.90.20,Romania,Base Rate,,,0.3,,,Section 201,10
9903.45.06,8450.90.20,Russia,Base Rate,,,0.3,,,Section 201,10
9903.45.06,8450.90.20,Rwanda,Base Rate,,,0.0,,,Section 201,10
9903.45.06,8450.90.20,Saint Kitts and Nevis,Base Rate,,,0.3,,,Section 201,10
9903.45.06,8450.90.20,Saint Lucia,Base Rate,,,0.0,,,Section 201,10
9903.45.06,8450.90.20,Saint Vincent and the Grenadines,Base Rate,,,0.0,,,Section 201,10
9903.45.06,8450.90.20,Samoa,Base Rate,,,0.0,,,Section 201,10
9903.45.06,8450.90.20,San Marino,Base Rate,,,0.3,,,Section 201,10
9903.45.06,8450.90.20,Sao Tome and Principe,Base Rate,,,0.0,,,Section 201,10
9903.45.06,8450.90.20,Saudi Arabia,Base Rate,,,0.3,,,Section 201,10
9903.45.06,8450.90.20,Senegal,Base Rate,,,0.0,,,Section 201,10
9903.45.06,8450.90.20,Serbia,Base Rate,,,0.0,,,Section 201,10
9903.45.06,8450.90.20,Seychelles,Base Rate,,,0.3,,,Section 201,10
9903.45.06,8450.90.20,Sierra Leone,Base Rate,,,0.0,,,Section 201,10
9903.45.06,8450.90.20,Singapore,Base Rate,,,0.3,,,Section 201,10
9903.45.06,8450.90.20,Slovakia,Base Rate,,,0.3,,,Section 201,10
9903.45.06,8450.90.20,Slovenia,Base Rate,,,0.3,,,Section 201,10
9903.45.06,8450.90.20,Solomon Islands,Base Rate,,,0.0,,,Section 201,10
9903.45.06,8450.90.20,Somalia,Base Rate,,,0.0,,,Section 201,10
9903.45.06,8450.90.20,South Africa,Base Rate,,,0.0,,,Section 201,10
9903.45.06,8450.90.20,South Korea,Base Rate,,,0.3,,,Section 201,10
9903.45.06,8450.90.20,South Sudan,Base Rate,,,0.0,,,Section 201,10
9903.45.06,8450.90.20,Spain,Base Rate,,,0.3,,,Section 201,10
9903.45.06,8450.90.20,Sri Lanka,Base Rate,,,0.0,,,Section 201,10
9903.45.06,8450.90.20,Suriname,Base Rate,,,0.0,,,Section 201,10
9903.45.06,8450.90.20,Swaziland,Base Rate,,,0.0,,,Section 201,10
9903.45.06,8450.90.20,Sweden,Base Rate,,,0.3,,,Section 201,10
9903.45.06,8450.90.20,Switzerland,Base Rate,,,0.3,,,Section 201,10
9903.45.06,8450.90.20,Taiwan,Base Rate,,,0.3,,,Section 201,10
9903.45.06,8450.90.20,Tanzania,Base Rate,,,0.0,,,Section 201,10
9903.45.06,8450.90.20,Timor-Leste,Base Rate,,,0.0,,,Section 201,10
9903.45.06,8450.90.20,Togo,Base Rate,,,0.0,,,Section 201,10
9903.45.06,8450.90.20,Tonga,Base Rate,,,0.0,,,Section 201,10
9903.45.06,8450.90.20,Trinidad and Tobago,Base Rate,,,0.3,,,Section 201,10
9903.45.06,8450.90.20,Tunisia,Base Rate,,,0.0,,,Section 201,10
9903.45.06,8450.90.20,Tuvalu,Base Rate,,,0.0,,,Section 201,10
9903.45.06,8450.90.20,Uganda,Base Rate,,,0.0,,,Section 201,10
9903.45.06,8450.90.20,Ukraine,Base Rate,,,0.0,,,Section 201,10
9903.45.06,8450.90.20,United Arab Emirates,Base Rate,,,0.3,,,Section 201,10
9903.45.06,8450.90.20,United Kingdom,Base Rate,,,0.3,,,Section 201,10
9903.45.06,8450.90.20,United States,Base Rate,,,0.3,,,Section 201,10
9903.45.06,8450.90.20,Uruguay,Base Rate,,,0.3,,,Section 201,10
9903.45.06,8450.90.20,Uzbekistan,Base Rate,,,0.0,,,Section 201,10
9903.45.06,8450.90.20,Vanuatu,Base Rate,,,0.0,,,Section 201,10
9903.45.06,8450.90.20,Vietnam,Base Rate,,,0.3,,,Section 201,10
9903.45.06,8450.90.20,Yemen,Base Rate,,,0.0,,,Section 201,10
9903.45.06,8450.90.20,Zambia,Base Rate,,,0.0,,,Section 201,10
9903.45.06,8450.90.20,Zimbabwe,Base Rate,,,0.0,,,Section 201,10
9903.45.06,8450.90.60,Afghanistan,Base Rate,,,0.0,,,Section 201,10
9903.45.06,8450.90.60,Albania,Base Rate,,,0.0,,,Section 201,10
9903.45.06,8450.90.60,Algeria,Base Rate,,,0.0,,,Section 201,10
9903.45.06,8450.90.60,Andorra,Base Rate,,,0.3,,,Section 201,10
9903.45.06,8450.90.60,Angola,Base Rate,,,0.0,,,Section 201,10
9903.45.06,8450.90.60,Antigua and Barbuda,Base Rate,,,0.3,,,Section 201,10
9903.45.06,8450.90.60,Armenia,Base Rate,,,0.0,,,Section 201,10
9903.45.06,8450.90.60,Australia,Base Rate,,,0.3,,,Section 201,10
9903.45.06,8450.90.60,Austria,Base Rate,,,0.3,,,Section 201,10
9903.45.06,8450.90.60,Azerbaijan,Base Rate,,,0.0,,,Section 201,10
9903.45.06,8450.90.60,Bahamas,Base Rate,,,0.3,,,Section 201,10
9903.45.06,8450.90.60,Bahrain,Base Rate,,,0.3,,,Section 201,10
9903.45.06,8450.90.60,Barbados,Base Rate,,,0.3,,,Section 201,10
9903.45.06,8450.90.60,Belgium,Base Rate,,,0.3,,,Section 201,10
9903.45.06,8450.90.60,Belize,Base Rate,,,0.0,,,Section 201,10
9903.45.06,8450.90.60,Benin,Base Rate,,,0.0,,,Section 201,10
9903.45.06,8450.90.60,Bhutan,Base Rate,,,0.0,,,Section 201,10
9903.45.06,8450.90.60,Bolivia,Base Rate,,,0.0,,,Section 201,10
9903.45.06,8450.90.60,Bosnia and Herzegovina,Base Rate,,,0.0,,,Section 201,10
9903.45.06,8450.90.60,Botswana,Base Rate,,,0.0,,,Section 201,10
9903.45.06,8450.90.60,Brazil,Base Rate,,,0.0,,,Section 201,10
9903.45.06,8450.90.60,Brunei,Base Rate,,,0.3,,,Section 201,10
9903.45.06,8450.90.60,Bulgaria,Base Rate,,,0.3,,,Section 201,10
9903.45.06,8450.90.60,Burkina Faso,Base Rate,,,0.0,,,Section 201,10
9903.45.06,8450.90.60,Burma,Base Rate,,,0.0,,,Section 201,10
9903.45.06,8450.90.60,Burundi,Base Rate,,,0.0,,,Section 201,10
9903.45.06,8450.90.60,Cambodia,Base Rate,,,0.0,,,Section 201,10
9903.45.06,8450.90.60,Cameroon,Base Rate,,,0.0,,,Section 201,10
9903.45.06,8450.90.60,Canada,Base Rate,,,0.3,,,Section 201,10
9903.45.06,8450.90.60,Cape Verde,Base Rate,,,0.0,,,Section 201,10
9903.45.06,8450.90.60,Central African Republic,Base Rate,,,0.0,,,Section 201,10
9903.45.06,8450.90.60,Chad,Base Rate,,,0.0,,,Section 201,10
9903.45.06,8450.90.60,Chile,Base Rate,,,0.3,,,Section 201,10
9903.45.06,8450.90.60,China,Base Rate,,,0.3,,,Section 201,10
9903.45.06,8450.90.60,Comoros,Base Rate,,,0.0,,,Section 201,10
9903.45.06,8450.90.60,Cote d'Ivoire,Base Rate,,,0.0,,,Section 201,10
9903.45.06,8450.90.60,Croatia,Base Rate,,,0.3,,,Section 201,10
9903.45.06,8450.90.60,Cyprus,Base Rate,,,0.3,,,Section 201,10
9903.45.06,8450.90.60,Czech Republic,Base Rate,,,0.3,,,Section 201,10
9903.45.06,8450.90.60,DR Congo,Base Rate,,,0.0,,,Section 201,10
9903.45.06,8450.90.60,Denmark,Base Rate,,,0.3,,,Section 201,10
9903.45.06,8450.90.60,Djibouti,Base Rate,,,0.0,,,Section 201,10
9903.45.06,8450.90.60,Dominica,Base Rate,,,0.0,,,Section 201,10
9903.45.06,8450.90.60,Ecuador,Base Rate,,,0.0,,,Section 201,10
9903.45.06,8450.90.60,Egypt,Base Rate,,,0.0,,,Section 201,10
9903.45.06,8450.90.60,Eritrea,Base Rate,,,0.0,,,Section 201,10
9903.45.06,8450.90.60,Estonia,Base Rate,,,0.3,,,Section 201,10
9903.45.06,8450.90.60,Ethiopia,Base Rate,,,0.0,,,Section 201,10
9903.45.06,8450.90.60,Fiji,Base Rate,,,0.0,,,Section 201,10
9903.45.06,8450.90.60,Finland,Base Rate,,,0.3,,,Section 201,10
9903.45.06,8450.90.60,France,Base Rate,,,0.3,,,Section 201,10
9903.45.06,8450.90.60,Gabon,Base Rate,,,0.0,,,Section 201,10
9903.45.06,8450.90.60,Gambia,Base Rate,,,0.0,,,Section 201,10
9903.45.06,8450.90.60,Georgia,Base Rate,,,0.0,,,Section 201,10
9903.45.06,8450.90.60,Germany,Base Rate,,,0.3,,,Section 201,10
9903.45.06,8450.90.60,Ghana,Base Rate,,,0.0,,,Section 201,10
9903.45.06,8450.90.60,Greece,Base Rate,,,0.3,,,Section 201,10
9903.45.06,8450.90.60,Grenada,Base Rate,,,0.0,,,Section 201,10
9903.45.06,8450.90.60,Guinea,Base Rate,,,0.0,,,Section 201,10
9903.45.06,8450.90.60,Guinea-Bissau,Base Rate,,,0.0,,,Section 201,10
9903.45.06,8450.90.60,Guyana,Base Rate,,,0.0,,,Section 201,10
9903.45.06,8450.90.60,Haiti,Base Rate,,,0.0,,,Section 201,10
9903.45.06,8450.90.60,Hong Kong,Base Rate,,,0.3,,,Section 201,10
9903.45.06,8450.90.60,Hungary,Base Rate,,,0.3,,,Section 201,10
9903.45.06,8450.90.60,Iceland,Base Rate,,,0.3,,,Section 201,10
9903.45.06,8450.90.60,India,Base Rate,,,0.0,,,Section 201,10
9903.45.06,8450.90.60,Indonesia,Base Rate,,,0.0,,,Section 201,10
9903.45.06,8450.90.60,Iraq,Base Rate,,,0.0,,,Section 201,10
9903.45.06,8450.90.60,Ireland,Base Rate,,,0.3,,,Section 201,10
9903.45.06,8450.90.60,Israel,Base Rate,,,0.3,,,Section 201,10
9903.45.06,8450.90.60,Italy,Base Rate,,,0.3,,,Section 201,10
9903.45.06,8450.90.60,Jamaica,Base Rate,,,0.0,,,Section 201,10
9903.45.06,8450.90.60,Japan,Base Rate,,,0.3,,,Section 201,10
9903.45.06,8450.90.60,Jordan,Base Rate,,,0.0,,,Section 201,10
9903.45.06,8450.90.60,Kazakhstan,Base Rate,,,0.0,,,Section 201,10
9903.45.06,8450.90.60,Kenya,Base Rate,,,0.0,,,Section 201,10
9903.45.06,8450.90.60,Kiribati,Base Rate,,,0.0,,,Section 201,10
9903.45.06,8450.90.60,Kosovo,Base Rate,,,0.0,,,Section 201,10
9903.45.06,8450.90.60,Kuwait,Base Rate,,,0.3,,,Section 201,10
9903.45.06,8450.90.60,Kyrgyzstan,Base Rate,,,0.0,,,Section 201,10
9903.45.06,8450.90.60,Laos,Base Rate,,,0.0,,,Section 201,10
9903.45.06,8450.90.60,Latvia,Base Rate,,,0.3,,,Section 201,10
9903.45.06,8450.90.60,Lebanon,Base Rate,,,0.0,,,Section 201,10
9903.45.06,8450.90.60,Lesotho,Base Rate,,,0.0,,,Section 201,10
9903.45.06,8450.90.60,Liberia,Base Rate,,,0.0,,,Section 201,10
9903.45.06,8450.90.60,Liechtenstein,Base Rate,,,0.3,,,Section 201,10
9903.45.06,8450.90.60,Lithuania,Base Rate,,,0.3,,,Section 201,10
9903.45.06,8450.90.60,Luxembourg,Base Rate,,,0.3,,,Section 201,10
9903.45.06,8450.90.60,Macau,Base Rate,,,0.3,,,Section 201,10
9903.45.06,8450.90.60,Macedonia,Base Rate,,,0.0,,,Section 201,10
9903.45.06,8450.90.60,Madagascar,Base Rate,,,0.0,,,Section 201,10
9903.45.06,8450.90.60,Malawi,Base Rate,,,0.0,,,Section 201,10
9903.45.06,8450.90.60,Malaysia,Base Rate,,,0.3,,,Section 201,10
9903.45.06,8450.90.60,Maldives,Base Rate,,,0.0,,,Section 201,10
9903.45.06,8450.90.60,Mali,Base Rate,,,0.0,,,Section 201,10
9903.45.06,8450.90.60,Malta,Base Rate,,,0.3,,,Section 201,10
9903.45.06,8450.90.60,Marshall Islands,Base Rate,,,0.3,,,Section 201,10
9903.45.06,8450.90.60,Mauritania,Base Rate,,,0.0,,,Section 201,10
9903.45.06,8450.90.60,Mauritius,Base Rate,,,0.0,,,Section 201,10
9903.45.06,8450.90.60,Mexico,Base Rate,,,0.3,,,Section 201,10
9903.45.06,8450.90.60,Micronesia,Base Rate,,,0.3,,,Section 201,10
9903.45.06,8450.90.60,Moldova,Base Rate,,,0.0,,,Section 201,10
9903.45.06,8450.90.60,Monaco,Base Rate,,,0.3,,,Section 201,10
9903.45.06,8450.90.60,Mongolia,Base Rate,,,0.0,,,Section 201,10
9903.45.06,8450.90.60,Montenegro,Base Rate,,,0.0,,,Section 201,10
9903.45.06,8450.90.60,Mozambique,Base Rate,,,0.0,,,Section 201,10
9903.45.06,8450.90.60,Namibia,Base Rate,,,0.0,,,Section 201,10
9903.45.06,8450.90.60,Nauru,Base Rate,,,0.3,,,Section 201,10
9903.45.06,8450.90.60,Nepal,Base Rate,,,0.0,,,Section 201,10
9903.45.06,8450.90.60,Netherlands,Base Rate,,,0.3,,,Section 201,10
9903.45.06,8450.90.60,New Zealand,Base Rate,,,0.3,,,Section 201,10
9903.45.06,8450.90.60,Niger,Base Rate,,,0.0,,,Section 201,10
9903.45.06,8450.90.60,Nigeria,Base Rate,,,0.0,,,Section 201,10
9903.45.06,8450.90.60,North Macedonia,Base Rate,,,0.0,,,Section 201,10
9903.45.06,8450.90.60,Norway,Base Rate,,,0.3,,,Section 201,10
9903.45.06,8450.90.60,Oman,Base Rate,,,0.3,,,Section 201,10
9903.45.06,8450.90.60,Pakistan,Base Rate,,,0.0,,,Section 201,10
9903.45.06,8450.90.60,Palau,Base Rate,,,0.3,,,Section 201,10
9903.45.06,8450.90.60,Panama,Base Rate,,,0.3,,,Section 201,10
9903.45.06,8450.90.60,Papua New Guinea,Base Rate,,,0.0,,,Section 201,10
9903.45.06,8450.90.60,Paraguay,Base Rate,,,0.0,,,Section 201,10
9903.45.06,8450.90.60,Philippines,Base Rate,,,0.0,,,Section 201,10
9903.45.06,8450.90.60,Poland,Base Rate,,,0.3,,,Section 201,10
9903.45.06,8450.90.60,Portugal,Base Rate,,,0.3,,,Section 201,10
9903.45.06,8450.90.60,Qatar,Base Rate,,,0.3,,,Section 201,10
9903.45.06,8450.90.60,Romania,Base Rate,,,0.3,,,Section 201,10
9903.45.06,8450.90.60,Russia,Base Rate,,,0.3,,,Section 201,10
9903.45.06,8450.90.60,Rwanda,Base Rate,,,0.0,,,Section 201,10
9903.45.06,8450.90.60,Saint Kitts and Nevis,Base Rate,,,0.3,,,Section 201,10
9903.45.06,8450.90.60,Saint Lucia,Base Rate,,,0.0,,,Section 201,10
9903.45.06,8450.90.60,Saint Vincent and the Grenadines,Base Rate,,,0.0,,,Section 201,10
9903.45.06,8450.90.60,Samoa,Base Rate,,,0.0,,,Section 201,10
9903.45.06,8450.90.60,San Marino,Base Rate,,,0.3,,,Section 201,10
9903.45.06,8450.90.60,Sao Tome and Principe,Base Rate,,,0.0,,,Section 201,10
9903.45.06,8450.90.60,Saudi Arabia,Base Rate,,,0.3,,,Section 201,10
9903.45.06,8450.90.60,Senegal,Base Rate,,,0.0,,,Section 201,10
9903.45.06,8450.90.60,Serbia,Base Rate,,,0.0,,,Section 201,10
9903.45.06,8450.90.60,Seychelles,Base Rate,,,0.3,,,Section 201,10
9903.45.06,8450.90.60,Sierra Leone,Base Rate,,,0.0,,,Section 201,10
9903.45.06,8450.90.60,Singapore,Base Rate,,,0.3,,,Section 201,10
9903.45.06,8450.90.60,Slovakia,Base Rate,,,0.3,,,Section 201,10
9903.45.06,8450.90.60,Slovenia,Base Rate,,,0.3,,,Section 201,10
9903.45.06,8450.90.60,Solomon Islands,Base Rate,,,0.0,,,Section 201,10
9903.45.06,8450.90.60,Somalia,Base Rate,,,0.0,,,Section 201,10
9903.45.06,8450.90.60,South Africa,Base Rate,,,0.0,,,Section 201,10
9903.45.06,8450.90.60,South Korea,Base Rate,,,0.3,,,Section 201,10
9903.45.06,8450.90.60,South Sudan,Base Rate,,,0.0,,,Section 201,10
9903.45.06,8450.90.60,Spain,Base Rate,,,0.3,,,Section 201,10
9903.45.06,8450.90.60,Sri Lanka,Base Rate,,,0.0,,,Section 201,10
9903.45.06,8450.90.60,Suriname,Base Rate,,,0.0,,,Section 201,10
9903.45.06,8450.90.60,Swaziland,Base Rate,,,0.0,,,Section 201,10
9903.45.06,8450.90.60,Sweden,Base Rate,,,0.3,,,Section 201,10
9903.45.06,8450.90.60,Switzerland,Base Rate,,,0.3,,,Section 201,10
9903.45.06,8450.90.60,Taiwan,Base Rate,,,0.3,,,Section 201,10
9903.45.06,8450.90.60,Tanzania,Base Rate,,,0.0,,,Section 201,10
9903.45.06,8450.90.60,Timor-Leste,Base Rate,,,0.0,,,Section 201,10
9903.45.06,8450.90.60,Togo,Base Rate,,,0.0,,,Section 201,10
9903.45.06,8450.90.60,Tonga,Base Rate,,,0.0,,,Section 201,10
9903.45.06,8450.90.60,Trinidad and Tobago,Base Rate,,,0.3,,,Section 201,10
9903.45.06,8450.90.60,Tunisia,Base Rate,,,0.0,,,Section 201,10
9903.45.06,8450.90.60,Tuvalu,Base Rate,,,0.0,,,Section 201,10
9903.45.06,8450.90.60,Uganda,Base Rate,,,0.0,,,Section 201,10
9903.45.06,8450.90.60,Ukraine,Base Rate,,,0.0,,,Section 201,10
9903.45.06,8450.90.60,United Arab Emirates,Base Rate,,,0.3,,,Section 201,10
9903.45.06,8450.90.60,United Kingdom,Base Rate,,,0.3,,,Section 201,10
9903.45.06,8450.90.60,United States,Base Rate,,,0.3,,,Section 201,10
9903.45.06,8450.90.60,Uruguay,Base Rate,,,0.3,,,Section 201,10
9903.45.06,8450.90.60,Uzbekistan,Base Rate,,,0.0,,,Section 201,10
9903.45.06,8450.90.60,Vanuatu,Base Rate,,,0.0,,,Section 201,10
9903.45.06,8450.90.60,Vietnam,Base Rate,,,0.3,,,Section 201,10
9903.45.06,8450.90.60,Yemen,Base Rate,,,0.0,,,Section 201,10
9903.45.06,8450.90.60,Zambia,Base Rate,,,0.0,,,Section 201,10
9903.45.06,8450.90.60,Zimbabwe,Base Rate,,,0.0,,,Section 201,10
9903.45.21,8541.42.00,Afghanistan,Base Rate,,,0.0,,,Section 201,10
9903.45.21,8541.42.00,Albania,Base Rate,,,0.0,,,Section 201,10
9903.45.21,8541.42.00,Algeria,Base Rate,,,0.0,,,Section 201,10
9903.45.21,8541.42.00,Andorra,Base Rate,,,,,,Section 201,10
9903.45.21,8541.42.00,Angola,Base Rate,,,0.0,,,Section 201,10
9903.45.21,8541.42.00,Antigua and Barbuda,Base Rate,,,,,,Section 201,10
9903.45.21,8541.42.00,Armenia,Base Rate,,,0.0,,,Section 201,10
9903.45.21,8541.42.00,Australia,Base Rate,,,,,,Section 201,10
9903.45.21,8541.42.00,Austria,Base Rate,,,,,,Section 201,10
9903.45.21,8541.42.00,Azerbaijan,Base Rate,,,0.0,,,Section 201,10
9903.45.21,8541.42.00,Bahamas,Base Rate,,,,,,Section 201,10
9903.45.21,8541.42.00,Bahrain,Base Rate,,,,,,Section 201,10
9903.45.21,8541.42.00,Barbados,Base Rate,,,,,,Section 201,10
9903.45.21,8541.42.00,Belgium,Base Rate,,,,,,Section 201,10
9903.45.21,8541.42.00,Belize,Base Rate,,,0.0,,,Section 201,10
9903.45.21,8541.42.00,Benin,Base Rate,,,0.0,,,Section 201,10
9903.45.21,8541.42.00,Bhutan,Base Rate,,,0.0,,,Section 201,10
9903.45.21,8541.42.00,Bolivia,Base Rate,,,0.0,,,Section 201,10
9903.45.21,8541.42.00,Bosnia and Herzegovina,Base Rate,,,0.0,,,Section 201,10
9903.45.21,8541.42.00,Botswana,Base Rate,,,0.0,,,Section 201,10
9903.45.21,8541.42.00,Brazil,Base Rate,,,0.0,,,Section 201,10
9903.45.21,8541.42.00,Brunei,Base Rate,,,,,,Section 201,10
9903.45.21,8541.42.00,Bulgaria,Base Rate,,,,,,Section 201,10
9903.45.21,8541.42.00,Burkina Faso,Base Rate,,,0.0,,,Section 201,10
9903.45.21,8541.42.00,Burma,Base Rate,,,0.0,,,Section 201,10
9903.45.21,8541.42.00,Burundi,Base Rate,,,0.0,,,Section 201,10
9903.45.21,8541.42.00,Cambodia,Base Rate,,,0.0,,,Section 201,10
9903.45.21,8541.42.00,Cameroon,Base Rate,,,0.0,,,Section 201,10
9903.45.21,8541.42.00,Canada,Base Rate,,,,,,Section 201,10
9903.45.21,8541.42.00,Cape Verde,Base Rate,,,0.0,,,Section 201,10
9903.45.21,8541.42.00,Central African Republic,Base Rate,,,0.0,,,Section 201,10
9903.45.21,8541.42.00,Chad,Base Rate,,,0.0,,,Section 201,10
9903.45.21,8541.42.00,Chile,Base Rate,,,,,,Section 201,10
9903.45.21,8541.42.00,China,Base Rate,,,,,,Section 201,10
9903.45.21,8541.42.00,Comoros,Base Rate,,,0.0,,,Section 201,10
9903.45.21,8541.42.00,Cote d'Ivoire,Base Rate,,,0.0,,,Section 201,10
9903.45.21,8541.42.00,Croatia,Base Rate,,,,,,Section 201,10
9903.45.21,8541.42.00,Cyprus,Base Rate,,,,,,Section 201,10
9903.45.21,8541.42.00,Czech Republic,Base Rate,,,,,,Section 201,10
9903.45.21,8541.42.00,DR Congo,Base Rate,,,0.0,,,Section 201,10
9903.45.21,8541.42.00,Denmark,Base Rate,,,,,,Section 201,10
9903.45.21,8541.42.00,Djibouti,Base Rate,,,0.0,,,Section 201,10
9903.45.21,8541.42.00,Dominica,Base Rate,,,0.0,,,Section 201,10
9903.45.21,8541.42.00,Ecuador,Base Rate,,,0.0,,,Section 201,10
9903.45.21,8541.42.00,Egypt,Base Rate,,,0.0,,,Section 201,10
9903.45.21,8541.42.00,Eritrea,Base Rate,,,0.0,,,Section 201,10
9903.45.21,8541.42.00,Estonia,Base Rate,,,,,,Section 201,10
9903.45.21,8541.42.00,Ethiopia,Base Rate,,,0.0,,,Section 201,10
9903.45.21,8541.42.00,Fiji,Base Rate,,,0.0,,,Section 201,10
9903.45.21,8541.42.00,Finland,Base Rate,,,,,,Section 201,10
9903.45.21,8541.42.00,France,Base Rate,,,,,,Section 201,10
9903.45.21,8541.42.00,Gabon,Base Rate,,,0.0,,,Section 201,10
9903.45.21,8541.42.00,Gambia,Base Rate,,,0.0,,,Section 201,10
9903.45.21,8541.42.00,Georgia,Base Rate,,,0.0,,,Section 201,10
9903.45.21,8541.42.00,Germany,Base Rate,,,,,,Section 201,10
9903.45.21,8541.42.00,Ghana,Base Rate,,,0.0,,,Section 201,10
9903.45.21,8541.42.00,Greece,Base Rate,,,,,,Section 201,10
9903.45.21,8541.42.00,Grenada,Base Rate,,,0.0,,,Section 201,10
9903.45.21,8541.42.00,Guinea,Base Rate,,,0.0,,,Section 201,10
9903.45.21,8541.42.00,Guinea-Bissau,Base Rate,,,0.0,,,Section 201,10
9903.45.21,8541.42.00,Guyana,Base Rate,,,0.0,,,Section 201,10
9903.45.21,8541.42.00,Haiti,Base Rate,,,0.0,,,Section 201,10
9903.45.21,8541.42.00,Hong Kong,Base Rate,,,,,,Section 201,10
9903.45.21,8541.42.00,Hungary,Base Rate,,,,,,Section 201,10
9903.45.21,8541.42.00,Iceland,Base Rate,,,,,,Section 201,10
9903.45.21,8541.42.00,India,Base Rate,,,0.0,,,Section 201,10
9903.45.21,8541.42.00,Indonesia,Base Rate,,,0.0,,,Section 201,10
9903.45.21,8541.42.00,Iraq,Base Rate,,,0.0,,,Section 201,10
9903.45.21,8541.42.00,Ireland,Base Rate,,,,,,Section 201,10
9903.45.21,8541.42.00,Israel,Base Rate,,,,,,Section 201,10
9903.45.21,8541.42.00,Italy,Base Rate,,,,,,Section 201,10
9903.45.21,8541.42.00,Jamaica,Base Rate,,,0.0,,,Section 201,10
9903.45.21,8541.42.00,Japan,Base Rate,,,,,,Section 201,10
9903.45.21,8541.42.00,Jordan,Base Rate,,,0.0,,,Section 201,10
9903.45.21,8541.42.00,Kazakhstan,Base Rate,,,0.0,,,Section 201,10
9903.45.21,8541.42.00,Kenya,Base Rate,,,0.0,,,Section 201,10
9903.45.21,8541.42.00,Kiribati,Base Rate,,,0.0,,,Section 201,10
9903.45.21,8541.42.00,Kosovo,Base Rate,,,0.0,,,Section 201,10
9903.45.21,8541.42.00,Kuwait,Base Rate,,,,,,Section 201,10
9903.45.21,8541.42.00,Kyrgyzstan,Base Rate,,,0.0,,,Section 201,10
9903.45.21,8541.42.00,Laos,Base Rate,,,0.0,,,Section 201,10
9903.45.21,8541.42.00,Latvia,Base Rate,,,,,,Section 201,10
9903.45.21,8541.42.00,Lebanon,Base Rate,,,0.0,,,Section 201,10
9903.45.21,8541.42.00,Lesotho,Base Rate,,,0.0,,,Section 201,10
9903.45.21,8541.42.00,Liberia,Base Rate,,,0.0,,,Section 201,10
9903.45.21,8541.42.00,Liechtenstein,Base Rate,,,,,,Section 201,10
9903.45.21,8541.42.00,Lithuania,Base Rate,,,,,,Section 201,10
9903.45.21,8541.42.00,Luxembourg,Base Rate,,,,,,Section 201,10
9903.45.21,8541.42.00,Macau,Base Rate,,,,,,Section 201,10
9903.45.21,8541.42.00,Macedonia,Base Rate,,,0.0,,,Section 201,10
9903.45.21,8541.42.00,Madagascar,Base Rate,,,0.0,,,Section 201,10
9903.45.21,8541.42.00,Malawi,Base Rate,,,0.0,,,Section 201,10
9903.45.21,8541.42.00,Malaysia,Base Rate,,,,,,Section 201,10
9903.45.21,8541.42.00,Maldives,Base Rate,,,0.0,,,Section 201,10
9903.45.21,8541.42.00,Mali,Base Rate,,,0.0,,,Section 201,10
9903.45.21,8541.42.00,Malta,Base Rate,,,,,,Section 201,10
9903.45.21,8541.42.00,Marshall Islands,Base Rate,,,,,,Section 201,10
9903.45.21,8541.42.00,Mauritania,Base Rate,,,0.0,,,Section 201,10
9903.45.21,8541.42.00,Mauritius,Base Rate,,,0.0,,,Section 201,10
9903.45.21,8541.42.00,Mexico,Base Rate,,,,,,Section 201,10
9903.45.21,8541.42.00,Micronesia,Base Rate,,,,,,Section 201,10
9903.45.21,8541.42.00,Moldova,Base Rate,,,0.0,,,Section 201,10
9903.45.21,8541.42.00,Monaco,Base Rate,,,,,,Section 201,10
9903.45.21,8541.42.00,Mongolia,Base Rate,,,0.0,,,Section 201,10
9903.45.21,8541.42.00,Montenegro,Base Rate,,,0.0,,,Section 201,10
9903.45.21,8541.42.00,Mozambique,Base Rate,,,0.0,,,Section 201,10
9903.45.21,8541.42.00,Namibia,Base Rate,,,0.0,,,Section 201,10
9903.45.21,8541.42.00,Nauru,Base Rate,,,,,,Section 201,10
9903.45.21,8541.42.00,Nepal,Base Rate,,,0.0,,,Section 201,10
9903.45.21,8541.42.00,Netherlands,Base Rate,,,,,,Section 201,10
9903.45.21,8541.42.00,New Zealand,Base Rate,,,,,,Section 201,10
9903.45.21,8541.42.00,Niger,Base Rate,,,0.0,,,Section 201,10
9903.45.21,8541.42.00,Nigeria,Base Rate,,,0.0,,,Section 201,10
9903.45.21,8541.42.00,North Macedonia,Base Rate,,,0.0,,,Section 201,10
9903.45.21,8541.42.00,Norway,Base Rate,,,,,,Section 201,10
9903.45.21,8541.42.00,Oman,Base Rate,,,,,,Section 201,10
9903.45.21,8541.42.00,Pakistan,Base Rate,,,0.0,,,Section 201,10
9903.45.21,8541.42.00,Palau,Base Rate,,,,,,Section 201,10
9903.45.21,8541.42.00,Panama,Base Rate,,,,,,Section 201,10
9903.45.21,8541.42.00,Papua New Guinea,Base Rate,,,0.0,,,Section 201,10
9903.45.21,8541.42.00,Paraguay,Base Rate,,,0.0,,,Section 201,10
9903.45.21,8541.42.00,Philippines,Base Rate,,,0.0,,,Section 201,10
9903.45.21,8541.42.00,Poland,Base Rate,,,,,,Section 201,10
9903.45.21,8541.42.00,Portugal,Base Rate,,,,,,Section 201,10
9903.45.21,8541.42.00,Qatar,Base Rate,,,,,,Section 201,10
9903.45.21,8541.42.00,Romania,Base Rate,,,,,,Section 201,10
9903.45.21,8541.42.00,Russia,Base Rate,,,,,,Section 201,10
9903.45.21,8541.42.00,Rwanda,Base Rate,,,0.0,,,Section 201,10
9903.45.21,8541.42.00,Saint Kitts and Nevis,Base Rate,,,,,,Section 201,10
9903.45.21,8541.42.00,Saint Lucia,Base Rate,,,0.0,,,Section 201,10
9903.45.21,8541.42.00,Saint Vincent and the Grenadines,Base Rate,,,0.0,,,Section 201,10
9903.45.21,8541.42.00,Samoa,Base Rate,,,0.0,,,Section 201,10
9903.45.21,8541.42.00,San Marino,Base Rate,,,,,,Section 201,10
9903.45.21,8541.42.00,Sao Tome and Principe,Base Rate,,,0.0,,,Section 201,10
9903.45.21,8541.42.00,Saudi Arabia,Base Rate,,,,,,Section 201,10
9903.45.21,8541.42.00,Senegal,Base Rate,,,0.0,,,Section 201,10
9903.45.21,8541.42.00,Serbia,Base Rate,,,0.0,,,Section 201,10
9903.45.21,8541.42.00,Seychelles,Base Rate,,,,,,Section 201,10
9903.45.21,8541.42.00,Sierra Leone,Base Rate,,,0.0,,,Section 201,10
9903.45.21,8541.42.00,Singapore,Base Rate,,,,,,Section 201,10
9903.45.21,8541.42.00,Slovakia,Base Rate,,,,,,Section 201,10
9903.45.21,8541.42.00,Slovenia,Base Rate,,,,,,Section 201,10
9903.45.21,8541.42.00,Solomon Islands,Base Rate,,,0.0,,,Section 201,10
9903.45.21,8541.42.00,Somalia,Base Rate,,,0.0,,,Section 201,10
9903.45.21,8541.42.00,South Africa,Base Rate,,,0.0,,,Section 201,10
9903.45.21,8541.42.00,South Korea,Base Rate,,,,,,Section 201,10
9903.45.21,8541.42.00,South Sudan,Base Rate,,,0.0,,,Section 201,10
9903.45.21,8541.42.00,Spain,Base Rate,,,,,,Section 201,10
9903.45.21,8541.42.00,Sri Lanka,Base Rate,,,0.0,,,Section 201,10
9903.45.21,8541.42.00,Suriname,Base Rate,,,0.0,,,Section 201,10
9903.45.21,8541.42.00,Swaziland,Base Rate,,,0.0,,,Section 201,10
9903.45.21,8541.42.00,Sweden,Base Rate,,,,,,Section 201,10
9903.45.21,8541.42.00,Switzerland,Base Rate,,,,,,Section 201,10
9903.45.21,8541.42.00,Taiwan,Base Rate,,,,,,Section 201,10
9903.45.21,8541.42.00,Tanzania,Base Rate,,,0.0,,,Section 201,10
9903.45.21,8541.42.00,Timor-Leste,Base Rate,,,0.0,,,Section 201,10
9903.45.21,8541.42.00,Togo,Base Rate,,,0.0,,,Section 201,10
9903.45.21,8541.42.00,Tonga,Base Rate,,,0.0,,,Section 201,10
9903.45.21,8541.42.00,Trinidad and Tobago,Base Rate,,,,,,Section 201,10
9903.45.21,8541.42.00,Tunisia,Base Rate,,,0.0,,,Section 201,10
9903.45.21,8541.42.00,Tuvalu,Base Rate,,,0.0,,,Section 201,10
9903.45.21,8541.42.00,Uganda,Base Rate,,,0.0,,,Section 201,10
9903.45.21,8541.42.00,Ukraine,Base Rate,,,0.0,,,Section 201,10
9903.45.21,8541.42.00,United Arab Emirates,Base Rate,,,,,,Section 201,10
9903.45.21,8541.42.00,United Kingdom,Base Rate,,,,,,Section 201,10
9903.45.21,8541.42.00,United States,Base Rate,,,,,,Section 201,10
9903.45.21,8541.42.00,Uruguay,Base Rate,,,,,,Section 201,10
9903.45.21,8541.42.00,Uzbekistan,Base Rate,,,0.0,,,Section 201,10
9903.45.21,8541.42.00,Vanuatu,Base Rate,,,0.0,,,Section 201,10
9903.45.21,8541.42.00,Vietnam,Base Rate,,,,,,Section 201,10
9903.45.21,8541.42.00,Yemen,Base Rate,,,0.0,,,Section 201,10
9903.45.21,8541.42.00,Zambia,Base Rate,,,0.0,,,Section 201,10
9903.45.21,8541.42.00,Zimbabwe,Base Rate,,,0.0,,,Section 201,10
9903.45.21,8541.42.0010,Afghanistan,Base Rate,,,0.0,,,Section 201,10
9903.45.21,8541.42.0010,Albania,Base Rate,,,0.0,,,Section 201,10
9903.45.21,8541.42.0010,Algeria,Base Rate,,,0.0,,,Section 201,10
9903.45.21,8541.42.0010,Andorra,Base Rate,,,,,,Section 201,10
9903.45.21,8541.42.0010,Angola,Base Rate,,,0.0,,,Section 201,10
9903.45.21,8541.42.0010,Antigua and Barbuda,Base Rate,,,,,,Section 201,10
9903.45.21,8541.42.0010,Armenia,Base Rate,,,0.0,,,Section 201,10
9903.45.21,8541.42.0010,Australia,Base Rate,,,,,,Section 201,10
9903.45.21,8541.42.0010,Austria,Base Rate,,,,,,Section 201,10
9903.45.21,8541.42.0010,Azerbaijan,Base Rate,,,0.0,,,Section 201,10
9903.45.21,8541.42.0010,Bahamas,Base Rate,,,,,,Section 201,10
9903.45.21,8541.42.0010,Bahrain,Base Rate,,,,,,Section 201,10
9903.45.21,8541.42.0010,Barbados,Base Rate,,,,,,Section 201,10
9903.45.21,8541.42.0010,Belgium,Base Rate,,,,,,Section 201,10
9903.45.21,8541.42.0010,Belize,Base Rate,,,0.0,,,Section 201,10
9903.45.21,8541.42.0010,Benin,Base Rate,,,0.0,,,Section 201,10
9903.45.21,8541.42.0010,Bhutan,Base Rate,,,0.0,,,Section 201,10
9903.45.21,8541.42.0010,Bolivia,Base Rate,,,0.0,,,Section 201,10
9903.45.21,8541.42.0010,Bosnia and Herzegovina,Base Rate,,,0.0,,,Section 201,10
9903.45.21,8541.42.0010,Botswana,Base Rate,,,0.0,,,Section 201,10
9903.45.21,8541.42.0010,Brazil,Base Rate,,,0.0,,,Section 201,10
9903.45.21,8541.42.0010,Brunei,Base Rate,,,,,,Section 201,10
9903.45.21,8541.42.0010,Bulgaria,Base Rate,,,,,,Section 201,10
9903.45.21,8541.42.0010,Burkina Faso,Base Rate,,,0.0,,,Section 201,10
9903.45.21,8541.42.0010,Burma,Base Rate,,,0.0,,,Section 201,10
9903.45.21,8541.42.0010,Burundi,Base Rate,,,0.0,,,Section 201,10
9903.45.21,8541.42.0010,Cambodia,Base Rate,,,0.0,,,Section 201,10
9903.45.21,8541.42.0010,Cameroon,Base Rate,,,0.0,,,Section 201,10
9903.45.21,8541.42.0010,Canada,Base Rate,,,,,,Section 201,10
9903.45.21,8541.42.0010,Cape Verde,Base Rate,,,0.0,,,Section 201,10
9903.45.21,8541.42.0010,Central African Republic,Base Rate,,,0.0,,,Section 201,10
9903.45.21,8541.42.0010,Chad,Base Rate,,,0.0,,,Section 201,10
9903.45.21,8541.42.0010,Chile,Base Rate,,,,,,Section 201,10
9903.45.21,8541.42.0010,China,Base Rate,,,,,,Section 201,10
9903.45.21,8541.42.0010,Comoros,Base Rate,,,0.0,,,Section 201,10
9903.45.21,8541.42.0010,Cote d'Ivoire,Base Rate,,,0.0,,,Section 201,10
9903.45.21,8541.42.0010,Croatia,Base Rate,,,,,,Section 201,10
9903.45.21,8541.42.0010,Cyprus,Base Rate,,,,,,Section 201,10
9903.45.21,8541.42.0010,Czech Republic,Base Rate,,,,,,Section 201,10
9903.45.21,8541.42.0010,DR Congo,Base Rate,,,0.0,,,Section 201,10
9903.45.21,8541.42.0010,Denmark,Base Rate,,,,,,Section 201,10
9903.45.21,8541.42.0010,Djibouti,Base Rate,,,0.0,,,Section 201,10
9903.45.21,8541.42.0010,Dominica,Base Rate,,,0.0,,,Section 201,10
9903.45.21,8541.42.0010,Ecuador,Base Rate,,,0.0,,,Section 201,10
9903.45.21,8541.42.0010,Egypt,Base Rate,,,0.0,,,Section 201,10
9903.45.21,8541.42.0010,Eritrea,Base Rate,,,0.0,,,Section 201,10
9903.45.21,8541.42.0010,Estonia,Base Rate,,,,,,Section 201,10
9903.45.21,8541.42.0010,Ethiopia,Base Rate,,,0.0,,,Section 201,10
9903.45.21,8541.42.0010,Fiji,Base Rate,,,0.0,,,Section 201,10
9903.45.21,8541.42.0010,Finland,Base Rate,,,,,,Section 201,10
9903.45.21,8541.42.0010,France,Base Rate,,,,,,Section 201,10
9903.45.21,8541.42.0010,Gabon,Base Rate,,,0.0,,,Section 201,10
9903.45.21,8541.42.0010,Gambia,Base Rate,,,0.0,,,Section 201,10
9903.45.21,8541.42.0010,Georgia,Base Rate,,,0.0,,,Section 201,10
9903.45.21,8541.42.0010,Germany,Base Rate,,,,,,Section 201,10
9903.45.21,8541.42.0010,Ghana,Base Rate,,,0.0,,,Section 201,10
9903.45.21,8541.42.0010,Greece,Base Rate,,,,,,Section 201,10
9903.45.21,8541.42.0010,Grenada,Base Rate,,,0.0,,,Section 201,10
9903.45.21,8541.42.0010,Guinea,Base Rate,,,0.0,,,Section 201,10
9903.45.21,8541.42.0010,Guinea-Bissau,Base Rate,,,0.0,,,Section 201,10
9903.45.21,8541.42.0010,Guyana,Base Rate,,,0.0,,,Section 201,10
9903.45.21,8541.42.0010,Haiti,Base Rate,,,0.0,,,Section 201,10
9903.45.21,8541.42.0010,Hong Kong,Base Rate,,,,,,Section 201,10
9903.45.21,8541.42.0010,Hungary,Base Rate,,,,,,Section 201,10
9903.45.21,8541.42.0010,Iceland,Base Rate,,,,,,Section 201,10
9903.45.21,8541.42.0010,India,Base Rate,,,0.0,,,Section 201,10
9903.45.21,8541.42.0010,Indonesia,Base Rate,,,0.0,,,Section 201,10
9903.45.21,8541.42.0010,Iraq,Base Rate,,,0.0,,,Section 201,10
9903.45.21,8541.42.0010,Ireland,Base Rate,,,,,,Section 201,10
9903.45.21,8541.42.0010,Israel,Base Rate,,,,,,Section 201,10
9903.45.21,8541.42.0010,Italy,Base Rate,,,,,,Section 201,10
9903.45.21,8541.42.0010,Jamaica,Base Rate,,,0.0,,,Section 201,10
9903.45.21,8541.42.0010,Japan,Base Rate,,,,,,Section 201,10
9903.45.21,8541.42.0010,Jordan,Base Rate,,,0.0,,,Section 201,10
9903.45.21,8541.42.0010,Kazakhstan,Base Rate,,,0.0,,,Section 201,10
9903.45.21,8541.42.0010,Kenya,Base Rate,,,0.0,,,Section 201,10
9903.45.21,8541.42.0010,Kiribati,Base Rate,,,0.0,,,Section 201,10
9903.45.21,8541.42.0010,Kosovo,Base Rate,,,0.0,,,Section 201,10
9903.45.21,8541.42.0010,Kuwait,Base Rate,,,,,,Section 201,10
9903.45.21,8541.42.0010,Kyrgyzstan,Base Rate,,,0.0,,,Section 201,10
9903.45.21,8541.42.0010,Laos,Base Rate,,,0.0,,,Section 201,10
9903.45.21,8541.42.0010,Latvia,Base Rate,,,,,,Section 201,10
9903.45.21,8541.42.0010,Lebanon,Base Rate,,,0.0,,,Section 201,10
9903.45.21,8541.42.0010,Lesotho,Base Rate,,,0.0,,,Section 201,10
9903.45.21,8541.42.0010,Liberia,Base Rate,,,0.0,,,Section 201,10
9903.45.21,8541.42.0010,Liechtenstein,Base Rate,,,,,,Section 201,10
9903.45.21,8541.42.0010,Lithuania,Base Rate,,,,,,Section 201,10
9903.45.21,8541.42.0010,Luxembourg,Base Rate,,,,,,Section 201,10
9903.45.21,8541.42.0010,Macau,Base Rate,,,,,,Section 201,10
9903.45.21,8541.42.0010,Macedonia,Base Rate,,,0.0,,,Section 201,10
9903.45.21,8541.42.0010,Madagascar,Base Rate,,,0.0,,,Section 201,10
9903.45.21,8541.42.0010,Malawi,Base Rate,,,0.0,,,Section 201,10
9903.45.21,8541.42.0010,Malaysia,Base Rate,,,,,,Section 201,10
9903.45.21,8541.42.0010,Maldives,Base Rate,,,0.0,,,Section 201,10
9903.45.21,8541.42.0010,Mali,Base Rate,,,0.0,,,Section 201,10
9903.45.21,8541.42.0010,Malta,Base Rate,,,,,,Section 201,10
9903.45.21,8541.42.0010,Marshall Islands,Base Rate,,,,,,Section 201,10
9903.45.21,8541.42.0010,Mauritania,Base Rate,,,0.0,,,Section 201,10
9903.45.21,8541.42.0010,Mauritius,Base Rate,,,0.0,,,Section 201,10
9903.45.21,8541.42.0010,Mexico,Base Rate,,,,,,Section 201,10
9903.45.21,8541.42.0010,Micronesia,Base Rate,,,,,,Section 201,10
9903.45.21,8541.42.0010,Moldova,Base Rate,,,0.0,,,Section 201,10
9903.45.21,8541.42.0010,Monaco,Base Rate,,,,,,Section 201,10
9903.45.21,8541.42.0010,Mongolia,Base Rate,,,0.0,,,Section 201,10
9903.45.21,8541.42.0010,Montenegro,Base Rate,,,0.0,,,Section 201,10
9903.45.21,8541.42.0010,Mozambique,Base Rate,,,0.0,,,Section 201,10
9903.45.21,8541.42.0010,Namibia,Base Rate,,,0.0,,,Section 201,10
9903.45.21,8541.42.0010,Nauru,Base Rate,,,,,,Section 201,10
9903.45.21,8541.42.0010,Nepal,Base Rate,,,0.0,,,Section 201,10
9903.45.21,8541.42.0010,Netherlands,Base Rate,,,,,,Section 201,10
9903.45.21,8541.42.0010,New Zealand,Base Rate,,,,,,Section 201,10
9903.45.21,8541.42.0010,Niger,Base Rate,,,0.0,,,Section 201,10
9903.45.21,8541.42.0010,Nigeria,Base Rate,,,0.0,,,Section 201,10
9903.45.21,8541.42.0010,North Macedonia,Base Rate,,,0.0,,,Section 201,10
9903.45.21,8541.42.0010,Norway,Base Rate,,,,,,Section 201,10
9903.45.21,8541.42.0010,Oman,Base Rate,,,,,,Section 201,10
9903.45.21,8541.42.0010,Pakistan,Base Rate,,,0.0,,,Section 201,10
9903.45.21,8541.42.0010,Palau,Base Rate,,,,,,Section 201,10
9903.45.21,8541.42.0010,Panama,Base Rate,,,,,,Section 201,10
9903.45.21,8541.42.0010,Papua New Guinea,Base Rate,,,0.0,,,Section 201,10
9903.45.21,8541.42.0010,Paraguay,Base Rate,,,0.0,,,Section 201,10
9903.45.21,8541.42.0010,Philippines,Base Rate,,,0.0,,,Section 201,10
9903.45.21,8541.42.0010,Poland,Base Rate,,,,,,Section 201,10
9903.45.21,8541.42.0010,Portugal,Base Rate,,,,,,Section 201,10
9903.45.21,8541.42.0010,Qatar,Base Rate,,,,,,Section 201,10
9903.45.21,8541.42.0010,Romania,Base Rate,,,,,,Section 201,10
9903.45.21,8541.42.0010,Russia,Base Rate,,,,,,Section 201,10
9903.45.21,8541.42.0010,Rwanda,Base Rate,,,0.0,,,Section 201,10
9903.45.21,8541.42.0010,Saint Kitts and Nevis,Base Rate,,,,,,Section 201,10
9903.45.21,8541.42.0010,Saint Lucia,Base Rate,,,0.0,,,Section 201,10
9903.45.21,8541.42.0010,Saint Vincent and the Grenadines,Base Rate,,,0.0,,,Section 201,10
9903.45.21,8541.42.0010,Samoa,Base Rate,,,0.0,,,Section 201,10
9903.45.21,8541.42.0010,San Marino,Base Rate,,,,,,Section 201,10
9903.45.21,8541.42.0010,Sao Tome and Principe,Base Rate,,,0.0,,,Section 201,10
9903.45.21,8541.42.0010,Saudi Arabia,Base Rate,,,,,,Section 201,10
9903.45.21,8541.42.0010,Senegal,Base Rate,,,0.0,,,Section 201,10
9903.45.21,8541.42.0010,Serbia,Base Rate,,,0.0,,,Section 201,10
9903.45.21,8541.42.0010,Seychelles,Base Rate,,,,,,Section 201,10
9903.45.21,8541.42.0010,Sierra Leone,Base Rate,,,0.0,,,Section 201,10
9903.45.21,8541.42.0010,Singapore,Base Rate,,,,,,Section 201,10
9903.45.21,8541.42.0010,Slovakia,Base Rate,,,,,,Section 201,10
9903.45.21,8541.42.0010,Slovenia,Base Rate,,,,,,Section 201,10
9903.45.21,8541.42.0010,Solomon Islands,Base Rate,,,0.0,,,Section 201,10
9903.45.21,8541.42.0010,Somalia,Base Rate,,,0.0,,,Section 201,10
9903.45.21,8541.42.0010,South Africa,Base Rate,,,0.0,,,Section 201,10
9903.45.21,8541.42.0010,South Korea,Base Rate,,,,,,Section 201,10
9903.45.21,8541.42.0010,South Sudan,Base Rate,,,0.0,,,Section 201,10
9903.45.21,8541.42.0010,Spain,Base Rate,,,,,,Section 201,10
9903.45.21,8541.42.0010,Sri Lanka,Base Rate,,,0.0,,,Section 201,10
9903.45.21,8541.42.0010,Suriname,Base Rate,,,0.0,,,Section 201,10
9903.45.21,8541.42.0010,Swaziland,Base Rate,,,0.0,,,Section 201,10
9903.45.21,8541.42.0010,Sweden,Base Rate,,,,,,Section 201,10
9903.45.21,8541.42.0010,Switzerland,Base Rate,,,,,,Section 201,10
9903.45.21,8541.42.0010,Taiwan,Base Rate,,,,,,Section 201,10
9903.45.21,8541.42.0010,Tanzania,Base Rate,,,0.0,,,Section 201,10
9903.45.21,8541.42.0010,Timor-Leste,Base Rate,,,0.0,,,Section 201,10
9903.45.21,8541.42.0010,Togo,Base Rate,,,0.0,,,Section 201,10
9903.45.21,8541.42.0010,Tonga,Base Rate,,,0.0,,,Section 201,10
9903.45.21,8541.42.0010,Trinidad and Tobago,Base Rate,,,,,,Section 201,10
9903.45.21,8541.42.0010,Tunisia,Base Rate,,,0.0,,,Section 201,10
9903.45.21,8541.42.0010,Tuvalu,Base Rate,,,0.0,,,Section 201,10
9903.45.21,8541.42.0010,Uganda,Base Rate,,,0.0,,,Section 201,10
9903.45.21,8541.42.0010,Ukraine,Base Rate,,,0.0,,,Section 201,10
9903.45.21,8541.42.0010,United Arab Emirates,Base Rate,,,,,,Section 201,10
9903.45.21,8541.42.0010,United Kingdom,Base Rate,,,,,,Section 201,10
9903.45.21,8541.42.0010,United States,Base Rate,,,,,,Section 201,10
9903.45.21,8541.42.0010,Uruguay,Base Rate,,,,,,Section 201,10
9903.45.21,8541.42.0010,Uzbekistan,Base Rate,,,0.0,,,Section 201,10
9903.45.21,8541.42.0010,Vanuatu,Base Rate,,,0.0,,,Section 201,10
9903.45.21,8541.42.0010,Vietnam,Base Rate,,,,,,Section 201,10
9903.45.21,8541.42.0010,Yemen,Base Rate,,,0.0,,,Section 201,10
9903.45.21,8541.42.0010,Zambia,Base Rate,,,0.0,,,Section 201,10
9903.45.21,8541.42.0010,Zimbabwe,Base Rate,,,0.0,,,Section 201,10
9903.45.22,8541.42.00,Afghanistan,Base Rate,,,0.0,,,Section 201,10
9903.45.22,8541.42.00,Albania,Base Rate,,,0.0,,,Section 201,10
9903.45.22,8541.42.00,Algeria,Base Rate,,,0.0,,,Section 201,10
9903.45.22,8541.42.00,Andorra,Base Rate,,,0.3,,,Section 201,10
9903.45.22,8541.42.00,Angola,Base Rate,,,0.0,,,Section 201,10
9903.45.22,8541.42.00,Antigua and Barbuda,Base Rate,,,0.3,,,Section 201,10
9903.45.22,8541.42.00,Armenia,Base Rate,,,0.0,,,Section 201,10
9903.45.22,8541.42.00,Australia,Base Rate,,,0.3,,,Section 201,10
9903.45.22,8541.42.00,Austria,Base Rate,,,0.3,,,Section 201,10
9903.45.22,8541.42.00,Azerbaijan,Base Rate,,,0.0,,,Section 201,10
9903.45.22,8541.42.00,Bahamas,Base Rate,,,0.3,,,Section 201,10
9903.45.22,8541.42.00,Bahrain,Base Rate,,,0.3,,,Section 201,10
9903.45.22,8541.42.00,Barbados,Base Rate,,,0.3,,,Section 201,10
9903.45.22,8541.42.00,Belgium,Base Rate,,,0.3,,,Section 201,10
9903.45.22,8541.42.00,Belize,Base Rate,,,0.0,,,Section 201,10
9903.45.22,8541.42.00,Benin,Base Rate,,,0.0,,,Section 201,10
9903.45.22,8541.42.00,Bhutan,Base Rate,,,0.0,,,Section 201,10
9903.45.22,8541.42.00,Bolivia,Base Rate,,,0.0,,,Section 201,10
9903.45.22,8541.42.00,Bosnia and Herzegovina,Base Rate,,,0.0,,,Section 201,10
9903.45.22,8541.42.00,Botswana,Base Rate,,,0.0,,,Section 201,10
9903.45.22,8541.42.00,Brazil,Base Rate,,,0.0,,,Section 201,10
9903.45.22,8541.42.00,Brunei,Base Rate,,,0.3,,,Section 201,10
9903.45.22,8541.42.00,Bulgaria,Base Rate,,,0.3,,,Section 201,10
9903.45.22,8541.42.00,Burkina Faso,Base Rate,,,0.0,,,Section 201,10
9903.45.22,8541.42.00,Burma,Base Rate,,,0.0,,,Section 201,10
9903.45.22,8541.42.00,Burundi,Base Rate,,,0.0,,,Section 201,10
9903.45.22,8541.42.00,Cambodia,Base Rate,,,0.0,,,Section 201,10
9903.45.22,8541.42.00,Cameroon,Base Rate,,,0.0,,,Section 201,10
9903.45.22,8541.42.00,Canada,Base Rate,,,0.3,,,Section 201,10
9903.45.22,8541.42.00,Cape Verde,Base Rate,,,0.0,,,Section 201,10
9903.45.22,8541.42.00,Central African Republic,Base Rate,,,0.0,,,Section 201,10
9903.45.22,8541.42.00,Chad,Base Rate,,,0.0,,,Section 201,10
9903.45.22,8541.42.00,Chile,Base Rate,,,0.3,,,Section 201,10
9903.45.22,8541.42.00,China,Base Rate,,,0.3,,,Section 201,10
9903.45.22,8541.42.00,Comoros,Base Rate,,,0.0,,,Section 201,10
9903.45.22,8541.42.00,Cote d'Ivoire,Base Rate,,,0.0,,,Section 201,10
9903.45.22,8541.42.00,Croatia,Base Rate,,,0.3,,,Section 201,10
9903.45.22,8541.42.00,Cyprus,Base Rate,,,0.3,,,Section 201,10
9903.45.22,8541.42.00,Czech Republic,Base Rate,,,0.3,,,Section 201,10
9903.45.22,8541.42.00,DR Congo,Base Rate,,,0.0,,,Section 201,10
9903.45.22,8541.42.00,Denmark,Base Rate,,,0.3,,,Section 201,10
9903.45.22,8541.42.00,Djibouti,Base Rate,,,0.0,,,Section 201,10
9903.45.22,8541.42.00,Dominica,Base Rate,,,0.0,,,Section 201,10
9903.45.22,8541.42.00,Ecuador,Base Rate,,,0.0,,,Section 201,10
9903.45.22,8541.42.00,Egypt,Base Rate,,,0.0,,,Section 201,10
9903.45.22,8541.42.00,Eritrea,Base Rate,,,0.0,,,Section 201,10
9903.45.22,8541.42.00,Estonia,Base Rate,,,0.3,,,Section 201,10
9903.45.22,8541.42.00,Ethiopia,Base Rate,,,0.0,,,Section 201,10
9903.45.22,8541.42.00,Fiji,Base Rate,,,0.0,,,Section 201,10
9903.45.22,8541.42.00,Finland,Base Rate,,,0.3,,,Section 201,10
9903.45.22,8541.42.00,France,Base Rate,,,0.3,,,Section 201,10
9903.45.22,8541.42.00,Gabon,Base Rate,,,0.0,,,Section 201,10
9903.45.22,8541.42.00,Gambia,Base Rate,,,0.0,,,Section 201,10
9903.45.22,8541.42.00,Georgia,Base Rate,,,0.0,,,Section 201,10
9903.45.22,8541.42.00,Germany,Base Rate,,,0.3,,,Section 201,10
9903.45.22,8541.42.00,Ghana,Base Rate,,,0.0,,,Section 201,10
9903.45.22,8541.42.00,Greece,Base Rate,,,0.3,,,Section 201,10
9903.45.22,8541.42.00,Grenada,Base Rate,,,0.0,,,Section 201,10
9903.45.22,8541.42.00,Guinea,Base Rate,,,0.0,,,Section 201,10
9903.45.22,8541.42.00,Guinea-Bissau,Base Rate,,,0.0,,,Section 201,10
9903.45.22,8541.42.00,Guyana,Base Rate,,,0.0,,,Section 201,10
9903.45.22,8541.42.00,Haiti,Base Rate,,,0.0,,,Section 201,10
9903.45.22,8541.42.00,Hong Kong,Base Rate,,,0.3,,,Section 201,10
9903.45.22,8541.42.00,Hungary,Base Rate,,,0.3,,,Section 201,10
9903.45.22,8541.42.00,Iceland,Base Rate,,,0.3,,,Section 201,10
9903.45.22,8541.42.00,India,Base Rate,,,0.0,,,Section 201,10
9903.45.22,8541.42.00,Indonesia,Base Rate,,,0.0,,,Section 201,10
9903.45.22,8541.42.00,Iraq,Base Rate,,,0.0,,,Section 201,10
9903.45.22,8541.42.00,Ireland,Base Rate,,,0.3,,,Section 201,10
9903.45.22,8541.42.00,Israel,Base Rate,,,0.3,,,Section 201,10
9903.45.22,8541.42.00,Italy,Base Rate,,,0.3,,,Section 201,10
9903.45.22,8541.42.00,Jamaica,Base Rate,,,0.0,,,Section 201,10
9903.45.22,8541.42.00,Japan,Base Rate,,,0.3,,,Section 201,10
9903.45.22,8541.42.00,Jordan,Base Rate,,,0.0,,,Section 201,10
9903.45.22,8541.42.00,Kazakhstan,Base Rate,,,0.0,,,Section 201,10
9903.45.22,8541.42.00,Kenya,Base Rate,,,0.0,,,Section 201,10
9903.45.22,8541.42.00,Kiribati,Base Rate,,,0.0,,,Section 201,10
9903.45.22,8541.42.00,Kosovo,Base Rate,,,0.0,,,Section 201,10
9903.45.22,8541.42.00,Kuwait,Base Rate,,,0.3,,,Section 201,10
9903.45.22,8541.42.00,Kyrgyzstan,Base Rate,,,0.0,,,Section 201,10
9903.45.22,8541.42.00,Laos,Base Rate,,,0.0,,,Section 201,10
9903.45.22,8541.42.00,Latvia,Base Rate,,,0.3,,,Section 201,10
9903.45.22,8541.42.00,Lebanon,Base Rate,,,0.0,,,Section 201,10
9903.45.22,8541.42.00,Lesotho,Base Rate,,,0.0,,,Section 201,10
9903.45.22,8541.42.00,Liberia,Base Rate,,,0.0,,,Section 201,10
9903.45.22,8541.42.00,Liechtenstein,Base Rate,,,0.3,,,Section 201,10
9903.45.22,8541.42.00,Lithuania,Base Rate,,,0.3,,,Section 201,10
9903.45.22,8541.42.00,Luxembourg,Base Rate,,,0.3,,,Section 201,10
9903.45.22,8541.42.00,Macau,Base Rate,,,0.3,,,Section 201,10
9903.45.22,8541.42.00,Macedonia,Base Rate,,,0.0,,,Section 201,10
9903.45.22,8541.42.00,Madagascar,Base Rate,,,0.0,,,Section 201,10
9903.45.22,8541.42.00,Malawi,Base Rate,,,0.0,,,Section 201,10
9903.45.22,8541.42.00,Malaysia,Base Rate,,,0.3,,,Section 201,10
9903.45.22,8541.42.00,Maldives,Base Rate,,,0.0,,,Section 201,10
9903.45.22,8541.42.00,Mali,Base Rate,,,0.0,,,Section 201,10
9903.45.22,8541.42.00,Malta,Base Rate,,,0.3,,,Section 201,10
9903.45.22,8541.42.00,Marshall Islands,Base Rate,,,0.3,,,Section 201,10
9903.45.22,8541.42.00,Mauritania,Base Rate,,,0.0,,,Section 201,10
9903.45.22,8541.42.00,Mauritius,Base Rate,,,0.0,,,Section 201,10
9903.45.22,8541.42.00,Mexico,Base Rate,,,0.3,,,Section 201,10
9903.45.22,8541.42.00,Micronesia,Base Rate,,,0.3,,,Section 201,10
9903.45.22,8541.42.00,Moldova,Base Rate,,,0.0,,,Section 201,10
9903.45.22,8541.42.00,Monaco,Base Rate,,,0.3,,,Section 201,10
9903.45.22,8541.42.00,Mongolia,Base Rate,,,0.0,,,Section 201,10
9903.45.22,8541.42.00,Montenegro,Base Rate,,,0.0,,,Section 201,10
9903.45.22,8541.42.00,Mozambique,Base Rate,,,0.0,,,Section 201,10
9903.45.22,8541.42.00,Namibia,Base Rate,,,0.0,,,Section 201,10
9903.45.22,8541.42.00,Nauru,Base Rate,,,0.3,,,Section 201,10
9903.45.22,8541.42.00,Nepal,Base Rate,,,0.0,,,Section 201,10
9903.45.22,8541.42.00,Netherlands,Base Rate,,,0.3,,,Section 201,10
9903.45.22,8541.42.00,New Zealand,Base Rate,,,0.3,,,Section 201,10
9903.45.22,8541.42.00,Niger,Base Rate,,,0.0,,,Section 201,10
9903.45.22,8541.42.00,Nigeria,Base Rate,,,0.0,,,Section 201,10
9903.45.22,8541.42.00,North Macedonia,Base Rate,,,0.0,,,Section 201,10
9903.45.22,8541.42.00,Norway,Base Rate,,,0.3,,,Section 201,10
9903.45.22,8541.42.00,Oman,Base Rate,,,0.3,,,Section 201,10
9903.45.22,8541.42.00,Pakistan,Base Rate,,,0.0,,,Section 201,10
9903.45.22,8541.42.00,Palau,Base Rate,,,0.3,,,Section 201,10
9903.45.22,8541.42.00,Panama,Base Rate,,,0.3,,,Section 201,10
9903.45.22,8541.42.00,Papua New Guinea,Base Rate,,,0.0,,,Section 201,10
9903.45.22,8541.42.00,Paraguay,Base Rate,,,0.0,,,Section 201,10
9903.45.22,8541.42.00,Philippines,Base Rate,,,0.0,,,Section 201,10
9903.45.22,8541.42.00,Poland,Base Rate,,,0.3,,,Section 201,10
9903.45.22,8541.42.00,Portugal,Base Rate,,,0.3,,,Section 201,10
9903.45.22,8541.42.00,Qatar,Base Rate,,,0.3,,,Section 201,10
9903.45.22,8541.42.00,Romania,Base Rate,,,0.3,,,Section 201,10
9903.45.22,8541.42.00,Russia,Base Rate,,,0.3,,,Section 201,10
9903.45.22,8541.42.00,Rwanda,Base Rate,,,0.0,,,Section 201,10
9903.45.22,8541.42.00,Saint Kitts and Nevis,Base Rate,,,0.3,,,Section 201,10
9903.45.22,8541.42.00,Saint Lucia,Base Rate,,,0.0,,,Section 201,10
9903.45.22,8541.42.00,Saint Vincent and the Grenadines,Base Rate,,,0.0,,,Section 201,10
9903.45.22,8541.42.00,Samoa,Base Rate,,,0.0,,,Section 201,10
9903.45.22,8541.42.00,San Marino,Base Rate,,,0.3,,,Section 201,10
9903.45.22,8541.42.00,Sao Tome and Principe,Base Rate,,,0.0,,,Section 201,10
9903.45.22,8541.42.00,Saudi Arabia,Base Rate,,,0.3,,,Section 201,10
9903.45.22,8541.42.00,Senegal,Base Rate,,,0.0,,,Section 201,10
9903.45.22,8541.42.00,Serbia,Base Rate,,,0.0,,,Section 201,10
9903.45.22,8541.42.00,Seychelles,Base Rate,,,0.3,,,Section 201,10
9903.45.22,8541.42.00,Sierra Leone,Base Rate,,,0.0,,,Section 201,10
9903.45.22,8541.42.00,Singapore,Base Rate,,,0.3,,,Section 201,10
9903.45.22,8541.42.00,Slovakia,Base Rate,,,0.3,,,Section 201,10
9903.45.22,8541.42.00,Slovenia,Base Rate,,,0.3,,,Section 201,10
9903.45.22,8541.42.00,Solomon Islands,Base Rate,,,0.0,,,Section 201,10
9903.45.22,8541.42.00,Somalia,Base Rate,,,0.0,,,Section 201,10
9903.45.22,8541.42.00,South Africa,Base Rate,,,0.0,,,Section 201,10
9903.45.22,8541.42.00,South Korea,Base Rate,,,0.3,,,Section 201,10
9903.45.22,8541.42.00,South Sudan,Base Rate,,,0.0,,,Section 201,10
9903.45.22,8541.42.00,Spain,Base Rate,,,0.3,,,Section 201,10
9903.45.22,8541.42.00,Sri Lanka,Base Rate,,,0.0,,,Section 201,10
9903.45.22,8541.42.00,Suriname,Base Rate,,,0.0,,,Section 201,10
9903.45.22,8541.42.00,Swaziland,Base Rate,,,0.0,,,Section 201,10
9903.45.22,8541.42.00,Sweden,Base Rate,,,0.3,,,Section 201,10
9903.45.22,8541.42.00,Switzerland,Base Rate,,,0.3,,,Section 201,10
9903.45.22,8541.42.00,Taiwan,Base Rate,,,0.3,,,Section 201,10
9903.45.22,8541.42.00,Tanzania,Base Rate,,,0.0,,,Section 201,10
9903.45.22,8541.42.00,Timor-Leste,Base Rate,,,0.0,,,Section 201,10
9903.45.22,8541.42.00,Togo,Base Rate,,,0.0,,,Section 201,10
9903.45.22,8541.42.00,Tonga,Base Rate,,,0.0,,,Section 201,10
9903.45.22,8541.42.00,Trinidad and Tobago,Base Rate,,,0.3,,,Section 201,10
9903.45.22,8541.42.00,Tunisia,Base Rate,,,0.0,,,Section 201,10
9903.45.22,8541.42.00,Tuvalu,Base Rate,,,0.0,,,Section 201,10
9903.45.22,8541.42.00,Uganda,Base Rate,,,0.0,,,Section 201,10
9903.45.22,8541.42.00,Ukraine,Base Rate,,,0.0,,,Section 201,10
9903.45.22,8541.42.00,United Arab Emirates,Base Rate,,,0.3,,,Section 201,10
9903.45.22,8541.42.00,United Kingdom,Base Rate,,,0.3,,,Section 201,10
9903.45.22,8541.42.00,United States,Base Rate,,,0.3,,,Section 201,10
9903.45.22,8541.42.00,Uruguay,Base Rate,,,0.3,,,Section 201,10
9903.45.22,8541.42.00,Uzbekistan,Base Rate,,,0.0,,,Section 201,10
9903.45.22,8541.42.00,Vanuatu,Base Rate,,,0.0,,,Section 201,10
9903.45.22,8541.42.00,Vietnam,Base Rate,,,0.3,,,Section 201,10
9903.45.22,8541.42.00,Yemen,Base Rate,,,0.0,,,Section 201,10
9903.45.22,8541.42.00,Zambia,Base Rate,,,0.0,,,Section 201,10
9903.45.22,8541.42.00,Zimbabwe,Base Rate,,,0.0,,,Section 201,10
9903.45.22,8541.42.0010,Afghanistan,Base Rate,,,0.0,,,Section 201,10
9903.45.22,8541.42.0010,Albania,Base Rate,,,0.0,,,Section 201,10
9903.45.22,8541.42.0010,Algeria,Base Rate,,,0.0,,,Section 201,10
9903.45.22,8541.42.0010,Andorra,Base Rate,,,0.3,,,Section 201,10
9903.45.22,8541.42.0010,Angola,Base Rate,,,0.0,,,Section 201,10
9903.45.22,8541.42.0010,Antigua and Barbuda,Base Rate,,,0.3,,,Section 201,10
9903.45.22,8541.42.0010,Armenia,Base Rate,,,0.0,,,Section 201,10
9903.45.22,8541.42.0010,Australia,Base Rate,,,0.3,,,Section 201,10
9903.45.22,8541.42.0010,Austria,Base Rate,,,0.3,,,Section 201,10
9903.45.22,8541.42.0010,Azerbaijan,Base Rate,,,0.0,,,Section 201,10
9903.45.22,8541.42.0010,Bahamas,Base Rate,,,0.3,,,Section 201,10
9903.45.22,8541.42.0010,Bahrain,Base Rate,,,0.3,,,Section 201,10
9903.45.22,8541.42.0010,Barbados,Base Rate,,,0.3,,,Section 201,10
9903.45.22,8541.42.0010,Belgium,Base Rate,,,0.3,,,Section 201,10
9903.45.22,8541.42.0010,Belize,Base Rate,,,0.0,,,Section 201,10
9903.45.22,8541.42.0010,Benin,Base Rate,,,0.0,,,Section 201,10
9903.45.22,8541.42.0010,Bhutan,Base Rate,,,0.0,,,Section 201,10
9903.45.22,8541.42.0010,Bolivia,Base Rate,,,0.0,,,Section 201,10
9903.45.22,8541.42.0010,Bosnia and Herzegovina,Base Rate,,,0.0,,,Section 201,10
9903.45.22,8541.42.0010,Botswana,Base Rate,,,0.0,,,Section 201,10
9903.45.22,8541.42.0010,Brazil,Base Rate,,,0.0,,,Section 201,10
9903.45.22,8541.42.0010,Brunei,Base Rate,,,0.3,,,Section 201,10
9903.45.22,8541.42.0010,Bulgaria,Base Rate,,,0.3,,,Section 201,10
9903.45.22,8541.42.0010,Burkina Faso,Base Rate,,,0.0,,,Section 201,10
9903.45.22,8541.42.0010,Burma,Base Rate,,,0.0,,,Section 201,10
9903.45.22,8541.42.0010,Burundi,Base Rate,,,0.0,,,Section 201,10
9903.45.22,8541.42.0010,Cambodia,Base Rate,,,0.0,,,Section 201,10
9903.45.22,8541.42.0010,Cameroon,Base Rate,,,0.0,,,Section 201,10
9903.45.22,8541.42.0010,Canada,Base Rate,,,0.3,,,Section 201,10
9903.45.22,8541.42.0010,Cape Verde,Base Rate,,,0.0,,,Section 201,10
9903.45.22,8541.42.0010,Central African Republic,Base Rate,,,0.0,,,Section 201,10
9903.45.22,8541.42.0010,Chad,Base Rate,,,0.0,,,Section 201,10
9903.45.22,8541.42.0010,Chile,Base Rate,,,0.3,,,Section 201,10
9903.45.22,8541.42.0010,China,Base Rate,,,0.3,,,Section 201,10
9903.45.22,8541.42.0010,Comoros,Base Rate,,,0.0,,,Section 201,10
9903.45.22,8541.42.0010,Cote d'Ivoire,Base Rate,,,0.0,,,Section 201,10
9903.45.22,8541.42.0010,Croatia,Base Rate,,,0.3,,,Section 201,10
9903.45.22,8541.42.0010,Cyprus,Base Rate,,,0.3,,,Section 201,10
9903.45.22,8541.42.0010,Czech Republic,Base Rate,,,0.3,,,Section 201,10
9903.45.22,8541.42.0010,DR Congo,Base Rate,,,0.0,,,Section 201,10
9903.45.22,8541.42.0010,Denmark,Base Rate,,,0.3,,,Section 201,10
9903.45.22,8541.42.0010,Djibouti,Base Rate,,,0.0,,,Section 201,10
9903.45.22,8541.42.0010,Dominica,Base Rate,,,0.0,,,Section 201,10
9903.45.22,8541.42.0010,Ecuador,Base Rate,,,0.0,,,Section 201,10
9903.45.22,8541.42.0010,Egypt,Base Rate,,,0.0,,,Section 201,10
9903.45.22,8541.42.0010,Eritrea,Base Rate,,,0.0,,,Section 201,10
9903.45.22,8541.42.0010,Estonia,Base Rate,,,0.3,,,Section 201,10
9903.45.22,8541.42.0010,Ethiopia,Base Rate,,,0.0,,,Section 201,10
9903.45.22,8541.42.0010,Fiji,Base Rate,,,0.0,,,Section 201,10
9903.45.22,8541.42.0010,Finland,Base Rate,,,0.3,,,Section 201,10
9903.45.22,8541.42.0010,France,Base Rate,,,0.3,,,Section 201,10
9903.45.22,8541.42.0010,Gabon,Base Rate,,,0.0,,,Section 201,10
9903.45.22,8541.42.0010,Gambia,Base Rate,,,0.0,,,Section 201,10
9903.45.22,8541.42.0010,Georgia,Base Rate,,,0.0,,,Section 201,10
9903.45.22,8541.42.0010,Germany,Base Rate,,,0.3,,,Section 201,10
9903.45.22,8541.42.0010,Ghana,Base Rate,,,0.0,,,Section 201,10
9903.45.22,8541.42.0010,Greece,Base Rate,,,0.3,,,Section 201,10
9903.45.22,8541.42.0010,Grenada,Base Rate,,,0.0,,,Section 201,10
9903.45.22,8541.42.0010,Guinea,Base Rate,,,0.0,,,Section 201,10
9903.45.22,8541.42.0010,Guinea-Bissau,Base Rate,,,0.0,,,Section 201,10
9903.45.22,8541.42.0010,Guyana,Base Rate,,,0.0,,,Section 201,10
9903.45.22,8541.42.0010,Haiti,Base Rate,,,0.0,,,Section 201,10
9903.45.22,8541.42.0010,Hong Kong,Base Rate,,,0.3,,,Section 201,10
9903.45.22,8541.42.0010,Hungary,Base Rate,,,0.3,,,Section 201,10
9903.45.22,8541.42.0010,Iceland,Base Rate,,,0.3,,,Section 201,10
9903.45.22,8541.42.0010,India,Base Rate,,,0.0,,,Section 201,10
9903.45.22,8541.42.0010,Indonesia,Base Rate,,,0.0,,,Section 201,10
9903.45.22,8541.42.0010,Iraq,Base Rate,,,0.0,,,Section 201,10
9903.45.22,8541.42.0010,Ireland,Base Rate,,,0.3,,,Section 201,10
9903.45.22,8541.42.0010,Israel,Base Rate,,,0.3,,,Section 201,10
9903.45.22,8541.42.0010,Italy,Base Rate,,,0.3,,,Section 201,10
9903.45.22,8541.42.0010,Jamaica,Base Rate,,,0.0,,,Section 201,10
9903.45.22,8541.42.0010,Japan,Base Rate,,,0.3,,,Section 201,10
9903.45.22,8541.42.0010,Jordan,Base Rate,,,0.0,,,Section 201,10
9903.45.22,8541.42.0010,Kazakhstan,Base Rate,,,0.0,,,Section 201,10
9903.45.22,8541.42.0010,Kenya,Base Rate,,,0.0,,,Section 201,10
9903.45.22,8541.42.0010,Kiribati,Base Rate,,,0.0,,,Section 201,10
9903.45.22,8541.42.0010,Kosovo,Base Rate,,,0.0,,,Section 201,10
9903.45.22,8541.42.0010,Kuwait,Base Rate,,,0.3,,,Section 201,10
9903.45.22,8541.42.0010,Kyrgyzstan,Base Rate,,,0.0,,,Section 201,10
9903.45.22,8541.42.0010,Laos,Base Rate,,,0.0,,,Section 201,10
9903.45.22,8541.42.0010,Latvia,Base Rate,,,0.3,,,Section 201,10
9903.45.22,8541.42.0010,Lebanon,Base Rate,,,0.0,,,Section 201,10
9903.45.22,8541.42.0010,Lesotho,Base Rate,,,0.0,,,Section 201,10
9903.45.22,8541.42.0010,Liberia,Base Rate,,,0.0,,,Section 201,10
9903.45.22,8541.42.0010,Liechtenstein,Base Rate,,,0.3,,,Section 201,10
9903.45.22,8541.42.0010,Lithuania,Base Rate,,,0.3,,,Section 201,10
9903.45.22,8541.42.0010,Luxembourg,Base Rate,,,0.3,,,Section 201,10
9903.45.22,8541.42.0010,Macau,Base Rate,,,0.3,,,Section 201,10
9903.45.22,8541.42.0010,Macedonia,Base Rate,,,0.0,,,Section 201,10
9903.45.22,8541.42.0010,Madagascar,Base Rate,,,0.0,,,Section 201,10
9903.45.22,8541.42.0010,Malawi,Base Rate,,,0.0,,,Section 201,10
9903.45.22,8541.42.0010,Malaysia,Base Rate,,,0.3,,,Section 201,10
9903.45.22,8541.42.0010,Maldives,Base Rate,,,0.0,,,Section 201,10
9903.45.22,8541.42.0010,Mali,Base Rate,,,0.0,,,Section 201,10
9903.45.22,8541.42.0010,Malta,Base Rate,,,0.3,,,Section 201,10
9903.45.22,8541.42.0010,Marshall Islands,Base Rate,,,0.3,,,Section 201,10
9903.45.22,8541.42.0010,Mauritania,Base Rate,,,0.0,,,Section 201,10
9903.45.22,8541.42.0010,Mauritius,Base Rate,,,0.0,,,Section 201,10
9903.45.22,8541.42.0010,Mexico,Base Rate,,,0.3,,,Section 201,10
9903.45.22,8541.42.0010,Micronesia,Base Rate,,,0.3,,,Section 201,10
9903.45.22,8541.42.0010,Moldova,Base Rate,,,0.0,,,Section 201,10
9903.45.22,8541.42.0010,Monaco,Base Rate,,,0.3,,,Section 201,10
9903.45.22,8541.42.0010,Mongolia,Base Rate,,,0.0,,,Section 201,10
9903.45.22,8541.42.0010,Montenegro,Base Rate,,,0.0,,,Section 201,10
9903.45.22,8541.42.0010,Mozambique,Base Rate,,,0.0,,,Section 201,10
9903.45.22,8541.42.0010,Namibia,Base Rate,,,0.0,,,Section 201,10
9903.45.22,8541.42.0010,Nauru,Base Rate,,,0.3,,,Section 201,10
9903.45.22,8541.42.0010,Nepal,Base Rate,,,0.0,,,Section 201,10
9903.45.22,8541.42.0010,Netherlands,Base Rate,,,0.3,,,Section 201,10
9903.45.22,8541.42.0010,New Zealand,Base Rate,,,0.3,,,Section 201,10
9903.45.22,8541.42.0010,Niger,Base Rate,,,0.0,,,Section 201,10
9903.45.22,8541.42.0010,Nigeria,Base Rate,,,0.0,,,Section 201,10
9903.45.22,8541.42.0010,North Macedonia,Base Rate,,,0.0,,,Section 201,10
9903.45.22,8541.42.0010,Norway,Base Rate,,,0.3,,,Section 201,10
9903.45.22,8541.42.0010,Oman,Base Rate,,,0.3,,,Section 201,10
9903.45.22,8541.42.0010,Pakistan,Base Rate,,,0.0,,,Section 201,10
9903.45.22,8541.42.0010,Palau,Base Rate,,,0.3,,,Section 201,10
9903.45.22,8541.42.0010,Panama,Base Rate,,,0.3,,,Section 201,10
9903.45.22,8541.42.0010,Papua New Guinea,Base Rate,,,0.0,,,Section 201,10
9903.45.22,8541.42.0010,Paraguay,Base Rate,,,0.0,,,Section 201,10
9903.45.22,8541.42.0010,Philippines,Base Rate,,,0.0,,,Section 201,10
9903.45.22,8541.42.0010,Poland,Base Rate,,,0.3,,,Section 201,10
9903.45.22,8541.42.0010,Portugal,Base Rate,,,0.3,,,Section 201,10
9903.45.22,8541.42.0010,Qatar,Base Rate,,,0.3,,,Section 201,10
9903.45.22,8541.42.0010,Romania,Base Rate,,,0.3,,,Section 201,10
9903.45.22,8541.42.0010,Russia,Base Rate,,,0.3,,,Section 201,10
9903.45.22,8541.42.0010,Rwanda,Base Rate,,,0.0,,,Section 201,10
9903.45.22,8541.42.0010,Saint Kitts and Nevis,Base Rate,,,0.3,,,Section 201,10
9903.45.22,8541.42.0010,Saint Lucia,Base Rate,,,0.0,,,Section 201,10
9903.45.22,8541.42.0010,Saint Vincent and the Grenadines,Base Rate,,,0.0,,,Section 201,10
9903.45.22,8541.42.0010,Samoa,Base Rate,,,0.0,,,Section 201,10
9903.45.22,8541.42.0010,San Marino,Base Rate,,,0.3,,,Section 201,10
9903.45.22,8541.42.0010,Sao Tome and Principe,Base Rate,,,0.0,,,Section 201,10
9903.45.22,8541.42.0010,Saudi Arabia,Base Rate,,,0.3,,,Section 201,10
9903.45.22,8541.42.0010,Senegal,Base Rate,,,0.0,,,Section 201,10
9903.45.22,8541.42.0010,Serbia,Base Rate,,,0.0,,,Section 201,10
9903.45.22,8541.42.0010,Seychelles,Base Rate,,,0.3,,,Section 201,10
9903.45.22,8541.42.0010,Sierra Leone,Base Rate,,,0.0,,,Section 201,10
9903.45.22,8541.42.0010,Singapore,Base Rate,,,0.3,,,Section 201,10
9903.45.22,8541.42.0010,Slovakia,Base Rate,,,0.3,,,Section 201,10
9903.45.22,8541.42.0010,Slovenia,Base Rate,,,0.3,,,Section 201,10
9903.45.22,8541.42.0010,Solomon Islands,Base Rate,,,0.0,,,Section 201,10
9903.45.22,8541.42.0010,Somalia,Base Rate,,,0.0,,,Section 201,10
9903.45.22,8541.42.0010,South Africa,Base Rate,,,0.0,,,Section 201,10
9903.45.22,8541.42.0010,South Korea,Base Rate,,,0.3,,,Section 201,10
9903.45.22,8541.42.0010,South Sudan,Base Rate,,,0.0,,,Section 201,10
9903.45.22,8541.42.0010,Spain,Base Rate,,,0.3,,,Section 201,10
9903.45.22,8541.42.0010,Sri Lanka,Base Rate,,,0.0,,,Section 201,10
9903.45.22,8541.42.0010,Suriname,Base Rate,,,0.0,,,Section 201,10
9903.45.22,8541.42.0010,Swaziland,Base Rate,,,0.0,,,Section 201,10
9903.45.22,8541.42.0010,Sweden,Base Rate,,,0.3,,,Section 201,10
9903.45.22,8541.42.0010,Switzerland,Base Rate,,,0.3,,,Section 201,10
9903.45.22,8541.42.0010,Taiwan,Base Rate,,,0.3,,,Section 201,10
9903.45.22,8541.42.0010,Tanzania,Base Rate,,,0.0,,,Section 201,10
9903.45.22,8541.42.0010,Timor-Leste,Base Rate,,,0.0,,,Section 201,10
9903.45.22,8541.42.0010,Togo,Base Rate,,,0.0,,,Section 201,10
9903.45.22,8541.42.0010,Tonga,Base Rate,,,0.0,,,Section 201,10
9903.45.22,8541.42.0010,Trinidad and Tobago,Base Rate,,,0.3,,,Section 201,10
9903.45.22,8541.42.0010,Tunisia,Base Rate,,,0.0,,,Section 201,10
9903.45.22,8541.42.0010,Tuvalu,Base Rate,,,0.0,,,Section 201,10
9903.45.22,8541.42.0010,Uganda,Base Rate,,,0.0,,,Section 201,10
9903.45.22,8541.42.0010,Ukraine,Base Rate,,,0.0,,,Section 201,10
9903.45.22,8541.42.0010,United Arab Emirates,Base Rate,,,0.3,,,Section 201,10
9903.45.22,8541.42.0010,United Kingdom,Base Rate,,,0.3,,,Section 201,10
9903.45.22,8541.42.0010,United States,Base Rate,,,0.3,,,Section 201,10
9903.45.22,8541.42.0010,Uruguay,Base Rate,,,0.3,,,Section 201,10
9903.45.22,8541.42.0010,Uzbekistan,Base Rate,,,0.0,,,Section 201,10
9903.45.22,8541.42.0010,Vanuatu,Base Rate,,,0.0,,,Section 201,10
9903.45.22,8541.42.0010,Vietnam,Base Rate,,,0.3,,,Section 201,10
9903.45.22,8541.42.0010,Yemen,Base Rate,,,0.0,,,Section 201,10
9903.45.22,8541.42.0010,Zambia,Base Rate,,,0.0,,,Section 201,10
9903.45.22,8541.42.0010,Zimbabwe,Base Rate,,,0.0,,,Section 201,10
9903.45.25,8541.43.0010,Afghanistan,Base Rate,,,0.0,,,Section 201,10
9903.45.25,8541.43.0010,Albania,Base Rate,,,0.0,,,Section 201,10
9903.45.25,8541.43.0010,Algeria,Base Rate,,,0.0,,,Section 201,10
9903.45.25,8541.43.0010,Andorra,Base Rate,,,0.3,,,Section 201,10
9903.45.25,8541.43.0010,Angola,Base Rate,,,0.0,,,Section 201,10
9903.45.25,8541.43.0010,Antigua and Barbuda,Base Rate,,,0.3,,,Section 201,10
9903.45.25,8541.43.0010,Armenia,Base Rate,,,0.0,,,Section 201,10
9903.45.25,8541.43.0010,Australia,Base Rate,,,0.3,,,Section 201,10
9903.45.25,8541.43.0010,Austria,Base Rate,,,0.3,,,Section 201,10
9903.45.25,8541.43.0010,Azerbaijan,Base Rate,,,0.0,,,Section 201,10
9903.45.25,8541.43.0010,Bahamas,Base Rate,,,0.3,,,Section 201,10
9903.45.25,8541.43.0010,Bahrain,Base Rate,,,0.3,,,Section 201,10
9903.45.25,8541.43.0010,Barbados,Base Rate,,,0.3,,,Section 201,10
9903.45.25,8541.43.0010,Belgium,Base Rate,,,0.3,,,Section 201,10
9903.45.25,8541.43.0010,Belize,Base Rate,,,0.0,,,Section 201,10
9903.45.25,8541.43.0010,Benin,Base Rate,,,0.0,,,Section 201,10
9903.45.25,8541.43.0010,Bhutan,Base Rate,,,0.0,,,Section 201,10
9903.45.25,8541.43.0010,Bolivia,Base Rate,,,0.0,,,Section 201,10
9903.45.25,8541.43.0010,Bosnia and Herzegovina,Base Rate,,,0.0,,,Section 201,10
9903.45.25,8541.43.0010,Botswana,Base Rate,,,0.0,,,Section 201,10
9903.45.25,8541.43.0010,Brazil,Base Rate,,,0.0,,,Section 201,10
9903.45.25,8541.43.0010,Brunei,Base Rate,,,0.3,,,Section 201,10
9903.45.25,8541.43.0010,Bulgaria,Base Rate,,,0.3,,,Section 201,10
9903.45.25,8541.43.0010,Burkina Faso,Base Rate,,,0.0,,,Section 201,10
9903.45.25,8541.43.0010,Burma,Base Rate,,,0.0,,,Section 201,10
9903.45.25,8541.43.0010,Burundi,Base Rate,,,0.0,,,Section 201,10
9903.45.25,8541.43.0010,Cambodia,Base Rate,,,0.0,,,Section 201,10
9903.45.25,8541.43.0010,Cameroon,Base Rate,,,0.0,,,Section 201,10
9903.45.25,8541.43.0010,Canada,Base Rate,,,0.3,,,Section 201,10
9903.45.25,8541.43.0010,Cape Verde,Base Rate,,,0.0,,,Section 201,10
9903.45.25,8541.43.0010,Central African Republic,Base Rate,,,0.0,,,Section 201,10
9903.45.25,8541.43.0010,Chad,Base Rate,,,0.0,,,Section 201,10
9903.45.25,8541.43.0010,Chile,Base Rate,,,0.3,,,Section 201,10
9903.45.25,8541.43.0010,China,Base Rate,,,0.3,,,Section 201,10
9903.45.25,8541.43.0010,Comoros,Base Rate,,,0.0,,,Section 201,10
9903.45.25,8541.43.0010,Cote d'Ivoire,Base Rate,,,0.0,,,Section 201,10
9903.45.25,8541.43.0010,Croatia,Base Rate,,,0.3,,,Section 201,10
9903.45.25,8541.43.0010,Cyprus,Base Rate,,,0.3,,,Section 201,10
9903.45.25,8541.43.0010,Czech Republic,Base Rate,,,0.3,,,Section 201,10
9903.45.25,8541.43.0010,DR Congo,Base Rate,,,0.0,,,Section 201,10
9903.45.25,8541.43.0010,Denmark,Base Rate,,,0.3,,,Section 201,10
9903.45.25,8541.43.0010,Djibouti,Base Rate,,,0.0,,,Section 201,10
9903.45.25,8541.43.0010,Dominica,Base Rate,,,0.0,,,Section 201,10
9903.45.25,8541.43.0010,Ecuador,Base Rate,,,0.0,,,Section 201,10
9903.45.25,8541.43.0010,Egypt,Base Rate,,,0.0,,,Section 201,10
9903.45.25,8541.43.0010,Eritrea,Base Rate,,,0.0,,,Section 201,10
9903.45.25,8541.43.0010,Estonia,Base Rate,,,0.3,,,Section 201,10
9903.45.25,8541.43.0010,Ethiopia,Base Rate,,,0.0,,,Section 201,10
9903.45.25,8541.43.0010,Fiji,Base Rate,,,0.0,,,Section 201,10
9903.45.25,8541.43.0010,Finland,Base Rate,,,0.3,,,Section 201,10
9903.45.25,8541.43.0010,France,Base Rate,,,0.3,,,Section 201,10
9903.45.25,8541.43.0010,Gabon,Base Rate,,,0.0,,,Section 201,10
9903.45.25,8541.43.0010,Gambia,Base Rate,,,0.0,,,Section 201,10
9903.45.25,8541.43.0010,Georgia,Base Rate,,,0.0,,,Section 201,10
9903.45.25,8541.43.0010,Germany,Base Rate,,,0.3,,,Section 201,10
9903.45.25,8541.43.0010,Ghana,Base Rate,,,0.0,,,Section 201,10
9903.45.25,8541.43.0010,Greece,Base Rate,,,0.3,,,Section 201,10
9903.45.25,8541.43.0010,Grenada,Base Rate,,,0.0,,,Section 201,10
9903.45.25,8541.43.0010,Guinea,Base Rate,,,0.0,,,Section 201,10
9903.45.25,8541.43.0010,Guinea-Bissau,Base Rate,,,0.0,,,Section 201,10
9903.45.25,8541.43.0010,Guyana,Base Rate,,,0.0,,,Section 201,10
9903.45.25,8541.43.0010,Haiti,Base Rate,,,0.0,,,Section 201,10
9903.45.25,8541.43.0010,Hong Kong,Base Rate,,,0.3,,,Section 201,10
9903.45.25,8541.43.0010,Hungary,Base Rate,,,0.3,,,Section 201,10
9903.45.25,8541.43.0010,Iceland,Base Rate,,,0.3,,,Section 201,10
9903.45.25,8541.43.0010,India,Base Rate,,,0.0,,,Section 201,10
9903.45.25,8541.43.0010,Indonesia,Base Rate,,,0.0,,,Section 201,10
9903.45.25,8541.43.0010,Iraq,Base Rate,,,0.0,,,Section 201,10
9903.45.25,8541.43.0010,Ireland,Base Rate,,,0.3,,,Section 201,10
9903.45.25,8541.43.0010,Israel,Base Rate,,,0.3,,,Section 201,10
9903.45.25,8541.43.0010,Italy,Base Rate,,,0.3,,,Section 201,10
9903.45.25,8541.43.0010,Jamaica,Base Rate,,,0.0,,,Section 201,10
9903.45.25,8541.43.0010,Japan,Base Rate,,,0.3,,,Section 201,10
9903.45.25,8541.43.0010,Jordan,Base Rate,,,0.0,,,Section 201,10
9903.45.25,8541.43.0010,Kazakhstan,Base Rate,,,0.0,,,Section 201,10
9903.45.25,8541.43.0010,Kenya,Base Rate,,,0.0,,,Section 201,10
9903.45.25,8541.43.0010,Kiribati,Base Rate,,,0.0,,,Section 201,10
9903.45.25,8541.43.0010,Kosovo,Base Rate,,,0.0,,,Section 201,10
9903.45.25,8541.43.0010,Kuwait,Base Rate,,,0.3,,,Section 201,10
9903.45.25,8541.43.0010,Kyrgyzstan,Base Rate,,,0.0,,,Section 201,10
9903.45.25,8541.43.0010,Laos,Base Rate,,,0.0,,,Section 201,10
9903.45.25,8541.43.0010,Latvia,Base Rate,,,0.3,,,Section 201,10
9903.45.25,8541.43.0010,Lebanon,Base Rate,,,0.0,,,Section 201,10
9903.45.25,8541.43.0010,Lesotho,Base Rate,,,0.0,,,Section 201,10
9903.45.25,8541.43.0010,Liberia,Base Rate,,,0.0,,,Section 201,10
9903.45.25,8541.43.0010,Liechtenstein,Base Rate,,,0.3,,,Section 201,10
9903.45.25,8541.43.0010,Lithuania,Base Rate,,,0.3,,,Section 201,10
9903.45.25,8541.43.0010,Luxembourg,Base Rate,,,0.3,,,Section 201,10
9903.45.25,8541.43.0010,Macau,Base Rate,,,0.3,,,Section 201,10
9903.45.25,8541.43.0010,Macedonia,Base Rate,,,0.0,,,Section 201,10
9903.45.25,8541.43.0010,Madagascar,Base Rate,,,0.0,,,Section 201,10
9903.45.25,8541.43.0010,Malawi,Base Rate,,,0.0,,,Section 201,10
9903.45.25,8541.43.0010,Malaysia,Base Rate,,,0.3,,,Section 201,10
9903.45.25,8541.43.0010,Maldives,Base Rate,,,0.0,,,Section 201,10
9903.45.25,8541.43.0010,Mali,Base Rate,,,0.0,,,Section 201,10
9903.45.25,8541.43.0010,Malta,Base Rate,,,0.3,,,Section 201,10
9903.45.25,8541.43.0010,Marshall Islands,Base Rate,,,0.3,,,Section 201,10
9903.45.25,8541.43.0010,Mauritania,Base Rate,,,0.0,,,Section 201,10
9903.45.25,8541.43.0010,Mauritius,Base Rate,,,0.0,,,Section 201,10
9903.45.25,8541.43.0010,Mexico,Base Rate,,,0.3,,,Section 201,10
9903.45.25,8541.43.0010,Micronesia,Base Rate,,,0.3,,,Section 201,10
9903.45.25,8541.43.0010,Moldova,Base Rate,,,0.0,,,Section 201,10
9903.45.25,8541.43.0010,Monaco,Base Rate,,,0.3,,,Section 201,10
9903.45.25,8541.43.0010,Mongolia,Base Rate,,,0.0,,,Section 201,10
9903.45.25,8541.43.0010,Montenegro,Base Rate,,,0.0,,,Section 201,10
9903.45.25,8541.43.0010,Mozambique,Base Rate,,,0.0,,,Section 201,10
9903.45.25,8541.43.0010,Namibia,Base Rate,,,0.0,,,Section 201,10
9903.45.25,8541.43.0010,Nauru,Base Rate,,,0.3,,,Section 201,10
9903.45.25,8541.43.0010,Nepal,Base Rate,,,0.0,,,Section 201,10
9903.45.25,8541.43.0010,Netherlands,Base Rate,,,0.3,,,Section 201,10
9903.45.25,8541.43.0010,New Zealand,Base Rate,,,0.3,,,Section 201,10
9903.45.25,8541.43.0010,Niger,Base Rate,,,0.0,,,Section 201,10
9903.45.25,8541.43.0010,Nigeria,Base Rate,,,0.0,,,Section 201,10
9903.45.25,8541.43.0010,North Macedonia,Base Rate,,,0.0,,,Section 201,10
9903.45.25,8541.43.0010,Norway,Base Rate,,,0.3,,,Section 201,10
9903.45.25,8541.43.0010,Oman,Base Rate,,,0.3,,,Section 201,10
9903.45.25,8541.43.0010,Pakistan,Base Rate,,,0.0,,,Section 201,10
9903.45.25,8541.43.0010,Palau,Base Rate,,,0.3,,,Section 201,10
9903.45.25,8541.43.0010,Panama,Base Rate,,,0.3,,,Section 201,10
9903.45.25,8541.43.0010,Papua New Guinea,Base Rate,,,0.0,,,Section 201,10
9903.45.25,8541.43.0010,Paraguay,Base Rate,,,0.0,,,Section 201,10
9903.45.25,8541.43.0010,Philippines,Base Rate,,,0.0,,,Section 201,10
9903.45.25,8541.43.0010,Poland,Base Rate,,,0.3,,,Section 201,10
9903.45.25,8541.43.0010,Portugal,Base Rate,,,0.3,,,Section 201,10
9903.45.25,8541.43.0010,Qatar,Base Rate,,,0.3,,,Section 201,10
9903.45.25,8541.43.0010,Romania,Base Rate,,,0.3,,,Section 201,10
9903.45.25,8541.43.0010,Russia,Base Rate,,,0.3,,,Section 201,10
9903.45.25,8541.43.0010,Rwanda,Base Rate,,,0.0,,,Section 201,10
9903.45.25,8541.43.0010,Saint Kitts and Nevis,Base Rate,,,0.3,,,Section 201,10
9903.45.25,8541.43.0010,Saint Lucia,Base Rate,,,0.0,,,Section 201,10
9903.45.25,8541.43.0010,Saint Vincent and the Grenadines,Base Rate,,,0.0,,,Section 201,10
9903.45.25,8541.43.0010,Samoa,Base Rate,,,0.0,,,Section 201,10
9903.45.25,8541.43.0010,San Marino,Base Rate,,,0.3,,,Section 201,10
9903.45.25,8541.43.0010,Sao Tome and Principe,Base Rate,,,0.0,,,Section 201,10
9903.45.25,8541.43.0010,Saudi Arabia,Base Rate,,,0.3,,,Section 201,10
9903.45.25,8541.43.0010,Senegal,Base Rate,,,0.0,,,Section 201,10
9903.45.25,8541.43.0010,Serbia,Base Rate,,,0.0,,,Section 201,10
9903.45.25,8541.43.0010,Seychelles,Base Rate,,,0.3,,,Section 201,10
9903.45.25,8541.43.0010,Sierra Leone,Base Rate,,,0.0,,,Section 201,10
9903.45.25,8541.43.0010,Singapore,Base Rate,,,0.3,,,Section 201,10
9903.45.25,8541.43.0010,Slovakia,Base Rate,,,0.3,,,Section 201,10
9903.45.25,8541.43.0010,Slovenia,Base Rate,,,0.3,,,Section 201,10
9903.45.25,8541.43.0010,Solomon Islands,Base Rate,,,0.0,,,Section 201,10
9903.45.25,8541.43.0010,Somalia,Base Rate,,,0.0,,,Section 201,10
9903.45.25,8541.43.0010,South Africa,Base Rate,,,0.0,,,Section 201,10
9903.45.25,8541.43.0010,South Korea,Base Rate,,,0.3,,,Section 201,10
9903.45.25,8541.43.0010,South Sudan,Base Rate,,,0.0,,,Section 201,10
9903.45.25,8541.43.0010,Spain,Base Rate,,,0.3,,,Section 201,10
9903.45.25,8541.43.0010,Sri Lanka,Base Rate,,,0.0,,,Section 201,10
9903.45.25,8541.43.0010,Suriname,Base Rate,,,0.0,,,Section 201,10
9903.45.25,8541.43.0010,Swaziland,Base Rate,,,0.0,,,Section 201,10
9903.45.25,8541.43.0010,Sweden,Base Rate,,,0.3,,,Section 201,10
9903.45.25,8541.43.0010,Switzerland,Base Rate,,,0.3,,,Section 201,10
9903.45.25,8541.43.0010,Taiwan,Base Rate,,,0.3,,,Section 201,10
9903.45.25,8541.43.0010,Tanzania,Base Rate,,,0.0,,,Section 201,10
9903.45.25,8541.43.0010,Timor-Leste,Base Rate,,,0.0,,,Section 201,10
9903.45.25,8541.43.0010,Togo,Base Rate,,,0.0,,,Section 201,10
9903.45.25,8541.43.0010,Tonga,Base Rate,,,0.0,,,Section 201,10
9903.45.25,8541.43.0010,Trinidad and Tobago,Base Rate,,,0.3,,,Section 201,10
9903.45.25,8541.43.0010,Tunisia,Base Rate,,,0.0,,,Section 201,10
9903.45.25,8541.43.0010,Tuvalu,Base Rate,,,0.0,,,Section 201,10
9903.45.25,8541.43.0010,Uganda,Base Rate,,,0.0,,,Section 201,10
9903.45.25,8541.43.0010,Ukraine,Base Rate,,,0.0,,,Section 201,10
9903.45.25,8541.43.0010,United Arab Emirates,Base Rate,,,0.3,,,Section 201,10
9903.45.25,8541.43.0010,United Kingdom,Base Rate,,,0.3,,,Section 201,10
9903.45.25,8541.43.0010,United States,Base Rate,,,0.3,,,Section 201,10
9903.45.25,8541.43.0010,Uruguay,Base Rate,,,0.3,,,Section 201,10
9903.45.25,8541.43.0010,Uzbekistan,Base Rate,,,0.0,,,Section 201,10
9903.45.25,8541.43.0010,Vanuatu,Base Rate,,,0.0,,,Section 201,10
9903.45.25,8541.43.0010,Vietnam,Base Rate,,,0.3,,,Section 201,10
9903.45.25,8541.43.0010,Yemen,Base Rate,,,0.0,,,Section 201,10
9903.45.25,8541.43.0010,Zambia,Base Rate,,,0.0,,,Section 201,10
9903.45.25,8541.43.0010,Zimbabwe,Base Rate,,,0.0,,,Section 201,10
9903.74.02,8702.10.31.00,Global,Base Rate,,,0.1,,,Bus Surcharge,20
9903.74.02,8702.10.61.00,Global,Base Rate,,,0.1,,,Bus Surcharge,20
9903.74.02,8702.20.31.00,Global,Base Rate,,,0.1,,,Bus Surcharge,20
9903.74.02,8702.20.61.00,Global,Base Rate,,,0.1,,,Bus Surcharge,20
9903.74.02,8702.30.31.00,Global,Base Rate,,,0.1,,,Bus Surcharge,20
9903.74.02,8702.30.61.00,Global,Base Rate,,,0.1,,,Bus Surcharge,20
9903.74.02,8702.40.31.00,Global,Base Rate,,,0.1,,,Bus Surcharge,20
9903.74.02,8702.40.61.00,Global,Base Rate,,,0.1,,,Bus Surcharge,20
9903.74.02,8702.90.31.00,Global,Base Rate,,,0.1,,,Bus Surcharge,20
9903.74.02,8702.90.61.00,Global,Base Rate,,,0.1,,,Bus Surcharge,20
9903.89.55,2007.99.05,Austria,,,,0.25,,,LCA Trade Dispute,10
9903.89.55,2007.99.05,Belgium,,,,0.25,,,LCA Trade Dispute,10
9903.89.55,2007.99.05,Bulgaria,,,,0.25,,,LCA Trade Dispute,10
9903.89.55,2007.99.05,Croatia,,,,0.25,,,LCA Trade Dispute,10
9903.89.55,2007.99.05,Cyprus,,,,0.25,,,LCA Trade Dispute,10
9903.89.55,2007.99.05,Czech Republic,,,,0.25,,,LCA Trade Dispute,10
9903.89.55,2007.99.05,Denmark,,,,0.25,,,LCA Trade Dispute,10
9903.89.55,2007.99.05,Estonia,,,,0.25,,,LCA Trade Dispute,10
9903.89.55,2007.99.05,Finland,,,,0.25,,,LCA Trade Dispute,10
9903.89.55,2007.99.05,France,,,,0.25,,,LCA Trade Dispute,10
9903.89.55,2007.99.05,Germany,,,,0.25,,,LCA Trade Dispute,10
9903.89.55,2007.99.05,Greece,,,,0.25,,,LCA Trade Dispute,10
9903.89.55,2007.99.05,Hungary,,,,0.25,,,LCA Trade Dispute,10
9903.89.55,2007.99.05,Ireland,,,,0.25,,,LCA Trade Dispute,10
9903.89.55,2007.99.05,Italy,,,,0.25,,,LCA Trade Dispute,10
9903.89.55,2007.99.05,Latvia,,,,0.25,,,LCA Trade Dispute,10
9903.89.55,2007.99.05,Lithuania,,,,0.25,,,LCA Trade Dispute,10
9903.89.55,2007.99.05,Luxembourg,,,,0.25,,,LCA Trade Dispute,10
9903.89.55,2007.99.05,Malta,,,,0.25,,,LCA Trade Dispute,10
9903.89.55,2007.99.05,Netherlands,,,,0.25,,,LCA Trade Dispute,10
9903.89.55,2007.99.05,Poland,,,,0.25,,,LCA Trade Dispute,10
9903.89.55,2007.99.05,Portugal,,,,0.25,,,LCA Trade Dispute,10
9903.89.55,2007.99.05,Romania,,,,0.25,,,LCA Trade Dispute,10
9903.89.55,2007.99.05,Slovakia,,,,0.25,,,LCA Trade Dispute,10
9903.89.55,2007.99.05,Slovenia,,,,0.25,,,LCA Trade Dispute,10
9903.89.55,2007.99.05,Spain,,,,0.25,,,LCA Trade Dispute,10
9903.89.55,2007.99.05,Sweden,,,,0.25,,,LCA Trade Dispute,10
9903.89.55,2007.99.10,Austria,,,,0.25,,,LCA Trade Dispute,10
9903.89.55,2007.99.10,Belgium,,,,0.25,,,LCA Trade Dispute,10
9903.89.55,2007.99.10,Bulgaria,,,,0.25,,,LCA Trade Dispute,10
9903.89.55,2007.99.10,Croatia,,,,0.25,,,LCA Trade Dispute,10
9903.89.55,2007.99.10,Cyprus,,,,0.25,,,LCA Trade Dispute,10
9903.89.55,2007.99.10,Czech Republic,,,,0.25,,,LCA Trade Dispute,10
9903.89.55,2007.99.10,Denmark,,,,0.25,,,LCA Trade Dispute,10
9903.89.55,2007.99.10,Estonia,,,,0.25,,,LCA Trade Dispute,10
9903.89.55,2007.99.10,Finland,,,,0.25,,,LCA Trade Dispute,10
9903.89.55,2007.99.10,France,,,,0.25,,,LCA Trade Dispute,10
9903.89.55,2007.99.10,Germany,,,,0.25,,,LCA Trade Dispute,10
9903.89.55,2007.99.10,Greece,,,,0.25,,,LCA Trade Dispute,10
9903.89.55,2007.99.10,Hungary,,,,0.25,,,LCA Trade Dispute,10
9903.89.55,2007.99.10,Ireland,,,,0.25,,,LCA Trade Dispute,10
9903.89.55,2007.99.10,Italy,,,,0.25,,,LCA Trade Dispute,10
9903.89.55,2007.99.10,Latvia,,,,0.25,,,LCA Trade Dispute,10
9903.89.55,2007.99.10,Lithuania,,,,0.25,,,LCA Trade Dispute,10
9903.89.55,2007.99.10,Luxembourg,,,,0.25,,,LCA Trade Dispute,10
9903.89.55,2007.99.10,Malta,,,,0.25,,,LCA Trade Dispute,10
9903.89.55,2007.99.10,Netherlands,,,,0.25,,,LCA Trade Dispute,10
9903.89.55,2007.99.10,Poland,,,,0.25,,,LCA Trade Dispute,10
9903.89.55,2007.99.10,Portugal,,,,0.25,,,LCA Trade Dispute,10
9903.89.55,2007.99.10,Romania,,,,0.25,,,LCA Trade Dispute,10
9903.89.55,2007.99.10,Slovakia,,,,0.25,,,LCA Trade Dispute,10
9903.89.55,2007.99.10,Slovenia,,,,0.25,,,LCA Trade Dispute,10
9903.89.55,2007.99.10,Spain,,,,0.25,,,LCA Trade Dispute,10
9903.89.55,2007.99.10,Sweden,,,,0.25,,,LCA Trade Dispute,10
9903.89.55,2007.99.15,Austria,,,,0.25,,,LCA Trade Dispute,10
9903.89.55,2007.99.15,Belgium,,,,0.25,,,LCA Trade Dispute,10
9903.89.55,2007.99.15,Bulgaria,,,,0.25,,,LCA Trade Dispute,10
9903.89.55,2007.99.15,Croatia,,,,0.25,,,LCA Trade Dispute,10
9903.89.55,2007.99.15,Cyprus,,,,0.25,,,LCA Trade Dispute,10
9903.89.55,2007.99.15,Czech Republic,,,,0.25,,,LCA Trade Dispute,10
9903.89.55,2007.99.15,Denmark,,,,0.25,,,LCA Trade Dispute,10
9903.89.55,2007.99.15,Estonia,,,,0.25,,,LCA Trade Dispute,10
9903.89.55,2007.99.15,Finland,,,,0.25,,,LCA Trade Dispute,10
9903.89.55,2007.99.15,France,,,,0.25,,,LCA Trade Dispute,10
9903.89.55,2007.99.15,Germany,,,,0.25,,,LCA Trade Dispute,10
9903.89.55,2007.99.15,Greece,,,,0.25,,,LCA Trade Dispute,10
9903.89.55,2007.99.15,Hungary,,,,0.25,,,LCA Trade Dispute,10
9903.89.55,2007.99.15,Ireland,,,,0.25,,,LCA Trade Dispute,10
9903.89.55,2007.99.15,Italy,,,,0.25,,,LCA Trade Dispute,10
9903.89.55,2007.99.15,Latvia,,,,0.25,,,LCA Trade Dispute,10
9903.89.55,2007.99.15,Lithuania,,,,0.25,,,LCA Trade Dispute,10
9903.89.55,2007.99.15,Luxembourg,,,,0.25,,,LCA Trade Dispute,10
9903.89.55,2007.99.15,Malta,,,,0.25,,,LCA Trade Dispute,10
9903.89.55,2007.99.15,Netherlands,,,,0.25,,,LCA Trade Dispute,10
9903.89.55,2007.99.15,Poland,,,,0.25,,,LCA Trade Dispute,10
9903.89.55,2007.99.15,Portugal,,,,0.25,,,LCA Trade Dispute,10
9903.89.55,2007.99.15,Romania,,,,0.25,,,LCA Trade Dispute,10
9903.89.55,2007.99.15,Slovakia,,,,0.25,,,LCA Trade Dispute,10
9903.89.55,2007.99.15,Slovenia,,,,0.25,,,LCA Trade Dispute,10
9903.89.55,2007.99.15,Spain,,,,0.25,,,LCA Trade Dispute,10
9903.89.55,2007.99.15,Sweden,,,,0.25,,,LCA Trade Dispute,10
9903.89.55,2007.99.20,Austria,,,,0.25,,,LCA Trade Dispute,10
9903.89.55,2007.99.20,Belgium,,,,0.25,,,LCA Trade Dispute,10
9903.89.55,2007.99.20,Bulgaria,,,,0.25,,,LCA Trade Dispute,10
9903.89.55,2007.99.20,Croatia,,,,0.25,,,LCA Trade Dispute,10
9903.89.55,2007.99.20,Cyprus,,,,0.25,,,LCA Trade Dispute,10
9903.89.55,2007.99.20,Czech Republic,,,,0.25,,,LCA Trade Dispute,10
9903.89.55,2007.99.20,Denmark,,,,0.25,,,LCA Trade Dispute,10
9903.89.55,2007.99.20,Estonia,,,,0.25,,,LCA Trade Dispute,10
9903.89.55,2007.99.20,Finland,,,,0.25,,,LCA Trade Dispute,10
9903.89.55,2007.99.20,France,,,,0.25,,,LCA Trade Dispute,10
9903.89.55,2007.99.20,Germany,,,,0.25,,,LCA Trade Dispute,10
9903.89.55,2007.99.20,Greece,,,,0.25,,,LCA Trade Dispute,10
9903.89.55,2007.99.20,Hungary,,,,0.25,,,LCA Trade Dispute,10
9903.89.55,2007.99.20,Ireland,,,,0.25,,,LCA Trade Dispute,10
9903.89.55,2007.99.20,Italy,,,,0.25,,,LCA Trade Dispute,10
9903.89.55,2007.99.20,Latvia,,,,0.25,,,LCA Trade Dispute,10
9903.89.55,2007.99.20,Lithuania,,,,0.25,,,LCA Trade Dispute,10
9903.89.55,2007.99.20,Luxembourg,,,,0.25,,,LCA Trade Dispute,10
9903.89.55,2007.99.20,Malta,,,,0.25,,,LCA Trade Dispute,10
9903.89.55,2007.99.20,Netherlands,,,,0.25,,,LCA Trade Dispute,10
9903.89.55,2007.99.20,Poland,,,,0.25,,,LCA Trade Dispute,10
9903.89.55,2007.99.20,Portugal,,,,0.25,,,LCA Trade Dispute,10
9903.89.55,2007.99.20,Romania,,,,0.25,,,LCA Trade Dispute,10
9903.89.55,2007.99.20,Slovakia,,,,0.25,,,LCA Trade Dispute,10
9903.89.55,2007.99.20,Slovenia,,,,0.25,,,LCA Trade Dispute,10
9903.89.55,2007.99.20,Spain,,,,0.25,,,LCA Trade Dispute,10
9903.89.55,2007.99.20,Sweden,,,,0.25,,,LCA Trade Dispute,10
9903.89.55,2007.99.25,Austria,,,,0.25,,,LCA Trade Dispute,10
9903.89.55,2007.99.25,Belgium,,,,0.25,,,LCA Trade Dispute,10
9903.89.55,2007.99.25,Bulgaria,,,,0.25,,,LCA Trade Dispute,10
9903.89.55,2007.99.25,Croatia,,,,0.25,,,LCA Trade Dispute,10
9903.89.55,2007.99.25,Cyprus,,,,0.25,,,LCA Trade Dispute,10
9903.89.55,2007.99.25,Czech Republic,,,,0.25,,,LCA Trade Dispute,10
9903.89.55,2007.99.25,Denmark,,,,0.25,,,LCA Trade Dispute,10
9903.89.55,2007.99.25,Estonia,,,,0.25,,,LCA Trade Dispute,10
9903.89.55,2007.99.25,Finland,,,,0.25,,,LCA Trade Dispute,10
9903.89.55,2007.99.25,France,,,,0.25,,,LCA Trade Dispute,10
9903.89.55,2007.99.25,Germany,,,,0.25,,,LCA Trade Dispute,10
9903.89.55,2007.99.25,Greece,,,,0.25,,,LCA Trade Dispute,10
9903.89.55,2007.99.25,Hungary,,,,0.25,,,LCA Trade Dispute,10
9903.89.55,2007.99.25,Ireland,,,,0.25,,,LCA Trade Dispute,10
9903.89.55,2007.99.25,Italy,,,,0.25,,,LCA Trade Dispute,10
9903.89.55,2007.99.25,Latvia,,,,0.25,,,LCA Trade Dispute,10
9903.89.55,2007.99.25,Lithuania,,,,0.25,,,LCA Trade Dispute,10
9903.89.55,2007.99.25,Luxembourg,,,,0.25,,,LCA Trade Dispute,10
9903.89.55,2007.99.25,Malta,,,,0.25,,,LCA Trade Dispute,10
9903.89.55,2007.99.25,Netherlands,,,,0.25,,,LCA Trade Dispute,10
9903.89.55,2007.99.25,Poland,,,,0.25,,,LCA Trade Dispute,10
9903.89.55,2007.99.25,Portugal,,,,0.25,,,LCA Trade Dispute,10
9903.89.55,2007.99.25,Romania,,,,0.25,,,LCA Trade Dispute,10
9903.89.55,2007.99.25,Slovakia,,,,0.25,,,LCA Trade Dispute,10
9903.89.55,2007.99.25,Slovenia,,,,0.25,,,LCA Trade Dispute,10
9903.89.55,2007.99.25,Spain,,,,0.25,,,LCA Trade Dispute,10
9903.89.55,2007.99.25,Sweden,,,,0.25,,,LCA Trade Dispute,10
9903.89.55,2007.99.35,Austria,,,,0.25,,,LCA Trade Dispute,10
9903.89.55,2007.99.35,Belgium,,,,0.25,,,LCA Trade Dispute,10
9903.89.55,2007.99.35,Bulgaria,,,,0.25,,,LCA Trade Dispute,10
9903.89.55,2007.99.35,Croatia,,,,0.25,,,LCA Trade Dispute,10
9903.89.55,2007.99.35,Cyprus,,,,0.25,,,LCA Trade Dispute,10
9903.89.55,2007.99.35,Czech Republic,,,,0.25,,,LCA Trade Dispute,10
9903.89.55,2007.99.35,Denmark,,,,0.25,,,LCA Trade Dispute,10
9903.89.55,2007.99.35,Estonia,,,,0.25,,,LCA Trade Dispute,10
9903.89.55,2007.99.35,Finland,,,,0.25,,,LCA Trade Dispute,10
9903.89.55,2007.99.35,France,,,,0.25,,,LCA Trade Dispute,10
9903.89.55,2007.99.35,Germany,,,,0.25,,,LCA Trade Dispute,10
9903.89.55,2007.99.35,Greece,,,,0.25,,,LCA Trade Dispute,10
9903.89.55,2007.99.35,Hungary,,,,0.25,,,LCA Trade Dispute,10
9903.89.55,2007.99.35,Ireland,,,,0.25,,,LCA Trade Dispute,10
9903.89.55,2007.99.35,Italy,,,,0.25,,,LCA Trade Dispute,10
9903.89.55,2007.99.35,Latvia,,,,0.25,,,LCA Trade Dispute,10
9903.89.55,2007.99.35,Lithuania,,,,0.25,,,LCA Trade Dispute,10
9903.89.55,2007.99.35,Luxembourg,,,,0.25,,,LCA Trade Dispute,10
9903.89.55,2007.99.35,Malta,,,,0.25,,,LCA Trade Dispute,10
9903.89.55,2007.99.35,Netherlands,,,,0.25,,,LCA Trade Dispute,10
9903.89.55,2007.99.35,Poland,,,,0.25,,,LCA Trade Dispute,10
9903.89.55,2007.99.35,Portugal,,,,0.25,,,LCA Trade Dispute,10
9903.89.55,2007.99.35,Romania,,,,0.25,,,LCA Trade Dispute,10
9903.89.55,2007.99.35,Slovakia,,,,0.25,,,LCA Trade Dispute,10
9903.89.55,2007.99.35,Slovenia,,,,0.25,,,LCA Trade Dispute,10
9903.89.55,2007.99.35,Spain,,,,0.25,,,LCA Trade Dispute,10
9903.89.55,2007.99.35,Sweden,,,,0.25,,,LCA Trade Dispute,10
9903.89.55,2007.99.60,Austria,,,,0.25,,,LCA Trade Dispute,10
9903.89.55,2007.99.60,Belgium,,,,0.25,,,LCA Trade Dispute,10
9903.89.55,2007.99.60,Bulgaria,,,,0.25,,,LCA Trade Dispute,10
9903.89.55,2007.99.60,Croatia,,,,0.25,,,LCA Trade Dispute,10
9903.89.55,2007.99.60,Cyprus,,,,0.25,,,LCA Trade Dispute,10
9903.89.55,2007.99.60,Czech Republic,,,,0.25,,,LCA Trade Dispute,10
9903.89.55,2007.99.60,Denmark,,,,0.25,,,LCA Trade Dispute,10
9903.89.55,2007.99.60,Estonia,,,,0.25,,,LCA Trade Dispute,10
9903.89.55,2007.99.60,Finland,,,,0.25,,,LCA Trade Dispute,10
9903.89.55,2007.99.60,France,,,,0.25,,,LCA Trade Dispute,10
9903.89.55,2007.99.60,Germany,,,,0.25,,,LCA Trade Dispute,10
9903.89.55,2007.99.60,Greece,,,,0.25,,,LCA Trade Dispute,10
9903.89.55,2007.99.60,Hungary,,,,0.25,,,LCA Trade Dispute,10
9903.89.55,2007.99.60,Ireland,,,,0.25,,,LCA Trade Dispute,10
9903.89.55,2007.99.60,Italy,,,,0.25,,,LCA Trade Dispute,10
9903.89.55,2007.99.60,Latvia,,,,0.25,,,LCA Trade Dispute,10
9903.89.55,2007.99.60,Lithuania,,,,0.25,,,LCA Trade Dispute,10
9903.89.55,2007.99.60,Luxembourg,,,,0.25,,,LCA Trade Dispute,10
9903.89.55,2007.99.60,Malta,,,,0.25,,,LCA Trade Dispute,10
9903.89.55,2007.99.60,Netherlands,,,,0.25,,,LCA Trade Dispute,10
9903.89.55,2007.99.60,Poland,,,,0.25,,,LCA Trade Dispute,10
9903.89.55,2007.99.60,Portugal,,,,0.25,,,LCA Trade Dispute,10
9903.89.55,2007.99.60,Romania,,,,0.25,,,LCA Trade Dispute,10
9903.89.55,2007.99.60,Slovakia,,,,0.25,,,LCA Trade Dispute,10
9903.89.55,2007.99.60,Slovenia,,,,0.25,,,LCA Trade Dispute,10
9903.89.55,2007.99.60,Spain,,,,0.25,,,LCA Trade Dispute,10
9903.89.55,2007.99.60,Sweden,,,,0.25,,,LCA Trade Dispute,10
9903.89.55,8214.90.60,Austria,,,,0.25,,,LCA Trade Dispute,10
9903.89.55,8214.90.60,Belgium,,,,0.25,,,LCA Trade Dispute,10
9903.89.55,8214.90.60,Bulgaria,,,,0.25,,,LCA Trade Dispute,10
9903.89.55,8214.90.60,Croatia,,,,0.25,,,LCA Trade Dispute,10
9903.89.55,8214.90.60,Cyprus,,,,0.25,,,LCA Trade Dispute,10
9903.89.55,8214.90.60,Czech Republic,,,,0.25,,,LCA Trade Dispute,10
9903.89.55,8214.90.60,Denmark,,,,0.25,,,LCA Trade Dispute,10
9903.89.55,8214.90.60,Estonia,,,,0.25,,,LCA Trade Dispute,10
9903.89.55,8214.90.60,Finland,,,,0.25,,,LCA Trade Dispute,10
9903.89.55,8214.90.60,France,,,,0.25,,,LCA Trade Dispute,10
9903.89.55,8214.90.60,Germany,,,,0.25,,,LCA Trade Dispute,10
9903.89.55,8214.90.60,Greece,,,,0.25,,,LCA Trade Dispute,10
9903.89.55,8214.90.60,Hungary,,,,0.25,,,LCA Trade Dispute,10
9903.89.55,8214.90.60,Ireland,,,,0.25,,,LCA Trade Dispute,10
9903.89.55,8214.90.60,Italy,,,,0.25,,,LCA Trade Dispute,10
9903.89.55,8214.90.60,Latvia,,,,0.25,,,LCA Trade Dispute,10
9903.89.55,8214.90.60,Lithuania,,,,0.25,,,LCA Trade Dispute,10
9903.89.55,8214.90.60,Luxembourg,,,,0.25,,,LCA Trade Dispute,10
9903.89.55,8214.90.60,Malta,,,,0.25,,,LCA Trade Dispute,10
9903.89.55,8214.90.60,Netherlands,,,,0.25,,,LCA Trade Dispute,10
9903.89.55,8214.90.60,Poland,,,,0.25,,,LCA Trade Dispute,10
9903.89.55,8214.90.60,Portugal,,,,0.25,,,LCA Trade Dispute,10
9903.89.55,8214.90.60,Romania,,,,0.25,,,LCA Trade Dispute,10
9903.89.55,8214.90.60,Slovakia,,,,0.25,,,LCA Trade Dispute,10
9903.89.55,8214.90.60,Slovenia,,,,0.25,,,LCA Trade Dispute,10
9903.89.55,8214.90.60,Spain,,,,0.25,,,LCA Trade Dispute,10
9903.89.55,8214.90.60,Sweden,,,,0.25,,,LCA Trade Dispute,10
9903.89.59,2208.20.40,France,Base Rate,,,,,,LCA Exclusion,10
9903.89.59,2208.20.40,Germany,Base Rate,,,,,,LCA Exclusion,10
9903.89.61,8803.30.00,France,Base Rate,,,0.15,,,LCA Trade Dispute,10
9903.89.61,8803.30.00,Germany,Base Rate,,,0.15,,,LCA Trade Dispute,10
9903.89.63,8803.30.00,France,Base Rate,,,,,,LCA Exclusion,10
9903.89.63,8803.30.00,Germany,Base Rate,,,,,,LCA Exclusion,10
9903.91.09,8426.19.00,China,Base Rate,,,,,,Section 301 Exclusion,10
9903.91.10,9018.31.00.80,China,Base Rate,,,,,,Section 301 Exclusion,10
9903.91.12,8716.39.00.90,China,Base Rate,,,1.0,,,Section 301 Strategic,10
9903.91.12,8716.90.30,China,Base Rate,,,1.0,,,Section 301 Strategic,10
9903.91.12,8716.90.50,China,Base Rate,,,1.0,,,Section 301 Strategic,10
9903.91.13,8716.39.00.90,China,Base Rate,,,,,,Section 301 Exclusion,10
9903.91.13,8716.90.30,China,Base Rate,,,,,,Section 301 Exclusion,10
9903.91.13,8716.90.50,China,Base Rate,,,,,,Section 301 Exclusion,10
9903.91.14,8426.19.00,China,Base Rate,,,1.0,,,Section 301 Strategic,10
9903.91.15,8426.19.00,China,Base Rate,,,,,,Section 301 Exclusion,10
9903.91.16,8426.19.00,China,Base Rate,,,,,,Section 301 Exclusion,10
9903.92.10,8426.19.00,China,Base Rate,,,0.25,,,Section 301 Strategic,10
9904.02.01,0201.10.50,Global,Base Rate,,,,0.666,cents/kg,Beef Safeguard (Value),20
9904.02.01,0201.20.80,Global,Base Rate,,,,0.666,cents/kg,Beef Safeguard (Value),20
9904.02.02,0201.10.50,Global,Base Rate,,,,0.49,cents/kg,Beef Safeguard (Value),20
9904.02.02,0201.20.80,Global,Base Rate,,,,0.49,cents/kg,Beef Safeguard (Value),20
9904.02.03,0201.10.50,Global,Base Rate,,,,0.35,cents/kg,Beef Safeguard (Value),20
9904.02.03,0201.20.80,Global,Base Rate,,,,0.35,cents/kg,Beef Safeguard (Value),20
9904.02.04,0201.10.50,Global,Base Rate,,,,0.243,cents/kg,Beef Safeguard (Value),20
9904.02.04,0201.20.80,Global,Base Rate,,,,0.243,cents/kg,Beef Safeguard (Value),20
9904.02.05,0201.10.50,Global,Base Rate,,,,0.148,cents/kg,Beef Safeguard (Value),20
9904.02.05,0201.20.80,Global,Base Rate,,,,0.148,cents/kg,Beef Safeguard (Value),20
9904.02.06,0201.10.50,Global,Base Rate,,,,0.088,cents/kg,Beef Safeguard (Value),20
9904.02.06,0201.20.80,Global,Base Rate,,,,0.088,cents/kg,Beef Safeguard (Value),20
9904.02.07,0201.10.50,Global,Base Rate,,,,0.028,cents/kg,Beef Safeguard (Value),20
9904.02.07,0201.20.80,Global,Base Rate,,,,0.028,cents/kg,Beef Safeguard (Value),20
9904.02.08,0201.10.50,Global,Base Rate,,,,,,Beef Safeguard (Value),20
9904.02.08,0201.20.80,Global,Base Rate,,,,,,Beef Safeguard (Value),20
9904.02.09,0202.10.50,Global,Base Rate,,,,0.807,cents/kg,Beef Safeguard (Value),20
9904.02.09,0202.20.80,Global,Base Rate,,,,0.807,cents/kg,Beef Safeguard (Value),20
9904.02.10,0202.10.50,Global,Base Rate,,,,0.627,cents/kg,Beef Safeguard (Value),20
9904.02.10,0202.20.80,Global,Base Rate,,,,0.627,cents/kg,Beef Safeguard (Value),20
9904.02.11,0202.10.50,Global,Base Rate,,,,0.466,cents/kg,Beef Safeguard (Value),20
9904.02.11,0202.20.80,Global,Base Rate,,,,0.466,cents/kg,Beef Safeguard (Value),20
9904.02.12,0202.10.50,Global,Base Rate,,,,0.331,cents/kg,Beef Safeguard (Value),20
9904.02.12,0202.20.80,Global,Base Rate,,,,0.331,cents/kg,Beef Safeguard (Value),20
9904.02.13,0202.10.50,Global,Base Rate,,,,0.231,cents/kg,Beef Safeguard (Value),20
9904.02.13,0202.20.80,Global,Base Rate,,,,0.231,cents/kg,Beef Safeguard (Value),20
9904.02.14,0202.10.50,Global,Base Rate,,,,0.144,cents/kg,Beef Safeguard (Value),20
9904.02.14,0202.20.80,Global,Base Rate,,,,0.144,cents/kg,Beef Safeguard (Value),20
9904.02.15,0202.10.50,Global,Base Rate,,,,0.084,cents/kg,Beef Safeguard (Value),20
9904.02.15,0202.20.80,Global,Base Rate,,,,0.084,cents/kg,Beef Safeguard (Value),20
9904.02.16,0202.10.50,Global,Base Rate,,,,0.024,cents/kg,Beef Safeguard (Value),20
9904.02.16,0202.20.80,Global,Base Rate,,,,0.024,cents/kg,Beef Safeguard (Value),20
9904.02.17,0202.10.50,Global,Base Rate,,,,,,Beef Safeguard (Value),20
9904.02.17,0202.20.80,Global,Base Rate,,,,,,Beef Safeguard (Value),20
9904.02.27,0201.30.80,Global,Base Rate,,,,0.753,cents/kg,Beef Safeguard (Value),20
9904.02.27,0202.30.80,Global,Base Rate,,,,0.753,cents/kg,Beef Safeguard (Value),20
9904.02.28,0201.30.80,Global,Base Rate,,,,0.575,cents/kg,Beef Safeguard (Value),20
9904.02.28,0202.30.80,Global,Base Rate,,,,0.575,cents/kg,Beef Safeguard (Value),20
9904.02.29,0201.30.80,Global,Base Rate,,,,0.435,cents/kg,Beef Safeguard (Value),20
9904.02.29,0202.30.80,Global,Base Rate,,,,0.435,cents/kg,Beef Safeguard (Value),20
9904.02.30,0201.30.80,Global,Base Rate,,,,0.317,cents/kg,Beef Safeguard (Value),20
9904.02.30,0202.30.80,Global,Base Rate,,,,0.317,cents/kg,Beef Safeguard (Value),20
9904.02.31,0201.30.80,Global,Base Rate,,,,0.217,cents/kg,Beef Safeguard (Value),20
9904.02.31,0202.30.80,Global,Base Rate,,,,0.217,cents/kg,Beef Safeguard (Value),20
9904.02.32,0201.30.80,Global,Base Rate,,,,0.141,cents/kg,Beef Safeguard (Value),20
9904.02.32,0202.30.80,Global,Base Rate,,,,0.141,cents/kg,Beef Safeguard (Value),20
9904.02.33,0201.30.80,Global,Base Rate,,,,0.081,cents/kg,Beef Safeguard (Value),20
9904.02.33,0202.30.80,Global,Base Rate,,,,0.081,cents/kg,Beef Safeguard (Value),20
9904.02.34,0201.30.80,Global,Base Rate,,,,0.021,cents/kg,Beef Safeguard (Value),20
9904.02.34,0202.30.80,Global,Base Rate,,,,0.021,cents/kg,Beef Safeguard (Value),20
9904.02.35,0201.30.80,Global,Base Rate,,,,,,Beef Safeguard (Value),20
9904.02.35,0202.30.80,Global,Base Rate,,,,,,Beef Safeguard (Value),20
9904.04.01,0401.40.25,Global,Base Rate,,,,0.552,cents/liter,Dairy Safeguard (Value),20
9904.04.01,0401.50.25,Global,Base Rate,,,,0.552,cents/liter,Dairy Safeguard (Value),20
9904.04.01,0403.90.16,Global,Base Rate,,,,0.552,cents/liter,Dairy Safeguard (Value),20
9904.04.02,0401.40.25,Global,Base Rate,,,,0.384,cents/liter,Dairy Safeguard (Value),20
9904.04.02,0401.50.25,Global,Base Rate,,,,0.384,cents/liter,Dairy Safeguard (Value),20
9904.04.02,0403.90.16,Global,Base Rate,,,,0.384,cents/liter,Dairy Safeguard (Value),20
9904.04.03,0401.40.25,Global,Base Rate,,,,0.251,cents/liter,Dairy Safeguard (Value),20
9904.04.03,0401.50.25,Global,Base Rate,,,,0.251,cents/liter,Dairy Safeguard (Value),20
9904.04.03,0403.90.16,Global,Base Rate,,,,0.251,cents/liter,Dairy Safeguard (Value),20
9904.04.04,0401.40.25,Global,Base Rate,,,,0.151,cents/liter,Dairy Safeguard (Value),20
9904.04.04,0401.50.25,Global,Base Rate,,,,0.151,cents/liter,Dairy Safeguard (Value),20
9904.04.04,0403.90.16,Global,Base Rate,,,,0.151,cents/liter,Dairy Safeguard (Value),20
9904.04.05,0401.40.25,Global,Base Rate,,,,0.083,cents/liter,Dairy Safeguard (Value),20
9904.04.05,0401.50.25,Global,Base Rate,,,,0.083,cents/liter,Dairy Safeguard (Value),20
9904.04.05,0403.90.16,Global,Base Rate,,,,0.083,cents/liter,Dairy Safeguard (Value),20
9904.04.06,0401.40.25,Global,Base Rate,,,,0.023,cents/liter,Dairy Safeguard (Value),20
9904.04.06,0401.50.25,Global,Base Rate,,,,0.023,cents/liter,Dairy Safeguard (Value),20
9904.04.06,0403.90.16,Global,Base Rate,,,,0.023,cents/liter,Dairy Safeguard (Value),20
9904.04.07,0401.40.25,Global,Base Rate,,,,,,Dairy Safeguard (Value),20
9904.04.07,0401.50.25,Global,Base Rate,,,,,,Dairy Safeguard (Value),20
9904.04.07,0403.90.16,Global,Base Rate,,,,,,Dairy Safeguard (Value),20
9904.04.09,0401.50.75,Global,Base Rate,,,,0.905,cents/kg,Dairy Safeguard (Value),20
9904.04.09,0403.90.78,Global,Base Rate,,,,0.905,cents/kg,Dairy Safeguard (Value),20
9904.04.09,0405.10.20,Global,Base Rate,,,,0.905,cents/kg,Dairy Safeguard (Value),20
9904.04.22,0402.10.50,Global,Base Rate,,,,0.35,cents/kg,Dairy Safeguard (Value),20
9904.04.22,0402.21.25,Global,Base Rate,,,,0.35,cents/kg,Dairy Safeguard (Value),20
9904.04.31,0402.21.50,Global,Base Rate,,,,0.356,cents/kg,Dairy Safeguard (Value),20
9904.04.31,0403.90.55,Global,Base Rate,,,,0.356,cents/kg,Dairy Safeguard (Value),20
9904.04.40,0402.21.90,Global,Base Rate,,,,0.691,cents/kg,Dairy Safeguard (Value),20
9904.04.40,0403.90.65,Global,Base Rate,,,,0.691,cents/kg,Dairy Safeguard (Value),20
9904.04.50,0402.29.50,Global,Base Rate,,,,0.784,cents/kg,Dairy Safeguard (Value),20
9904.04.50,0402.99.90,Global,Base Rate,,,,0.784,cents/kg,Dairy Safeguard (Value),20
9904.04.50,0403.20.50,Global,Base Rate,,,,0.784,cents/kg,Dairy Safeguard (Value),20
9904.04.50,0403.90.95,Global,Base Rate,,,,0.784,cents/kg,Dairy Safeguard (Value),20
9904.04.50,1901.10.26,Global,Base Rate,,,,0.784,cents/kg,Dairy Safeguard (Value),20
9904.04.50,1901.10.85,Global,Base Rate,,,,0.784,cents/kg,Dairy Safeguard (Value),20
9904.04.50,2202.99.28,Global,Base Rate,,,,0.784,cents/kg,Dairy Safeguard (Value),20
9904.04.51,0402.29.50,Global,Base Rate,,,,0.572,cents/kg,Dairy Safeguard (Value),20
9904.04.51,0402.99.90,Global,Base Rate,,,,0.572,cents/kg,Dairy Safeguard (Value),20
9904.04.51,0403.20.50,Global,Base Rate,,,,0.572,cents/kg,Dairy Safeguard (Value),20
9904.04.51,0403.90.95,Global,Base Rate,,,,0.572,cents/kg,Dairy Safeguard (Value),20
9904.04.51,1901.10.26,Global,Base Rate,,,,0.572,cents/kg,Dairy Safeguard (Value),20
9904.04.51,1901.10.85,Global,Base Rate,,,,0.572,cents/kg,Dairy Safeguard (Value),20
9904.04.51,2202.99.28,Global,Base Rate,,,,0.572,cents/kg,Dairy Safeguard (Value),20
9904.04.52,0402.29.50,Global,Base Rate,,,,0.402,cents/kg,Dairy Safeguard (Value),20
9904.04.52,0402.99.90,Global,Base Rate,,,,0.402,cents/kg,Dairy Safeguard (Value),20
9904.04.52,0403.20.50,Global,Base Rate,,,,0.402,cents/kg,Dairy Safeguard (Value),20
9904.04.52,0403.90.95,Global,Base Rate,,,,0.402,cents/kg,Dairy Safeguard (Value),20
9904.04.52,1901.10.26,Global,Base Rate,,,,0.402,cents/kg,Dairy Safeguard (Value),20
9904.04.52,1901.10.85,Global,Base Rate,,,,0.402,cents/kg,Dairy Safeguard (Value),20
9904.04.52,2202.99.28,Global,Base Rate,,,,0.402,cents/kg,Dairy Safeguard (Value),20
9904.04.53,0402.29.50,Global,Base Rate,,,,0.252,cents/kg,Dairy Safeguard (Value),20
9904.04.53,0402.99.90,Global,Base Rate,,,,0.252,cents/kg,Dairy Safeguard (Value),20
9904.04.53,0403.20.50,Global,Base Rate,,,,0.252,cents/kg,Dairy Safeguard (Value),20
9904.04.53,0403.90.95,Global,Base Rate,,,,0.252,cents/kg,Dairy Safeguard (Value),20
9904.04.53,1901.10.26,Global,Base Rate,,,,0.252,cents/kg,Dairy Safeguard (Value),20
9904.04.53,1901.10.85,Global,Base Rate,,,,0.252,cents/kg,Dairy Safeguard (Value),20
9904.04.53,2202.99.28,Global,Base Rate,,,,0.252,cents/kg,Dairy Safeguard (Value),20
9904.04.54,0402.29.50,Global,Base Rate,,,,0.156,cents/kg,Dairy Safeguard (Value),20
9904.04.54,0402.99.90,Global,Base Rate,,,,0.156,cents/kg,Dairy Safeguard (Value),20
9904.04.54,0403.20.50,Global,Base Rate,,,,0.156,cents/kg,Dairy Safeguard (Value),20
9904.04.54,0403.90.95,Global,Base Rate,,,,0.156,cents/kg,Dairy Safeguard (Value),20
9904.04.54,1901.10.26,Global,Base Rate,,,,0.156,cents/kg,Dairy Safeguard (Value),20
9904.04.54,1901.10.85,Global,Base Rate,,,,0.156,cents/kg,Dairy Safeguard (Value),20
9904.04.54,2202.99.28,Global,Base Rate,,,,0.156,cents/kg,Dairy Safeguard (Value),20
9904.04.55,0402.29.50,Global,Base Rate,,,,0.096,cents/kg,Dairy Safeguard (Value),20
9904.04.55,0402.99.90,Global,Base Rate,,,,0.096,cents/kg,Dairy Safeguard (Value),20
9904.04.55,0403.20.50,Global,Base Rate,,,,0.096,cents/kg,Dairy Safeguard (Value),20
9904.04.55,0403.90.95,Global,Base Rate,,,,0.096,cents/kg,Dairy Safeguard (Value),20
9904.04.55,1901.10.26,Global,Base Rate,,,,0.096,cents/kg,Dairy Safeguard (Value),20
9904.04.55,1901.10.85,Global,Base Rate,,,,0.096,cents/kg,Dairy Safeguard (Value),20
9904.04.55,2202.99.28,Global,Base Rate,,,,0.096,cents/kg,Dairy Safeguard (Value),20
9904.04.56,0402.29.50,Global,Base Rate,,,,0.036,cents/kg,Dairy Safeguard (Value),20
9904.04.56,0402.99.90,Global,Base Rate,,,,0.036,cents/kg,Dairy Safeguard (Value),20
9904.04.56,0403.20.50,Global,Base Rate,,,,0.036,cents/kg,Dairy Safeguard (Value),20
9904.04.56,0403.90.95,Global,Base Rate,,,,0.036,cents/kg,Dairy Safeguard (Value),20
9904.04.56,1901.10.26,Global,Base Rate,,,,0.036,cents/kg,Dairy Safeguard (Value),20
9904.04.56,1901.10.85,Global,Base Rate,,,,0.036,cents/kg,Dairy Safeguard (Value),20
9904.04.56,2202.99.28,Global,Base Rate,,,,0.036,cents/kg,Dairy Safeguard (Value),20
9904.04.58,0402.29.50,Global,Base Rate,,,,,,Dairy Safeguard (Value),20
9904.04.58,0402.99.90,Global,Base Rate,,,,,,Dairy Safeguard (Value),20
9904.04.58,0403.20.50,Global,Base Rate,,,,,,Dairy Safeguard (Value),20
9904.04.58,0403.90.95,Global,Base Rate,,,,,,Dairy Safeguard (Value),20
9904.04.58,1901.10.26,Global,Base Rate,,,,,,Dairy Safeguard (Value),20
9904.04.58,1901.10.85,Global,Base Rate,,,,,,Dairy Safeguard (Value),20
9904.04.58,2202.99.28,Global,Base Rate,,,,,,Dairy Safeguard (Value),20
9904.04.59,0404.10.15,Global,Base Rate,,,,0.655,cents/kg,Dairy Safeguard (Value),20
9904.04.59,0405.20.70,Global,Base Rate,,,,0.655,cents/kg,Dairy Safeguard (Value),20
9904.04.59,1517.90.60,Global,Base Rate,,,,0.655,cents/kg,Dairy Safeguard (Value),20
9904.04.59,1704.90.58,Global,Base Rate,,,,0.655,cents/kg,Dairy Safeguard (Value),20
9904.04.59,1806.20.82,Global,Base Rate,,,,0.655,cents/kg,Dairy Safeguard (Value),20
9904.04.59,1806.20.83,Global,Base Rate,,,,0.655,cents/kg,Dairy Safeguard (Value),20
9904.04.59,1806.32.70,Global,Base Rate,,,,0.655,cents/kg,Dairy Safeguard (Value),20
9904.04.59,1806.32.80,Global,Base Rate,,,,0.655,cents/kg,Dairy Safeguard (Value),20
9904.04.59,1806.90.08,Global,Base Rate,,,,0.655,cents/kg,Dairy Safeguard (Value),20
9904.04.59,1806.90.10,Global,Base Rate,,,,0.655,cents/kg,Dairy Safeguard (Value),20
9904.04.59,1901.20.15,Global,Base Rate,,,,0.655,cents/kg,Dairy Safeguard (Value),20
9904.04.59,1901.20.50,Global,Base Rate,,,,0.655,cents/kg,Dairy Safeguard (Value),20
9904.04.59,2106.90.66,Global,Base Rate,,,,0.655,cents/kg,Dairy Safeguard (Value),20
9904.04.59,2106.90.87,Global,Base Rate,,,,0.655,cents/kg,Dairy Safeguard (Value),20
9904.04.66,0404.10.15,Global,Base Rate,,,,,,Dairy Safeguard (Value),20
9904.04.66,0405.20.70,Global,Base Rate,,,,,,Dairy Safeguard (Value),20
9904.04.66,1517.90.60,Global,Base Rate,,,,,,Dairy Safeguard (Value),20
9904.04.66,1704.90.58,Global,Base Rate,,,,,,Dairy Safeguard (Value),20
9904.04.66,1806.20.82,Global,Base Rate,,,,,,Dairy Safeguard (Value),20
9904.04.66,1806.20.83,Global,Base Rate,,,,,,Dairy Safeguard (Value),20
9904.04.66,1806.32.70,Global,Base Rate,,,,,,Dairy Safeguard (Value),20
9904.04.66,1806.32.80,Global,Base Rate,,,,,,Dairy Safeguard (Value),20
9904.04.66,1806.90.08,Global,Base Rate,,,,,,Dairy Safeguard (Value),20
9904.04.66,1806.90.10,Global,Base Rate,,,,,,Dairy Safeguard (Value),20
9904.04.66,1901.20.15,Global,Base Rate,,,,,,Dairy Safeguard (Value),20
9904.04.66,1901.20.50,Global,Base Rate,,,,,,Dairy Safeguard (Value),20
9904.04.66,2106.90.66,Global,Base Rate,,,,,,Dairy Safeguard (Value),20
9904.04.66,2106.90.87,Global,Base Rate,,,,,,Dairy Safeguard (Value),20
9904.04.67,0404.90.50,Global,Base Rate,,,,0.667,cents/kg,Dairy Safeguard (Value),20
9904.04.67,1901.10.56,Global,Base Rate,,,,0.667,cents/kg,Dairy Safeguard (Value),20
9904.04.67,1901.10.66,Global,Base Rate,,,,0.667,cents/kg,Dairy Safeguard (Value),20
9904.04.67,1901.90.62,Global,Base Rate,,,,0.667,cents/kg,Dairy Safeguard (Value),20
9904.04.67,1901.90.65,Global,Base Rate,,,,0.667,cents/kg,Dairy Safeguard (Value),20
9904.04.67,2105.00.40,Global,Base Rate,,,,0.667,cents/kg,Dairy Safeguard (Value),20
9904.04.74,0404.90.50,Global,Base Rate,,,,,,Dairy Safeguard (Value),20
9904.04.74,1901.10.56,Global,Base Rate,,,,,,Dairy Safeguard (Value),20
9904.04.74,1901.10.66,Global,Base Rate,,,,,,Dairy Safeguard (Value),20
9904.04.74,1901.90.62,Global,Base Rate,,,,,,Dairy Safeguard (Value),20
9904.04.74,1901.90.65,Global,Base Rate,,,,,,Dairy Safeguard (Value),20
9904.04.74,2105.00.40,Global,Base Rate,,,,,,Dairy Safeguard (Value),20
9904.04.75,2106.90.09,Global,Base Rate,,,,0.741,cents/kg,Dairy Safeguard (Value),20
9904.04.82,2106.90.09,Global,Base Rate,,,,,,Dairy Safeguard (Value),20
9904.05.02,0402.91.70,Global,Base Rate,,,,0.236,cents/kg,Dairy Safeguard (Value),20
9904.05.02,0402.91.90,Global,Base Rate,,,,0.236,cents/kg,Dairy Safeguard (Value),20
9904.05.03,0402.91.70,Global,Base Rate,,,,0.195,cents/kg,Dairy Safeguard (Value),20
9904.05.03,0402.91.90,Global,Base Rate,,,,0.195,cents/kg,Dairy Safeguard (Value),20
9904.05.04,0402.91.70,Global,Base Rate,,,,0.16,cents/kg,Dairy Safeguard (Value),20
9904.05.04,0402.91.90,Global,Base Rate,,,,0.16,cents/kg,Dairy Safeguard (Value),20
9904.05.05,0402.91.70,Global,Base Rate,,,,0.128,cents/kg,Dairy Safeguard (Value),20
9904.05.05,0402.91.90,Global,Base Rate,,,,0.128,cents/kg,Dairy Safeguard (Value),20
9904.05.06,0402.91.70,Global,Base Rate,,,,0.078,cents/kg,Dairy Safeguard (Value),20
9904.05.06,0402.91.90,Global,Base Rate,,,,0.078,cents/kg,Dairy Safeguard (Value),20
9904.05.07,0402.91.70,Global,Base Rate,,,,0.042,cents/kg,Dairy Safeguard (Value),20
9904.05.07,0402.91.90,Global,Base Rate,,,,0.042,cents/kg,Dairy Safeguard (Value),20
9904.05.08,0402.91.70,Global,Base Rate,,,,,,Dairy Safeguard (Value),20
9904.05.08,0402.91.90,Global,Base Rate,,,,,,Dairy Safeguard (Value),20
9904.05.09,0402.99.45,Global,Base Rate,,,,0.39,cents/kg,Dairy Safeguard (Value),20
9904.05.09,0402.99.55,Global,Base Rate,,,,0.39,cents/kg,Dairy Safeguard (Value),20
9904.05.10,0402.99.45,Global,Base Rate,,,,0.316,cents/kg,Dairy Safeguard (Value),20
9904.05.10,0402.99.55,Global,Base Rate,,,,0.316,cents/kg,Dairy Safeguard (Value),20
9904.05.11,0402.99.45,Global,Base Rate,,,,0.246,cents/kg,Dairy Safeguard (Value),20
9904.05.11,0402.99.55,Global,Base Rate,,,,0.246,cents/kg,Dairy Safeguard (Value),20
9904.05.12,0402.99.45,Global,Base Rate,,,,0.195,cents/kg,Dairy Safeguard (Value),20
9904.05.12,0402.99.55,Global,Base Rate,,,,0.195,cents/kg,Dairy Safeguard (Value),20
9904.05.13,0402.99.45,Global,Base Rate,,,,0.145,cents/kg,Dairy Safeguard (Value),20
9904.05.13,0402.99.55,Global,Base Rate,,,,0.145,cents/kg,Dairy Safeguard (Value),20
9904.05.14,0402.99.45,Global,Base Rate,,,,0.103,cents/kg,Dairy Safeguard (Value),20
9904.05.14,0402.99.55,Global,Base Rate,,,,0.103,cents/kg,Dairy Safeguard (Value),20
9904.05.15,0402.99.45,Global,Base Rate,,,,0.073,cents/kg,Dairy Safeguard (Value),20
9904.05.15,0402.99.55,Global,Base Rate,,,,0.073,cents/kg,Dairy Safeguard (Value),20
9904.05.16,0402.99.45,Global,Base Rate,,,,0.043,cents/kg,Dairy Safeguard (Value),20
9904.05.16,0402.99.55,Global,Base Rate,,,,0.043,cents/kg,Dairy Safeguard (Value),20
9904.05.17,0402.99.45,Global,Base Rate,,,,,,Dairy Safeguard (Value),20
9904.05.17,0402.99.55,Global,Base Rate,,,,,,Dairy Safeguard (Value),20
9904.05.20,0403.90.45,Global,Base Rate,,,,0.296,cents/kg,Dairy Safeguard (Value),20
9904.05.21,0403.90.45,Global,Base Rate,,,,0.221,cents/kg,Dairy Safeguard (Value),20
9904.05.22,0403.90.45,Global,Base Rate,,,,0.157,cents/kg,Dairy Safeguard (Value),20
9904.05.23,0403.90.45,Global,Base Rate,,,,0.111,cents/kg,Dairy Safeguard (Value),20
9904.05.24,0403.90.45,Global,Base Rate,,,,0.082,cents/kg,Dairy Safeguard (Value),20
9904.05.25,0403.90.45,Global,Base Rate,,,,0.037,cents/kg,Dairy Safeguard (Value),20
9904.05.26,0403.90.45,Global,Base Rate,,,,,,Dairy Safeguard (Value),20
9904.05.28,0404.10.90,Global,Base Rate,,,,0.177,cents/kg,Dairy Safeguard (Value),20
9904.05.29,0404.10.90,Global,Base Rate,,,,0.15,cents/kg,Dairy Safeguard (Value),20
9904.05.30,0404.10.90,Global,Base Rate,,,,0.112,cents/kg,Dairy Safeguard (Value),20
9904.05.31,0404.10.90,Global,Base Rate,,,,0.08,cents/kg,Dairy Safeguard (Value),20
9904.05.32,0404.10.90,Global,Base Rate,,,,0.055,cents/kg,Dairy Safeguard (Value),20
9904.05.33,0404.10.90,Global,Base Rate,,,,0.035,cents/kg,Dairy Safeguard (Value),20
9904.05.34,0404.10.90,Global,Base Rate,,,,0.02,cents/kg,Dairy Safeguard (Value),20
9904.05.35,0404.10.90,Global,Base Rate,,,,,,Dairy Safeguard (Value),20
9904.05.37,0405.20.30,Global,Base Rate,,,,0.675,cents/kg,Dairy Safeguard (Value),20
9904.05.37,0405.90.20,Global,Base Rate,,,,0.675,cents/kg,Dairy Safeguard (Value),20
9904.05.37,2106.90.26,Global,Base Rate,,,,0.675,cents/kg,Dairy Safeguard (Value),20
9904.05.37,2106.90.36,Global,Base Rate,,,,0.675,cents/kg,Dairy Safeguard (Value),20
9904.05.38,0405.20.30,Global,Base Rate,,,,0.535,cents/kg,Dairy Safeguard (Value),20
9904.05.38,0405.90.20,Global,Base Rate,,,,0.535,cents/kg,Dairy Safeguard (Value),20
9904.05.38,2106.90.26,Global,Base Rate,,,,0.535,cents/kg,Dairy Safeguard (Value),20
9904.05.38,2106.90.36,Global,Base Rate,,,,0.535,cents/kg,Dairy Safeguard (Value),20
9904.05.39,0405.20.30,Global,Base Rate,,,,0.409,cents/kg,Dairy Safeguard (Value),20
9904.05.39,0405.90.20,Global,Base Rate,,,,0.409,cents/kg,Dairy Safeguard (Value),20
9904.05.39,2106.90.26,Global,Base Rate,,,,0.409,cents/kg,Dairy Safeguard (Value),20
9904.05.39,2106.90.36,Global,Base Rate,,,,0.409,cents/kg,Dairy Safeguard (Value),20
9904.05.40,0405.20.30,Global,Base Rate,,,,0.309,cents/kg,Dairy Safeguard (Value),20
9904.05.40,0405.90.20,Global,Base Rate,,,,0.309,cents/kg,Dairy Safeguard (Value),20
9904.05.40,2106.90.26,Global,Base Rate,,,,0.309,cents/kg,Dairy Safeguard (Value),20
9904.05.40,2106.90.36,Global,Base Rate,,,,0.309,cents/kg,Dairy Safeguard (Value),20
9904.05.41,0405.20.30,Global,Base Rate,,,,0.21,cents/kg,Dairy Safeguard (Value),20
9904.05.41,0405.90.20,Global,Base Rate,,,,0.21,cents/kg,Dairy Safeguard (Value),20
9904.05.41,2106.90.26,Global,Base Rate,,,,0.21,cents/kg,Dairy Safeguard (Value),20
9904.05.41,2106.90.36,Global,Base Rate,,,,0.21,cents/kg,Dairy Safeguard (Value),20
9904.05.42,0405.20.30,Global,Base Rate,,,,0.149,cents/kg,Dairy Safeguard (Value),20
9904.05.42,0405.90.20,Global,Base Rate,,,,0.149,cents/kg,Dairy Safeguard (Value),20
9904.05.42,2106.90.26,Global,Base Rate,,,,0.149,cents/kg,Dairy Safeguard (Value),20
9904.05.42,2106.90.36,Global,Base Rate,,,,0.149,cents/kg,Dairy Safeguard (Value),20
9904.05.43,0405.20.30,Global,Base Rate,,,,0.089,cents/kg,Dairy Safeguard (Value),20
9904.05.43,0405.90.20,Global,Base Rate,,,,0.089,cents/kg,Dairy Safeguard (Value),20
9904.05.43,2106.90.26,Global,Base Rate,,,,0.089,cents/kg,Dairy Safeguard (Value),20
9904.05.43,2106.90.36,Global,Base Rate,,,,0.089,cents/kg,Dairy Safeguard (Value),20
9904.05.44,0405.20.30,Global,Base Rate,,,,0.029,cents/kg,Dairy Safeguard (Value),20
9904.05.44,0405.90.20,Global,Base Rate,,,,0.029,cents/kg,Dairy Safeguard (Value),20
9904.05.44,2106.90.26,Global,Base Rate,,,,0.029,cents/kg,Dairy Safeguard (Value),20
9904.05.44,2106.90.36,Global,Base Rate,,,,0.029,cents/kg,Dairy Safeguard (Value),20
9904.05.45,0405.20.30,Global,Base Rate,,,,,,Dairy Safeguard (Value),20
9904.05.45,0405.90.20,Global,Base Rate,,,,,,Dairy Safeguard (Value),20
9904.05.45,2106.90.26,Global,Base Rate,,,,,,Dairy Safeguard (Value),20
9904.05.45,2106.90.36,Global,Base Rate,,,,,,Dairy Safeguard (Value),20
9904.05.48,0406.10.18,Global,Base Rate,,,,1.062,/kg,Cheese Safeguard (Value),20
9904.05.48,0406.20.28,Global,Base Rate,,,,1.062,/kg,Cheese Safeguard (Value),20
9904.05.48,0406.20.63,Global,Base Rate,,,,1.062,/kg,Cheese Safeguard (Value),20
9904.05.48,0406.30.18,Global,Base Rate,,,,1.062,/kg,Cheese Safeguard (Value),20
9904.05.48,0406.30.63,Global,Base Rate,,,,1.062,/kg,Cheese Safeguard (Value),20
9904.05.48,0406.40.70,Global,Base Rate,,,,1.062,/kg,Cheese Safeguard (Value),20
9904.05.48,0406.90.74,Global,Base Rate,,,,1.062,/kg,Cheese Safeguard (Value),20
9904.05.49,0406.10.18,Global,Base Rate,,,,0.852,cents/kg,Cheese Safeguard (Value),20
9904.05.49,0406.20.28,Global,Base Rate,,,,0.852,cents/kg,Cheese Safeguard (Value),20
9904.05.49,0406.20.63,Global,Base Rate,,,,0.852,cents/kg,Cheese Safeguard (Value),20
9904.05.49,0406.30.18,Global,Base Rate,,,,0.852,cents/kg,Cheese Safeguard (Value),20
9904.05.49,0406.30.63,Global,Base Rate,,,,0.852,cents/kg,Cheese Safeguard (Value),20
9904.05.49,0406.40.70,Global,Base Rate,,,,0.852,cents/kg,Cheese Safeguard (Value),20
9904.05.49,0406.90.74,Global,Base Rate,,,,0.852,cents/kg,Cheese Safeguard (Value),20
9904.05.50,0406.10.18,Global,Base Rate,,,,0.678,cents/kg,Cheese Safeguard (Value),20
9904.05.50,0406.20.28,Global,Base Rate,,,,0.678,cents/kg,Cheese Safeguard (Value),20
9904.05.50,0406.20.63,Global,Base Rate,,,,0.678,cents/kg,Cheese Safeguard (Value),20
9904.05.50,0406.30.18,Global,Base Rate,,,,0.678,cents/kg,Cheese Safeguard (Value),20
9904.05.50,0406.30.63,Global,Base Rate,,,,0.678,cents/kg,Cheese Safeguard (Value),20
9904.05.50,0406.40.70,Global,Base Rate,,,,0.678,cents/kg,Cheese Safeguard (Value),20
9904.05.50,0406.90.74,Global,Base Rate,,,,0.678,cents/kg,Cheese Safeguard (Value),20
9904.05.51,0406.10.18,Global,Base Rate,,,,0.528,cents/kg,Blue-mold Safeguard (Value),20
9904.05.51,0406.20.28,Global,Base Rate,,,,0.528,cents/kg,Blue-mold Safeguard (Value),20
9904.05.51,0406.20.63,Global,Base Rate,,,,0.528,cents/kg,Blue-mold Safeguard (Value),20
9904.05.51,0406.30.18,Global,Base Rate,,,,0.528,cents/kg,Blue-mold Safeguard (Value),20
9904.05.51,0406.30.63,Global,Base Rate,,,,0.528,cents/kg,Blue-mold Safeguard (Value),20
9904.05.51,0406.40.70,Global,Base Rate,,,,0.528,cents/kg,Blue-mold Safeguard (Value),20
9904.05.51,0406.90.74,Global,Base Rate,,,,0.528,cents/kg,Blue-mold Safeguard (Value),20
9904.05.57,0406.10.18,Global,Base Rate,,,,,,Blue-mold Safeguard (Value),20
9904.05.57,0406.20.28,Global,Base Rate,,,,,,Blue-mold Safeguard (Value),20
9904.05.57,0406.20.63,Global,Base Rate,,,,,,Blue-mold Safeguard (Value),20
9904.05.57,0406.30.18,Global,Base Rate,,,,,,Blue-mold Safeguard (Value),20
9904.05.57,0406.30.63,Global,Base Rate,,,,,,Blue-mold Safeguard (Value),20
9904.05.57,0406.40.70,Global,Base Rate,,,,,,Blue-mold Safeguard (Value),20
9904.05.57,0406.90.74,Global,Base Rate,,,,,,Blue-mold Safeguard (Value),20
9904.05.59,0406.10.28,Global,Base Rate,,,,0.572,cents/kg,Cheddar Safeguard (Value),20
9904.05.59,0406.20.33,Global,Base Rate,,,,0.572,cents/kg,Cheddar Safeguard (Value),20
9904.05.59,0406.20.67,Global,Base Rate,,,,0.572,cents/kg,Cheddar Safeguard (Value),20
9904.05.59,0406.30.28,Global,Base Rate,,,,0.572,cents/kg,Cheddar Safeguard (Value),20
9904.05.59,0406.30.67,Global,Base Rate,,,,0.572,cents/kg,Cheddar Safeguard (Value),20
9904.05.59,0406.90.12,Global,Base Rate,,,,0.572,cents/kg,Cheddar Safeguard (Value),20
9904.05.59,0406.90.78,Global,Base Rate,,,,0.572,cents/kg,Cheddar Safeguard (Value),20
9904.05.72,0406.10.28,Global,Base Rate,,,,,,Cheddar Safeguard (Value),20
9904.05.72,0406.20.33,Global,Base Rate,,,,,,Cheddar Safeguard (Value),20
9904.05.72,0406.20.67,Global,Base Rate,,,,,,Cheddar Safeguard (Value),20
9904.05.72,0406.30.28,Global,Base Rate,,,,,,Cheddar Safeguard (Value),20
9904.05.72,0406.30.67,Global,Base Rate,,,,,,Cheddar Safeguard (Value),20
9904.05.72,0406.90.12,Global,Base Rate,,,,,,Cheddar Safeguard (Value),20
9904.05.72,0406.90.78,Global,Base Rate,,,,,,Cheddar Safeguard (Value),20
9904.05.74,0406.10.38,Global,Base Rate,,,,0.536,cents/kg,American Safeguard (Value),20
9904.05.74,0406.20.39,Global,Base Rate,,,,0.536,cents/kg,American Safeguard (Value),20
9904.05.74,0406.20.71,Global,Base Rate,,,,0.536,cents/kg,American Safeguard (Value),20
9904.05.74,0406.30.38,Global,Base Rate,,,,0.536,cents/kg,American Safeguard (Value),20
9904.05.74,0406.30.71,Global,Base Rate,,,,0.536,cents/kg,American Safeguard (Value),20
9904.05.74,0406.90.54,Global,Base Rate,,,,0.536,cents/kg,American Safeguard (Value),20
9904.05.74,0406.90.84,Global,Base Rate,,,,0.536,cents/kg,American Safeguard (Value),20
9904.05.81,0406.10.38,Global,Base Rate,,,,,,American Safeguard (Value),20
9904.05.81,0406.20.39,Global,Base Rate,,,,,,American Safeguard (Value),20
9904.05.81,0406.20.71,Global,Base Rate,,,,,,American Safeguard (Value),20
9904.05.81,0406.30.38,Global,Base Rate,,,,,,American Safeguard (Value),20
9904.05.81,0406.30.71,Global,Base Rate,,,,,,American Safeguard (Value),20
9904.05.81,0406.90.54,Global,Base Rate,,,,,,American Safeguard (Value),20
9904.05.81,0406.90.84,Global,Base Rate,,,,,,American Safeguard (Value),20
9904.05.83,0406.10.48,Global,Base Rate,,,,0.77,cents/kg,Edam/Gouda Safeguard (Value),20
9904.05.83,0406.20.48,Global,Base Rate,,,,0.77,cents/kg,Edam/Gouda Safeguard (Value),20
9904.05.83,0406.20.75,Global,Base Rate,,,,0.77,cents/kg,Edam/Gouda Safeguard (Value),20
9904.05.83,0406.30.48,Global,Base Rate,,,,0.77,cents/kg,Edam/Gouda Safeguard (Value),20
9904.05.83,0406.30.75,Global,Base Rate,,,,0.77,cents/kg,Edam/Gouda Safeguard (Value),20
9904.05.83,0406.90.18,Global,Base Rate,,,,0.77,cents/kg,Edam/Gouda Safeguard (Value),20
9904.05.83,0406.90.88,Global,Base Rate,,,,0.77,cents/kg,Edam/Gouda Safeguard (Value),20
9904.05.93,0406.10.48,Global,Base Rate,,,,,,Edam/Gouda Safeguard (Value),20
9904.05.93,0406.20.48,Global,Base Rate,,,,,,Edam/Gouda Safeguard (Value),20
9904.05.93,0406.20.75,Global,Base Rate,,,,,,Edam/Gouda Safeguard (Value),20
9904.05.93,0406.30.48,Global,Base Rate,,,,,,Edam/Gouda Safeguard (Value),20
9904.05.93,0406.30.75,Global,Base Rate,,,,,,Edam/Gouda Safeguard (Value),20
9904.05.93,0406.90.18,Global,Base Rate,,,,,,Edam/Gouda Safeguard (Value),20
9904.05.93,0406.90.88,Global,Base Rate,,,,,,Edam/Gouda Safeguard (Value),20
9904.05.95,0406.10.58,Global,Base Rate,,,,0.989,cents/kg,Italian Safeguard (Value),20
9904.05.95,0406.20.53,Global,Base Rate,,,,0.989,cents/kg,Italian Safeguard (Value),20
9904.05.95,0406.20.79,Global,Base Rate,,,,0.989,cents/kg,Italian Safeguard (Value),20
9904.05.95,0406.30.79,Global,Base Rate,,,,0.989,cents/kg,Italian Safeguard (Value),20
9904.05.95,0406.90.32,Global,Base Rate,,,,0.989,cents/kg,Italian Safeguard (Value),20
9904.05.95,0406.90.37,Global,Base Rate,,,,0.989,cents/kg,Italian Safeguard (Value),20
9904.05.95,0406.90.42,Global,Base Rate,,,,0.989,cents/kg,Italian Safeguard (Value),20
9904.05.95,0406.90.68,Global,Base Rate,,,,0.989,cents/kg,Italian Safeguard (Value),20
9904.05.99,0406.10.58,Global,Base Rate,,,,0.326,cents/kg,Italian Safeguard (Value),20
9904.05.99,0406.20.53,Global,Base Rate,,,,0.326,cents/kg,Italian Safeguard (Value),20
9904.05.99,0406.20.79,Global,Base Rate,,,,0.326,cents/kg,Italian Safeguard (Value),20
9904.05.99,0406.30.79,Global,Base Rate,,,,0.326,cents/kg,Italian Safeguard (Value),20
9904.05.99,0406.90.32,Global,Base Rate,,,,0.326,cents/kg,Italian Safeguard (Value),20
9904.05.99,0406.90.37,Global,Base Rate,,,,0.326,cents/kg,Italian Safeguard (Value),20
9904.05.99,0406.90.42,Global,Base Rate,,,,0.326,cents/kg,Italian Safeguard (Value),20
9904.05.99,0406.90.68,Global,Base Rate,,,,0.326,cents/kg,Italian Safeguard (Value),20
9904.06.00,0406.10.58,Global,Base Rate,,,,0.236,cents/kg,Italian Safeguard (Value),20
9904.06.00,0406.20.53,Global,Base Rate,,,,0.236,cents/kg,Italian Safeguard (Value),20
9904.06.00,0406.20.79,Global,Base Rate,,,,0.236,cents/kg,Italian Safeguard (Value),20
9904.06.00,0406.30.79,Global,Base Rate,,,,0.236,cents/kg,Italian Safeguard (Value),20
9904.06.00,0406.90.32,Global,Base Rate,,,,0.236,cents/kg,Italian Safeguard (Value),20
9904.06.00,0406.90.37,Global,Base Rate,,,,0.236,cents/kg,Italian Safeguard (Value),20
9904.06.00,0406.90.42,Global,Base Rate,,,,0.236,cents/kg,Italian Safeguard (Value),20
9904.06.00,0406.90.68,Global,Base Rate,,,,0.236,cents/kg,Italian Safeguard (Value),20
9904.06.01,0406.10.58,Global,Base Rate,,,,0.146,cents/kg,Italian Safeguard (Value),20
9904.06.01,0406.20.53,Global,Base Rate,,,,0.146,cents/kg,Italian Safeguard (Value),20
9904.06.01,0406.20.79,Global,Base Rate,,,,0.146,cents/kg,Italian Safeguard (Value),20
9904.06.01,0406.30.79,Global,Base Rate,,,,0.146,cents/kg,Italian Safeguard (Value),20
9904.06.01,0406.90.32,Global,Base Rate,,,,0.146,cents/kg,Italian Safeguard (Value),20
9904.06.01,0406.90.37,Global,Base Rate,,,,0.146,cents/kg,Italian Safeguard (Value),20
9904.06.01,0406.90.42,Global,Base Rate,,,,0.146,cents/kg,Italian Safeguard (Value),20
9904.06.01,0406.90.68,Global,Base Rate,,,,0.146,cents/kg,Italian Safeguard (Value),20
9904.06.02,0406.10.58,Global,Base Rate,,,,0.086,cents/kg,Italian Safeguard (Value),20
9904.06.02,0406.20.53,Global,Base Rate,,,,0.086,cents/kg,Italian Safeguard (Value),20
9904.06.02,0406.20.79,Global,Base Rate,,,,0.086,cents/kg,Italian Safeguard (Value),20
9904.06.02,0406.30.79,Global,Base Rate,,,,0.086,cents/kg,Italian Safeguard (Value),20
9904.06.02,0406.90.32,Global,Base Rate,,,,0.086,cents/kg,Italian Safeguard (Value),20
9904.06.02,0406.90.37,Global,Base Rate,,,,0.086,cents/kg,Italian Safeguard (Value),20
9904.06.02,0406.90.42,Global,Base Rate,,,,0.086,cents/kg,Italian Safeguard (Value),20
9904.06.02,0406.90.68,Global,Base Rate,,,,0.086,cents/kg,Italian Safeguard (Value),20
9904.06.03,0406.10.58,Global,Base Rate,,,,0.026,cents/kg,Italian Safeguard (Value),20
9904.06.03,0406.20.53,Global,Base Rate,,,,0.026,cents/kg,Italian Safeguard (Value),20
9904.06.03,0406.20.79,Global,Base Rate,,,,0.026,cents/kg,Italian Safeguard (Value),20
9904.06.03,0406.30.79,Global,Base Rate,,,,0.026,cents/kg,Italian Safeguard (Value),20
9904.06.03,0406.90.32,Global,Base Rate,,,,0.026,cents/kg,Italian Safeguard (Value),20
9904.06.03,0406.90.37,Global,Base Rate,,,,0.026,cents/kg,Italian Safeguard (Value),20
9904.06.03,0406.90.42,Global,Base Rate,,,,0.026,cents/kg,Italian Safeguard (Value),20
9904.06.03,0406.90.68,Global,Base Rate,,,,0.026,cents/kg,Italian Safeguard (Value),20
9904.06.04,0406.10.58,Global,Base Rate,,,,,,Italian Safeguard (Value),20
9904.06.04,0406.20.53,Global,Base Rate,,,,,,Italian Safeguard (Value),20
9904.06.04,0406.20.79,Global,Base Rate,,,,,,Italian Safeguard (Value),20
9904.06.04,0406.30.79,Global,Base Rate,,,,,,Italian Safeguard (Value),20
9904.06.04,0406.90.32,Global,Base Rate,,,,,,Italian Safeguard (Value),20
9904.06.04,0406.90.37,Global,Base Rate,,,,,,Italian Safeguard (Value),20
9904.06.04,0406.90.42,Global,Base Rate,,,,,,Italian Safeguard (Value),20
9904.06.04,0406.90.68,Global,Base Rate,,,,,,Italian Safeguard (Value),20
9904.06.06,0406.90.48,Global,Base Rate,,,,0.94,cents/kg,Swiss Safeguard (Eye),20
9904.06.17,0406.90.48,Global,Base Rate,,,,,,Swiss Safeguard (Eye),20
9904.06.19,0406.10.68,Global,Base Rate,,,,0.668,cents/kg,Swiss Safeguard (Other),20
9904.06.19,0406.20.83,Global,Base Rate,,,,0.668,cents/kg,Swiss Safeguard (Other),20
9904.06.19,0406.30.53,Global,Base Rate,,,,0.668,cents/kg,Swiss Safeguard (Other),20
9904.06.19,0406.30.83,Global,Base Rate,,,,0.668,cents/kg,Swiss Safeguard (Other),20
9904.06.19,0406.90.92,Global,Base Rate,,,,0.668,cents/kg,Swiss Safeguard (Other),20
9904.06.27,0406.10.68,Global,Base Rate,,,,,,Swiss Safeguard (Other),20
9904.06.27,0406.20.83,Global,Base Rate,,,,,,Swiss Safeguard (Other),20
9904.06.27,0406.30.53,Global,Base Rate,,,,,,Swiss Safeguard (Other),20
9904.06.27,0406.30.83,Global,Base Rate,,,,,,Swiss Safeguard (Other),20
9904.06.27,0406.90.92,Global,Base Rate,,,,,,Swiss Safeguard (Other),20
9904.06.29,0406.10.78,Global,Base Rate,,,,0.591,cents/kg,Low-fat Safeguard (Value),20
9904.06.29,0406.20.87,Global,Base Rate,,,,0.591,cents/kg,Low-fat Safeguard (Value),20
9904.06.29,0406.30.87,Global,Base Rate,,,,0.591,cents/kg,Low-fat Safeguard (Value),20
9904.06.29,0406.90.94,Global,Base Rate,,,,0.591,cents/kg,Low-fat Safeguard (Value),20
9904.06.29,1901.90.36,Global,Base Rate,,,,0.591,cents/kg,Low-fat Safeguard (Value),20
9904.06.36,0406.10.78,Global,Base Rate,,,,,,Low-fat Safeguard (Value),20
9904.06.36,0406.20.87,Global,Base Rate,,,,,,Low-fat Safeguard (Value),20
9904.06.36,0406.30.87,Global,Base Rate,,,,,,Low-fat Safeguard (Value),20
9904.06.36,0406.90.94,Global,Base Rate,,,,,,Low-fat Safeguard (Value),20
9904.06.36,1901.90.36,Global,Base Rate,,,,,,Low-fat Safeguard (Value),20
9904.06.38,0406.10.08,Global,Base Rate,,,,0.943,cents/kg,General Cheese Safeguard (Value),20
9904.06.38,0406.10.88,Global,Base Rate,,,,0.943,cents/kg,General Cheese Safeguard (Value),20
9904.06.38,0406.20.91,Global,Base Rate,,,,0.943,cents/kg,General Cheese Safeguard (Value),20
9904.06.38,0406.30.91,Global,Base Rate,,,,0.943,cents/kg,General Cheese Safeguard (Value),20
9904.06.38,0406.90.97,Global,Base Rate,,,,0.943,cents/kg,General Cheese Safeguard (Value),20
9904.06.48,0406.10.08,Global,Base Rate,,,,,,General Cheese Safeguard (Value),20
9904.06.48,0406.10.88,Global,Base Rate,,,,,,General Cheese Safeguard (Value),20
9904.06.48,0406.20.91,Global,Base Rate,,,,,,General Cheese Safeguard (Value),20
9904.06.48,0406.30.91,Global,Base Rate,,,,,,General Cheese Safeguard (Value),20
9904.06.48,0406.90.97,Global,Base Rate,,,,,,General Cheese Safeguard (Value),20
9904.12.01,1202.41.80,Global,Base Rate,,,,13.3,,Peanut Safeguard (Value),20
9904.12.02,1202.41.80,Global,Base Rate,,,,9.1,,Peanut Safeguard (Value),20
9904.12.03,1202.41.80,Global,Base Rate,,,,5.8,,Peanut Safeguard (Value),20
9904.12.04,1202.41.80,Global,Base Rate,,,,3.3,,Peanut Safeguard (Value),20
9904.12.05,1202.41.80,Global,Base Rate,,,,1.7,,Peanut Safeguard (Value),20
9904.12.06,1202.41.80,Global,Base Rate,,,,,,Peanut Safeguard (Value),20
9904.12.07,1202.30.80,Global,Base Rate,,,,55.4,,Peanut Safeguard (Value),20
9904.12.07,1202.42.20,Global,Base Rate,,,,55.4,,Peanut Safeguard (Value),20
9904.12.07,1202.42.90,Global,Base Rate,,,,55.4,,Peanut Safeguard (Value),20
9904.12.07,2008.11.61,Global,Base Rate,,,,55.4,,Peanut Safeguard (Value),20
9904.12.08,1202.30.80,Global,Base Rate,,,,46.4,,Peanut Safeguard (Value),20
9904.12.08,1202.42.20,Global,Base Rate,,,,46.4,,Peanut Safeguard (Value),20
9904.12.08,1202.42.90,Global,Base Rate,,,,46.4,,Peanut Safeguard (Value),20
9904.12.08,2008.11.61,Global,Base Rate,,,,46.4,,Peanut Safeguard (Value),20
9904.12.09,1202.30.80,Global,Base Rate,,,,37.4,,Peanut Safeguard (Value),20
9904.12.09,1202.42.20,Global,Base Rate,,,,37.4,,Peanut Safeguard (Value),20
9904.12.09,1202.42.90,Global,Base Rate,,,,37.4,,Peanut Safeguard (Value),20
9904.12.09,2008.11.61,Global,Base Rate,,,,37.4,,Peanut Safeguard (Value),20
9904.12.10,1202.30.80,Global,Base Rate,,,,30.2,,Peanut Safeguard (Value),20
9904.12.10,1202.42.20,Global,Base Rate,,,,30.2,,Peanut Safeguard (Value),20
9904.12.10,1202.42.90,Global,Base Rate,,,,30.2,,Peanut Safeguard (Value),20
9904.12.10,2008.11.61,Global,Base Rate,,,,30.2,,Peanut Safeguard (Value),20
9904.12.11,1202.30.80,Global,Base Rate,,,,23.3,,Peanut Safeguard (Value),20
9904.12.11,1202.42.20,Global,Base Rate,,,,23.3,,Peanut Safeguard (Value),20
9904.12.11,1202.42.90,Global,Base Rate,,,,23.3,,Peanut Safeguard (Value),20
9904.12.11,2008.11.61,Global,Base Rate,,,,23.3,,Peanut Safeguard (Value),20
9904.12.12,1202.30.80,Global,Base Rate,,,,18.3,,Peanut Safeguard (Value),20
9904.12.12,1202.42.20,Global,Base Rate,,,,18.3,,Peanut Safeguard (Value),20
9904.12.12,1202.42.90,Global,Base Rate,,,,18.3,,Peanut Safeguard (Value),20
9904.12.12,2008.11.61,Global,Base Rate,,,,18.3,,Peanut Safeguard (Value),20
9904.12.13,1202.30.80,Global,Base Rate,,,,13.3,,Peanut Safeguard (Value),20
9904.12.13,1202.42.20,Global,Base Rate,,,,13.3,,Peanut Safeguard (Value),20
9904.12.13,1202.42.90,Global,Base Rate,,,,13.3,,Peanut Safeguard (Value),20
9904.12.13,2008.11.61,Global,Base Rate,,,,13.3,,Peanut Safeguard (Value),20
9904.12.14,1202.30.80,Global,Base Rate,,,,9.4,,Peanut Safeguard (Value),20
9904.12.14,1202.42.20,Global,Base Rate,,,,9.4,,Peanut Safeguard (Value),20
9904.12.14,1202.42.90,Global,Base Rate,,,,9.4,,Peanut Safeguard (Value),20
9904.12.14,2008.11.61,Global,Base Rate,,,,9.4,,Peanut Safeguard (Value),20
9904.12.15,1202.30.80,Global,Base Rate,,,,6.4,,Peanut Safeguard (Value),20
9904.12.15,1202.42.20,Global,Base Rate,,,,6.4,,Peanut Safeguard (Value),20
9904.12.15,1202.42.90,Global,Base Rate,,,,6.4,,Peanut Safeguard (Value),20
9904.12.15,2008.11.61,Global,Base Rate,,,,6.4,,Peanut Safeguard (Value),20
9904.12.16,1202.30.80,Global,Base Rate,,,,3.4,,Peanut Safeguard (Value),20
9904.12.16,1202.42.20,Global,Base Rate,,,,3.4,,Peanut Safeguard (Value),20
9904.12.16,1202.42.90,Global,Base Rate,,,,3.4,,Peanut Safeguard (Value),20
9904.12.16,2008.11.61,Global,Base Rate,,,,3.4,,Peanut Safeguard (Value),20
9904.12.17,1202.30.80,Global,Base Rate,,,,,,Peanut Safeguard (Value),20
9904.12.17,1202.42.20,Global,Base Rate,,,,,,Peanut Safeguard (Value),20
9904.12.17,1202.42.90,Global,Base Rate,,,,,,Peanut Safeguard (Value),20
9904.12.17,2008.11.61,Global,Base Rate,,,,,,Peanut Safeguard (Value),20
9904.17.01,1701.13.50,Global,Base Rate,,,,0.129,cents/kg,Sugar Safeguard (Value),20
9904.17.01,1701.14.50,Global,Base Rate,,,,0.129,cents/kg,Sugar Safeguard (Value),20
9904.17.02,1701.13.50,Global,Base Rate,,,,0.087,cents/kg,Sugar Safeguard (Value),20
9904.17.02,1701.14.50,Global,Base Rate,,,,0.087,cents/kg,Sugar Safeguard (Value),20
9904.17.03,1701.13.50,Global,Base Rate,,,,0.055,cents/kg,Sugar Safeguard (Value),20
9904.17.03,1701.14.50,Global,Base Rate,,,,0.055,cents/kg,Sugar Safeguard (Value),20
9904.17.04,1701.13.50,Global,Base Rate,,,,0.03,cents/kg,Sugar Safeguard (Value),20
9904.17.04,1701.14.50,Global,Base Rate,,,,0.03,cents/kg,Sugar Safeguard (Value),20
9904.17.05,1701.13.50,Global,Base Rate,,,,0.015,cents/kg,Sugar Safeguard (Value),20
9904.17.05,1701.14.50,Global,Base Rate,,,,0.015,cents/kg,Sugar Safeguard (Value),20
9904.17.06,1701.13.50,Global,Base Rate,,,,,,Sugar Safeguard (Value),20
9904.17.06,1701.14.50,Global,Base Rate,,,,,,Sugar Safeguard (Value),20
9904.17.08,1701.12.50,Global,Base Rate,,,,0.216,cents/kg,Sugar Safeguard (Value),20
9904.17.08,1701.91.30,Global,Base Rate,,,,0.216,cents/kg,Sugar Safeguard (Value),20
9904.17.08,1701.99.50,Global,Base Rate,,,,0.216,cents/kg,Sugar Safeguard (Value),20
9904.17.08,1702.90.20,Global,Base Rate,,,,0.216,cents/kg,Sugar Safeguard (Value),20
9904.17.08,2106.90.46,Global,Base Rate,,,,0.216,cents/kg,Sugar Safeguard (Value),20
9904.17.15,2106.90.46,Global,Base Rate,,,,0.216,cents/kg,Sugar Safeguard (Value),20
9904.17.17,1806.10.28,Global,Base Rate,,,,0.257,cents/kg,Cocoa Safeguard (Value),20
9904.17.17,1806.10.55,Global,Base Rate,,,,0.257,cents/kg,Cocoa Safeguard (Value),20
9904.17.18,1806.10.28,Global,Base Rate,,,,0.168,cents/kg,Cocoa Safeguard (Value),20
9904.17.18,1806.10.55,Global,Base Rate,,,,0.168,cents/kg,Cocoa Safeguard (Value),20
9904.17.19,1806.10.28,Global,Base Rate,,,,0.101,cents/kg,Cocoa Safeguard (Value),20
9904.17.19,1806.10.55,Global,Base Rate,,,,0.101,cents/kg,Cocoa Safeguard (Value),20
9904.17.20,1806.10.28,Global,Base Rate,,,,0.052,cents/kg,Cocoa Safeguard (Value),20
9904.17.20,1806.10.55,Global,Base Rate,,,,0.052,cents/kg,Cocoa Safeguard (Value),20
9904.17.21,1806.10.28,Global,Base Rate,,,,0.022,cents/kg,Cocoa Safeguard (Value),20
9904.17.21,1806.10.55,Global,Base Rate,,,,0.022,cents/kg,Cocoa Safeguard (Value),20
9904.17.22,1806.10.55,Global,Base Rate,,,,,,Cocoa Safeguard (Value),20
9904.17.23,1901.20.25,Global,Base Rate,,,,0.366,cents/kg,Mixes Safeguard (Value),20
9904.17.23,1901.20.60,Global,Base Rate,,,,0.366,cents/kg,Mixes Safeguard (Value),20
9904.17.30,1901.20.60,Global,Base Rate,,,,,,Mixes Safeguard (Value),20
9904.17.31,1701.91.48,Global,Base Rate,,,,0.207,cents/kg,Sugar Prep (Value),20
9904.17.31,1702.90.68,Global,Base Rate,,,,0.207,cents/kg,Sugar Prep (Value),20
9904.17.31,1704.90.68,Global,Base Rate,,,,0.207,cents/kg,Sugar Prep (Value),20
9904.17.31,1806.20.73,Global,Base Rate,,,,0.207,cents/kg,Sugar Prep (Value),20
9904.17.31,1806.90.49,Global,Base Rate,,,,0.207,cents/kg,Sugar Prep (Value),20
9904.17.31,1901.90.54,Global,Base Rate,,,,0.207,cents/kg,Sugar Prep (Value),20
9904.17.31,2101.12.48,Global,Base Rate,,,,0.207,cents/kg,Sugar Prep (Value),20
9904.17.31,2101.20.48,Global,Base Rate,,,,0.207,cents/kg,Sugar Prep (Value),20
9904.17.31,2106.90.76,Global,Base Rate,,,,0.207,cents/kg,Sugar Prep (Value),20
9904.17.31,2106.90.94,Global,Base Rate,,,,0.207,cents/kg,Sugar Prep (Value),20
9904.17.38,2106.90.94,Global,Base Rate,,,,,,Sugar Prep (Value),20
9904.17.46,2101.20.48,Global,Base Rate,,,,0.102,cents/kg,,20
9904.17.49,1701.91.58,Global,Base Rate,,,,0.207,cents/kg,Other Sugar (Value),20
9904.17.49,1704.90.78,Global,Base Rate,,,,0.207,cents/kg,Other Sugar (Value),20
9904.17.49,1806.20.77,Global,Base Rate,,,,0.207,cents/kg,Other Sugar (Value),20
9904.17.49,1806.20.98,Global,Base Rate,,,,0.207,cents/kg,Other Sugar (Value),20
9904.17.49,1806.90.59,Global,Base Rate,,,,0.207,cents/kg,Other Sugar (Value),20
9904.17.49,1901.10.76,Global,Base Rate,,,,0.207,cents/kg,Other Sugar (Value),20
9904.17.49,1901.90.71,Global,Base Rate,,,,0.207,cents/kg,Other Sugar (Value),20
9904.17.49,2101.12.58,Global,Base Rate,,,,0.207,cents/kg,Other Sugar (Value),20
9904.17.49,2101.20.58,Global,Base Rate,,,,0.207,cents/kg,Other Sugar (Value),20
9904.17.49,2106.90.80,Global,Base Rate,,,,0.207,cents/kg,Other Sugar (Value),20
9904.17.49,2106.90.97,Global,Base Rate,,,,0.207,cents/kg,Other Sugar (Value),20
9904.17.49,3006.93.20,Global,Base Rate,,,,0.207,cents/kg,Other Sugar (Value),20
9904.17.50,1701.91.58,Global,Base Rate,,,,0.162,cents/kg,Other Sugar (Value),20
9904.17.50,1704.90.78,Global,Base Rate,,,,0.162,cents/kg,Other Sugar (Value),20
9904.17.50,1806.20.77,Global,Base Rate,,,,0.162,cents/kg,Other Sugar (Value),20
9904.17.50,1806.20.98,Global,Base Rate,,,,0.162,cents/kg,Other Sugar (Value),20
9904.17.50,1806.90.59,Global,Base Rate,,,,0.162,cents/kg,Other Sugar (Value),20
9904.17.50,1901.10.76,Global,Base Rate,,,,0.162,cents/kg,Other Sugar (Value),20
9904.17.50,1901.90.71,Global,Base Rate,,,,0.162,cents/kg,Other Sugar (Value),20
9904.17.50,2101.12.58,Global,Base Rate,,,,0.162,cents/kg,Other Sugar (Value),20
9904.17.50,2101.20.58,Global,Base Rate,,,,0.162,cents/kg,Other Sugar (Value),20
9904.17.50,2106.90.80,Global,Base Rate,,,,0.162,cents/kg,Other Sugar (Value),20
9904.17.50,2106.90.97,Global,Base Rate,,,,0.162,cents/kg,Other Sugar (Value),20
9904.17.50,3006.93.20,Global,Base Rate,,,,0.162,cents/kg,Other Sugar (Value),20
9904.17.51,1701.91.58,Global,Base Rate,,,,0.122,cents/kg,Sugar Safeguard (Value),20
9904.17.51,1704.90.78,Global,Base Rate,,,,0.122,cents/kg,Sugar Safeguard (Value),20
9904.17.51,1806.20.77,Global,Base Rate,,,,0.122,cents/kg,Sugar Safeguard (Value),20
9904.17.51,1806.20.98,Global,Base Rate,,,,0.122,cents/kg,Sugar Safeguard (Value),20
9904.17.51,1806.90.59,Global,Base Rate,,,,0.122,cents/kg,Sugar Safeguard (Value),20
9904.17.51,1901.10.76,Global,Base Rate,,,,0.122,cents/kg,Sugar Safeguard (Value),20
9904.17.51,1901.90.71,Global,Base Rate,,,,0.122,cents/kg,Sugar Safeguard (Value),20
9904.17.51,2101.12.58,Global,Base Rate,,,,0.122,cents/kg,Sugar Safeguard (Value),20
9904.17.51,2101.20.58,Global,Base Rate,,,,0.122,cents/kg,Sugar Safeguard (Value),20
9904.17.51,2106.90.80,Global,Base Rate,,,,0.122,cents/kg,Sugar Safeguard (Value),20
9904.17.51,2106.90.97,Global,Base Rate,,,,0.122,cents/kg,Sugar Safeguard (Value),20
9904.17.51,3006.93.20,Global,Base Rate,,,,0.122,cents/kg,Sugar Safeguard (Value),20
9904.17.52,1701.91.58,Global,Base Rate,,,,0.089,cents/kg,Sugar Safeguard (Value),20
9904.17.52,1704.90.78,Global,Base Rate,,,,0.089,cents/kg,Sugar Safeguard (Value),20
9904.17.52,1806.20.77,Global,Base Rate,,,,0.089,cents/kg,Sugar Safeguard (Value),20
9904.17.52,1806.20.98,Global,Base Rate,,,,0.089,cents/kg,Sugar Safeguard (Value),20
9904.17.52,1806.90.59,Global,Base Rate,,,,0.089,cents/kg,Sugar Safeguard (Value),20
9904.17.52,1901.10.76,Global,Base Rate,,,,0.089,cents/kg,Sugar Safeguard (Value),20
9904.17.52,1901.90.71,Global,Base Rate,,,,0.089,cents/kg,Sugar Safeguard (Value),20
9904.17.52,2101.12.58,Global,Base Rate,,,,0.089,cents/kg,Sugar Safeguard (Value),20
9904.17.52,2101.20.58,Global,Base Rate,,,,0.089,cents/kg,Sugar Safeguard (Value),20
9904.17.52,2106.90.80,Global,Base Rate,,,,0.089,cents/kg,Sugar Safeguard (Value),20
9904.17.52,2106.90.97,Global,Base Rate,,,,0.089,cents/kg,Sugar Safeguard (Value),20
9904.17.52,3006.93.20,Global,Base Rate,,,,0.089,cents/kg,Sugar Safeguard (Value),20
9904.17.53,1701.91.58,Global,Base Rate,,,,0.064,cents/kg,Sugar Safeguard (Value),20
9904.17.53,1704.90.78,Global,Base Rate,,,,0.064,cents/kg,Sugar Safeguard (Value),20
9904.17.53,1806.20.77,Global,Base Rate,,,,0.064,cents/kg,Sugar Safeguard (Value),20
9904.17.53,1806.20.98,Global,Base Rate,,,,0.064,cents/kg,Sugar Safeguard (Value),20
9904.17.53,1806.90.59,Global,Base Rate,,,,0.064,cents/kg,Sugar Safeguard (Value),20
9904.17.53,1901.10.76,Global,Base Rate,,,,0.064,cents/kg,Sugar Safeguard (Value),20
9904.17.53,1901.90.71,Global,Base Rate,,,,0.064,cents/kg,Sugar Safeguard (Value),20
9904.17.53,2101.12.58,Global,Base Rate,,,,0.064,cents/kg,Sugar Safeguard (Value),20
9904.17.53,2101.20.58,Global,Base Rate,,,,0.064,cents/kg,Sugar Safeguard (Value),20
9904.17.53,2106.90.80,Global,Base Rate,,,,0.064,cents/kg,Sugar Safeguard (Value),20
9904.17.53,2106.90.97,Global,Base Rate,,,,0.064,cents/kg,Sugar Safeguard (Value),20
9904.17.53,3006.93.20,Global,Base Rate,,,,0.064,cents/kg,Sugar Safeguard (Value),20
9904.17.54,1701.91.58,Global,Base Rate,,,,0.041,cents/kg,Sugar Safeguard (Value),20
9904.17.54,1704.90.78,Global,Base Rate,,,,0.041,cents/kg,Sugar Safeguard (Value),20
9904.17.54,1806.20.77,Global,Base Rate,,,,0.041,cents/kg,Sugar Safeguard (Value),20
9904.17.54,1806.20.98,Global,Base Rate,,,,0.041,cents/kg,Sugar Safeguard (Value),20
9904.17.54,1806.90.59,Global,Base Rate,,,,0.041,cents/kg,Sugar Safeguard (Value),20
9904.17.54,1901.10.76,Global,Base Rate,,,,0.041,cents/kg,Sugar Safeguard (Value),20
9904.17.54,1901.90.71,Global,Base Rate,,,,0.041,cents/kg,Sugar Safeguard (Value),20
9904.17.54,2101.12.58,Global,Base Rate,,,,0.041,cents/kg,Sugar Safeguard (Value),20
9904.17.54,2101.20.58,Global,Base Rate,,,,0.041,cents/kg,Sugar Safeguard (Value),20
9904.17.54,2106.90.80,Global,Base Rate,,,,0.041,cents/kg,Sugar Safeguard (Value),20
9904.17.54,2106.90.97,Global,Base Rate,,,,0.041,cents/kg,Sugar Safeguard (Value),20
9904.17.54,3006.93.20,Global,Base Rate,,,,0.041,cents/kg,Sugar Safeguard (Value),20
9904.17.55,1701.91.58,Global,Base Rate,,,,0.026,cents/kg,Sugar Safeguard (Value),20
9904.17.55,1704.90.78,Global,Base Rate,,,,0.026,cents/kg,Sugar Safeguard (Value),20
9904.17.55,1806.20.77,Global,Base Rate,,,,0.026,cents/kg,Sugar Safeguard (Value),20
9904.17.55,1806.20.98,Global,Base Rate,,,,0.026,cents/kg,Sugar Safeguard (Value),20
9904.17.55,1806.90.59,Global,Base Rate,,,,0.026,cents/kg,Sugar Safeguard (Value),20
9904.17.55,1901.10.76,Global,Base Rate,,,,0.026,cents/kg,Sugar Safeguard (Value),20
9904.17.55,1901.90.71,Global,Base Rate,,,,0.026,cents/kg,Sugar Safeguard (Value),20
9904.17.55,2101.12.58,Global,Base Rate,,,,0.026,cents/kg,Sugar Safeguard (Value),20
9904.17.55,2101.20.58,Global,Base Rate,,,,0.026,cents/kg,Sugar Safeguard (Value),20
9904.17.55,2106.90.80,Global,Base Rate,,,,0.026,cents/kg,Sugar Safeguard (Value),20
9904.17.55,2106.90.97,Global,Base Rate,,,,0.026,cents/kg,Sugar Safeguard (Value),20
9904.17.55,3006.93.20,Global,Base Rate,,,,0.026,cents/kg,Sugar Safeguard (Value),20
9904.17.56,1701.91.58,Global,Base Rate,,,,,,Sugar Safeguard (Value),20
9904.17.56,1704.90.78,Global,Base Rate,,,,,,Sugar Safeguard (Value),20
9904.17.56,1806.20.77,Global,Base Rate,,,,,,Sugar Safeguard (Value),20
9904.17.56,1806.20.98,Global,Base Rate,,,,,,Sugar Safeguard (Value),20
9904.17.56,1806.90.59,Global,Base Rate,,,,,,Sugar Safeguard (Value),20
9904.17.56,1901.10.76,Global,Base Rate,,,,,,Sugar Safeguard (Value),20
9904.17.56,1901.90.71,Global,Base Rate,,,,,,Sugar Safeguard (Value),20
9904.17.56,2101.12.58,Global,Base Rate,,,,,,Sugar Safeguard (Value),20
9904.17.56,2101.20.58,Global,Base Rate,,,,,,Sugar Safeguard (Value),20
9904.17.56,2106.90.80,Global,Base Rate,,,,,,Sugar Safeguard (Value),20
9904.17.56,2106.90.97,Global,Base Rate,,,,,,Sugar Safeguard (Value),20
9904.17.56,3006.93.20,Global,Base Rate,,,,,,Sugar Safeguard (Value),20
9904.17.66,1702.20.28,Global,Base Rate,,,,0.181,cents/kg,Syrup Safeguard (Value),20
9904.17.66,1702.30.28,Global,Base Rate,,,,0.181,cents/kg,Syrup Safeguard (Value),20
9904.17.66,1702.40.28,Global,Base Rate,,,,0.181,cents/kg,Syrup Safeguard (Value),20
9904.17.66,1702.60.28,Global,Base Rate,,,,0.181,cents/kg,Syrup Safeguard (Value),20
9904.17.66,1702.90.58,Global,Base Rate,,,,0.181,cents/kg,Syrup Safeguard (Value),20
9904.17.66,1806.20.94,Global,Base Rate,,,,0.181,cents/kg,Syrup Safeguard (Value),20
9904.17.66,1806.90.39,Global,Base Rate,,,,0.181,cents/kg,Syrup Safeguard (Value),20
9904.17.66,2101.12.38,Global,Base Rate,,,,0.181,cents/kg,Syrup Safeguard (Value),20
9904.17.66,2101.20.38,Global,Base Rate,,,,0.181,cents/kg,Syrup Safeguard (Value),20
9904.17.66,2106.90.72,Global,Base Rate,,,,0.181,cents/kg,Syrup Safeguard (Value),20
9904.17.66,2106.90.91,Global,Base Rate,,,,0.181,cents/kg,Syrup Safeguard (Value),20
9904.17.67,1702.20.28,Global,Base Rate,,,,0.136,cents/kg,Syrup Safeguard (Value),20
9904.17.67,1702.30.28,Global,Base Rate,,,,0.136,cents/kg,Syrup Safeguard (Value),20
9904.17.67,1702.40.28,Global,Base Rate,,,,0.136,cents/kg,Syrup Safeguard (Value),20
9904.17.67,1702.60.28,Global,Base Rate,,,,0.136,cents/kg,Syrup Safeguard (Value),20
9904.17.67,1702.90.58,Global,Base Rate,,,,0.136,cents/kg,Syrup Safeguard (Value),20
9904.17.67,1806.20.94,Global,Base Rate,,,,0.136,cents/kg,Syrup Safeguard (Value),20
9904.17.67,1806.90.39,Global,Base Rate,,,,0.136,cents/kg,Syrup Safeguard (Value),20
9904.17.67,2101.12.38,Global,Base Rate,,,,0.136,cents/kg,Syrup Safeguard (Value),20
9904.17.67,2101.20.38,Global,Base Rate,,,,0.136,cents/kg,Syrup Safeguard (Value),20
9904.17.67,2106.90.72,Global,Base Rate,,,,0.136,cents/kg,Syrup Safeguard (Value),20
9904.17.67,2106.90.91,Global,Base Rate,,,,0.136,cents/kg,Syrup Safeguard (Value),20
9904.17.68,1702.20.28,Global,Base Rate,,,,0.099,cents/kg,Syrup Safeguard (Value),20
9904.17.68,1702.30.28,Global,Base Rate,,,,0.099,cents/kg,Syrup Safeguard (Value),20
9904.17.68,1702.40.28,Global,Base Rate,,,,0.099,cents/kg,Syrup Safeguard (Value),20
9904.17.68,1702.60.28,Global,Base Rate,,,,0.099,cents/kg,Syrup Safeguard (Value),20
9904.17.68,1702.90.58,Global,Base Rate,,,,0.099,cents/kg,Syrup Safeguard (Value),20
9904.17.68,1806.20.94,Global,Base Rate,,,,0.099,cents/kg,Syrup Safeguard (Value),20
9904.17.68,1806.90.39,Global,Base Rate,,,,0.099,cents/kg,Syrup Safeguard (Value),20
9904.17.68,2101.12.38,Global,Base Rate,,,,0.099,cents/kg,Syrup Safeguard (Value),20
9904.17.68,2101.20.38,Global,Base Rate,,,,0.099,cents/kg,Syrup Safeguard (Value),20
9904.17.68,2106.90.72,Global,Base Rate,,,,0.099,cents/kg,Syrup Safeguard (Value),20
9904.17.68,2106.90.91,Global,Base Rate,,,,0.099,cents/kg,Syrup Safeguard (Value),20
9904.17.69,1702.20.28,Global,Base Rate,,,,0.07,cents/kg,Syrup Safeguard (Value),20
9904.17.69,1702.30.28,Global,Base Rate,,,,0.07,cents/kg,Syrup Safeguard (Value),20
9904.17.69,1702.40.28,Global,Base Rate,,,,0.07,cents/kg,Syrup Safeguard (Value),20
9904.17.69,1702.60.28,Global,Base Rate,,,,0.07,cents/kg,Syrup Safeguard (Value),20
9904.17.69,1702.90.58,Global,Base Rate,,,,0.07,cents/kg,Syrup Safeguard (Value),20
9904.17.69,1806.20.94,Global,Base Rate,,,,0.07,cents/kg,Syrup Safeguard (Value),20
9904.17.69,1806.90.39,Global,Base Rate,,,,0.07,cents/kg,Syrup Safeguard (Value),20
9904.17.69,2101.12.38,Global,Base Rate,,,,0.07,cents/kg,Syrup Safeguard (Value),20
9904.17.69,2101.20.38,Global,Base Rate,,,,0.07,cents/kg,Syrup Safeguard (Value),20
9904.17.69,2106.90.72,Global,Base Rate,,,,0.07,cents/kg,Syrup Safeguard (Value),20
9904.17.69,2106.90.91,Global,Base Rate,,,,0.07,cents/kg,Syrup Safeguard (Value),20
9904.17.70,1702.20.28,Global,Base Rate,,,,0.045,cents/kg,Syrup Safeguard (Value),20
9904.17.70,1702.30.28,Global,Base Rate,,,,0.045,cents/kg,Syrup Safeguard (Value),20
9904.17.70,1702.40.28,Global,Base Rate,,,,0.045,cents/kg,Syrup Safeguard (Value),20
9904.17.70,1702.60.28,Global,Base Rate,,,,0.045,cents/kg,Syrup Safeguard (Value),20
9904.17.70,1702.90.58,Global,Base Rate,,,,0.045,cents/kg,Syrup Safeguard (Value),20
9904.17.70,1806.20.94,Global,Base Rate,,,,0.045,cents/kg,Syrup Safeguard (Value),20
9904.17.70,1806.90.39,Global,Base Rate,,,,0.045,cents/kg,Syrup Safeguard (Value),20
9904.17.70,2101.12.38,Global,Base Rate,,,,0.045,cents/kg,Syrup Safeguard (Value),20
9904.17.70,2101.20.38,Global,Base Rate,,,,0.045,cents/kg,Syrup Safeguard (Value),20
9904.17.70,2106.90.72,Global,Base Rate,,,,0.045,cents/kg,Syrup Safeguard (Value),20
9904.17.70,2106.90.91,Global,Base Rate,,,,0.045,cents/kg,Syrup Safeguard (Value),20
9904.17.71,1702.20.28,Global,Base Rate,,,,0.027,cents/kg,Syrup Safeguard (Value),20
9904.17.71,1702.30.28,Global,Base Rate,,,,0.027,cents/kg,Syrup Safeguard (Value),20
9904.17.71,1702.40.28,Global,Base Rate,,,,0.027,cents/kg,Syrup Safeguard (Value),20
9904.17.71,1702.60.28,Global,Base Rate,,,,0.027,cents/kg,Syrup Safeguard (Value),20
9904.17.71,1702.90.58,Global,Base Rate,,,,0.027,cents/kg,Syrup Safeguard (Value),20
9904.17.71,1806.20.94,Global,Base Rate,,,,0.027,cents/kg,Syrup Safeguard (Value),20
9904.17.71,1806.90.39,Global,Base Rate,,,,0.027,cents/kg,Syrup Safeguard (Value),20
9904.17.71,2101.12.38,Global,Base Rate,,,,0.027,cents/kg,Syrup Safeguard (Value),20
9904.17.71,2101.20.38,Global,Base Rate,,,,0.027,cents/kg,Syrup Safeguard (Value),20
9904.17.71,2106.90.72,Global,Base Rate,,,,0.027,cents/kg,Syrup Safeguard (Value),20
9904.17.71,2106.90.91,Global,Base Rate,,,,0.027,cents/kg,Syrup Safeguard (Value),20
9904.17.72,1702.20.28,Global,Base Rate,,,,,,Syrup Safeguard (Value),20
9904.17.72,1702.30.28,Global,Base Rate,,,,,,Syrup Safeguard (Value),20
9904.17.72,1702.40.28,Global,Base Rate,,,,,,Syrup Safeguard (Value),20
9904.17.72,1702.60.28,Global,Base Rate,,,,,,Syrup Safeguard (Value),20
9904.17.72,1702.90.58,Global,Base Rate,,,,,,Syrup Safeguard (Value),20
9904.17.72,1806.20.94,Global,Base Rate,,,,,,Syrup Safeguard (Value),20
9904.17.72,1806.90.39,Global,Base Rate,,,,,,Syrup Safeguard (Value),20
9904.17.72,2101.12.38,Global,Base Rate,,,,,,Syrup Safeguard (Value),20
9904.17.72,2101.20.38,Global,Base Rate,,,,,,Syrup Safeguard (Value),20
9904.17.72,2106.90.72,Global,Base Rate,,,,,,Syrup Safeguard (Value),20
9904.17.72,2106.90.91,Global,Base Rate,,,,,,Syrup Safeguard (Value),20
9904.18.01,1806.10.15,Global,Base Rate,,,,0.257,cents/kg,Cocoa Safeguard (Value),20
9904.18.01,1806.10.38,Global,Base Rate,,,,0.257,cents/kg,Cocoa Safeguard (Value),20
9904.18.01,1806.10.75,Global,Base Rate,,,,0.257,cents/kg,Cocoa Safeguard (Value),20
9904.18.02,1806.10.15,Global,Base Rate,,,,0.168,cents/kg,Cocoa Safeguard (Value),20
9904.18.02,1806.10.38,Global,Base Rate,,,,0.168,cents/kg,Cocoa Safeguard (Value),20
9904.18.02,1806.10.75,Global,Base Rate,,,,0.168,cents/kg,Cocoa Safeguard (Value),20
9904.18.03,1806.10.15,Global,Base Rate,,,,0.101,cents/kg,Cocoa Safeguard (Value),20
9904.18.03,1806.10.38,Global,Base Rate,,,,0.101,cents/kg,Cocoa Safeguard (Value),20
9904.18.03,1806.10.75,Global,Base Rate,,,,0.101,cents/kg,Cocoa Safeguard (Value),20
9904.18.04,1806.10.15,Global,Base Rate,,,,0.052,cents/kg,Cocoa Safeguard (Value),20
9904.18.04,1806.10.38,Global,Base Rate,,,,0.052,cents/kg,Cocoa Safeguard (Value),20
9904.18.04,1806.10.75,Global,Base Rate,,,,0.052,cents/kg,Cocoa Safeguard (Value),20
9904.18.05,1806.10.15,Global,Base Rate,,,,0.022,cents/kg,Cocoa Safeguard (Value),20
9904.18.05,1806.10.38,Global,Base Rate,,,,0.022,cents/kg,Cocoa Safeguard (Value),20
9904.18.05,1806.10.75,Global,Base Rate,,,,0.022,cents/kg,Cocoa Safeguard (Value),20
9904.18.06,1806.10.15,Global,Base Rate,,,,,,Cocoa Safeguard (Value),20
9904.18.06,1806.10.38,Global,Base Rate,,,,,,Cocoa Safeguard (Value),20
9904.18.06,1806.10.75,Global,Base Rate,,,,,,Cocoa Safeguard (Value),20
9904.18.09,1806.20.26,Global,Base Rate,,,,0.463,cents/kg,Chocolate Safeguard (Value),20
9904.18.09,1806.20.28,Global,Base Rate,,,,0.463,cents/kg,Chocolate Safeguard (Value),20
9904.18.09,1806.32.06,Global,Base Rate,,,,0.463,cents/kg,Chocolate Safeguard (Value),20
9904.18.09,1806.32.08,Global,Base Rate,,,,0.463,cents/kg,Chocolate Safeguard (Value),20
9904.18.09,1806.90.18,Global,Base Rate,,,,0.463,cents/kg,Chocolate Safeguard (Value),20
9904.18.09,1806.90.20,Global,Base Rate,,,,0.463,cents/kg,Chocolate Safeguard (Value),20
9904.18.10,1806.20.26,Global,Base Rate,,,,0.301,cents/kg,Chocolate Safeguard (Value),20
9904.18.10,1806.20.28,Global,Base Rate,,,,0.301,cents/kg,Chocolate Safeguard (Value),20
9904.18.10,1806.32.06,Global,Base Rate,,,,0.301,cents/kg,Chocolate Safeguard (Value),20
9904.18.10,1806.32.08,Global,Base Rate,,,,0.301,cents/kg,Chocolate Safeguard (Value),20
9904.18.10,1806.90.18,Global,Base Rate,,,,0.301,cents/kg,Chocolate Safeguard (Value),20
9904.18.10,1806.90.20,Global,Base Rate,,,,0.301,cents/kg,Chocolate Safeguard (Value),20
9904.18.11,1806.20.26,Global,Base Rate,,,,0.182,cents/kg,Chocolate Safeguard (Value),20
9904.18.11,1806.20.28,Global,Base Rate,,,,0.182,cents/kg,Chocolate Safeguard (Value),20
9904.18.11,1806.32.06,Global,Base Rate,,,,0.182,cents/kg,Chocolate Safeguard (Value),20
9904.18.11,1806.32.08,Global,Base Rate,,,,0.182,cents/kg,Chocolate Safeguard (Value),20
9904.18.11,1806.90.18,Global,Base Rate,,,,0.182,cents/kg,Chocolate Safeguard (Value),20
9904.18.11,1806.90.20,Global,Base Rate,,,,0.182,cents/kg,Chocolate Safeguard (Value),20
9904.18.12,1806.20.26,Global,Base Rate,,,,0.094,cents/kg,Chocolate Safeguard (Value),20
9904.18.12,1806.20.28,Global,Base Rate,,,,0.094,cents/kg,Chocolate Safeguard (Value),20
9904.18.12,1806.32.06,Global,Base Rate,,,,0.094,cents/kg,Chocolate Safeguard (Value),20
9904.18.12,1806.32.08,Global,Base Rate,,,,0.094,cents/kg,Chocolate Safeguard (Value),20
9904.18.12,1806.90.18,Global,Base Rate,,,,0.094,cents/kg,Chocolate Safeguard (Value),20
9904.18.12,1806.90.20,Global,Base Rate,,,,0.094,cents/kg,Chocolate Safeguard (Value),20
9904.18.13,1806.20.26,Global,Base Rate,,,,0.034,cents/kg,Chocolate Safeguard (Value),20
9904.18.13,1806.20.28,Global,Base Rate,,,,0.034,cents/kg,Chocolate Safeguard (Value),20
9904.18.13,1806.32.06,Global,Base Rate,,,,0.034,cents/kg,Chocolate Safeguard (Value),20
9904.18.13,1806.32.08,Global,Base Rate,,,,0.034,cents/kg,Chocolate Safeguard (Value),20
9904.18.13,1806.90.18,Global,Base Rate,,,,0.034,cents/kg,Chocolate Safeguard (Value),20
9904.18.13,1806.90.20,Global,Base Rate,,,,0.034,cents/kg,Chocolate Safeguard (Value),20
9904.18.14,1806.20.26,Global,Base Rate,,,,,,Chocolate Safeguard (Value),20
9904.18.14,1806.20.28,Global,Base Rate,,,,,,Chocolate Safeguard (Value),20
9904.18.14,1806.32.06,Global,Base Rate,,,,,,Chocolate Safeguard (Value),20
9904.18.14,1806.32.08,Global,Base Rate,,,,,,Chocolate Safeguard (Value),20
9904.18.14,1806.90.18,Global,Base Rate,,,,,,Chocolate Safeguard (Value),20
9904.18.14,1806.90.20,Global,Base Rate,,,,,,Chocolate Safeguard (Value),20
9904.18.19,1806.20.36,Global,Base Rate,,,,0.488,cents/kg,Low-fat Chocolate (Value),20
9904.18.19,1806.20.38,Global,Base Rate,,,,0.488,cents/kg,Low-fat Chocolate (Value),20
9904.18.19,1806.20.87,Global,Base Rate,,,,0.488,cents/kg,Low-fat Chocolate (Value),20
9904.18.19,1806.20.89,Global,Base Rate,,,,0.488,cents/kg,Low-fat Chocolate (Value),20
9904.18.19,1806.32.16,Global,Base Rate,,,,0.488,cents/kg,Low-fat Chocolate (Value),20
9904.18.19,1806.32.18,Global,Base Rate,,,,0.488,cents/kg,Low-fat Chocolate (Value),20
9904.18.19,1806.90.28,Global,Base Rate,,,,0.488,cents/kg,Low-fat Chocolate (Value),20
9904.18.19,1806.90.30,Global,Base Rate,,,,0.488,cents/kg,Low-fat Chocolate (Value),20
9904.18.20,1806.20.36,Global,Base Rate,,,,0.324,cents/kg,Low-fat Chocolate (Value),20
9904.18.20,1806.20.38,Global,Base Rate,,,,0.324,cents/kg,Low-fat Chocolate (Value),20
9904.18.20,1806.20.87,Global,Base Rate,,,,0.324,cents/kg,Low-fat Chocolate (Value),20
9904.18.20,1806.20.89,Global,Base Rate,,,,0.324,cents/kg,Low-fat Chocolate (Value),20
9904.18.20,1806.32.16,Global,Base Rate,,,,0.324,cents/kg,Low-fat Chocolate (Value),20
9904.18.20,1806.32.18,Global,Base Rate,,,,0.324,cents/kg,Low-fat Chocolate (Value),20
9904.18.20,1806.90.28,Global,Base Rate,,,,0.324,cents/kg,Low-fat Chocolate (Value),20
9904.18.20,1806.90.30,Global,Base Rate,,,,0.324,cents/kg,Low-fat Chocolate (Value),20
9904.18.21,1806.20.36,Global,Base Rate,,,,0.201,cents/kg,Low-fat Chocolate (Value),20
9904.18.21,1806.20.38,Global,Base Rate,,,,0.201,cents/kg,Low-fat Chocolate (Value),20
9904.18.21,1806.20.87,Global,Base Rate,,,,0.201,cents/kg,Low-fat Chocolate (Value),20
9904.18.21,1806.20.89,Global,Base Rate,,,,0.201,cents/kg,Low-fat Chocolate (Value),20
9904.18.21,1806.32.16,Global,Base Rate,,,,0.201,cents/kg,Low-fat Chocolate (Value),20
9904.18.21,1806.32.18,Global,Base Rate,,,,0.201,cents/kg,Low-fat Chocolate (Value),20
9904.18.21,1806.90.28,Global,Base Rate,,,,0.201,cents/kg,Low-fat Chocolate (Value),20
9904.18.21,1806.90.30,Global,Base Rate,,,,0.201,cents/kg,Low-fat Chocolate (Value),20
9904.18.22,1806.20.36,Global,Base Rate,,,,0.107,cents/kg,Low-fat Chocolate (Value),20
9904.18.22,1806.20.38,Global,Base Rate,,,,0.107,cents/kg,Low-fat Chocolate (Value),20
9904.18.22,1806.20.87,Global,Base Rate,,,,0.107,cents/kg,Low-fat Chocolate (Value),20
9904.18.22,1806.20.89,Global,Base Rate,,,,0.107,cents/kg,Low-fat Chocolate (Value),20
9904.18.22,1806.32.16,Global,Base Rate,,,,0.107,cents/kg,Low-fat Chocolate (Value),20
9904.18.22,1806.32.18,Global,Base Rate,,,,0.107,cents/kg,Low-fat Chocolate (Value),20
9904.18.22,1806.90.28,Global,Base Rate,,,,0.107,cents/kg,Low-fat Chocolate (Value),20
9904.18.22,1806.90.30,Global,Base Rate,,,,0.107,cents/kg,Low-fat Chocolate (Value),20
9904.18.23,1806.20.36,Global,Base Rate,,,,0.047,cents/kg,Low-fat Chocolate (Value),20
9904.18.23,1806.20.38,Global,Base Rate,,,,0.047,cents/kg,Low-fat Chocolate (Value),20
9904.18.23,1806.20.87,Global,Base Rate,,,,0.047,cents/kg,Low-fat Chocolate (Value),20
9904.18.23,1806.20.89,Global,Base Rate,,,,0.047,cents/kg,Low-fat Chocolate (Value),20
9904.18.23,1806.32.16,Global,Base Rate,,,,0.047,cents/kg,Low-fat Chocolate (Value),20
9904.18.23,1806.32.18,Global,Base Rate,,,,0.047,cents/kg,Low-fat Chocolate (Value),20
9904.18.23,1806.90.28,Global,Base Rate,,,,0.047,cents/kg,Low-fat Chocolate (Value),20
9904.18.23,1806.90.30,Global,Base Rate,,,,0.047,cents/kg,Low-fat Chocolate (Value),20
9904.18.24,1806.20.36,Global,Base Rate,,,,,,Low-fat Chocolate (Value),20
9904.18.24,1806.20.38,Global,Base Rate,,,,,,Low-fat Chocolate (Value),20
9904.18.24,1806.20.87,Global,Base Rate,,,,,,Low-fat Chocolate (Value),20
9904.18.24,1806.20.89,Global,Base Rate,,,,,,Low-fat Chocolate (Value),20
9904.18.24,1806.32.16,Global,Base Rate,,,,,,Low-fat Chocolate (Value),20
9904.18.24,1806.32.18,Global,Base Rate,,,,,,Low-fat Chocolate (Value),20
9904.18.24,1806.90.28,Global,Base Rate,,,,,,Low-fat Chocolate (Value),20
9904.18.24,1806.90.30,Global,Base Rate,,,,,,Low-fat Chocolate (Value),20
9904.18.25,1806.20.36,Global,Base Rate,,,0.014,0.124,cents/kg,Low-fat Chocolate (Value),20
9904.18.25,1806.32.16,Global,Base Rate,,,0.014,0.124,cents/kg,Low-fat Chocolate (Value),20
9904.18.26,1806.20.38,Global,Base Rate,,,0.014,0.176,cents/kg,Low-fat Chocolate (Value),20
9904.18.26,1806.32.18,Global,Base Rate,,,0.014,0.176,cents/kg,Low-fat Chocolate (Value),20
9904.18.27,1806.20.87,Global,Base Rate,,,0.028,0.124,cents/kg,Low-fat Chocolate (Value),20
9904.18.28,1806.20.89,Global,Base Rate,,,0.028,0.176,cents/kg,Low-fat Chocolate (Value),20
9904.18.29,1806.90.28,Global,Base Rate,,,0.02,0.124,cents/kg,Low-fat Chocolate (Value),20
9904.18.30,1806.90.30,Global,Base Rate,,,0.02,0.176,cents/kg,Low-fat Chocolate (Value),20
9904.19.01,1901.10.16,Global,Base Rate,,,,0.784,cents/kg,Infant Formula Safeguard (Value),20
9904.19.01,1901.10.36,Global,Base Rate,,,,0.784,cents/kg,Infant Formula Safeguard (Value),20
9904.19.02,1901.10.16,Global,Base Rate,,,,0.642,cents/kg,Infant Formula Safeguard (Value),20
9904.19.02,1901.10.36,Global,Base Rate,,,,0.642,cents/kg,Infant Formula Safeguard (Value),20
9904.19.03,1901.10.16,Global,Base Rate,,,,0.502,cents/kg,Infant Formula Safeguard (Value),20
9904.19.03,1901.10.36,Global,Base Rate,,,,0.502,cents/kg,Infant Formula Safeguard (Value),20
9904.19.04,1901.10.16,Global,Base Rate,,,,0.402,cents/kg,Infant Formula Safeguard (Value),20
9904.19.04,1901.10.36,Global,Base Rate,,,,0.402,cents/kg,Infant Formula Safeguard (Value),20
9904.19.05,1901.10.16,Global,Base Rate,,,,0.252,cents/kg,Infant Formula Safeguard (Value),20
9904.19.05,1901.10.36,Global,Base Rate,,,,0.252,cents/kg,Infant Formula Safeguard (Value),20
9904.19.06,1901.10.16,Global,Base Rate,,,,0.156,cents/kg,Infant Formula Safeguard (Value),20
9904.19.06,1901.10.36,Global,Base Rate,,,,0.156,cents/kg,Infant Formula Safeguard (Value),20
9904.19.07,1901.10.16,Global,Base Rate,,,,0.096,cents/kg,Infant Formula Safeguard (Value),20
9904.19.07,1901.10.36,Global,Base Rate,,,,0.096,cents/kg,Infant Formula Safeguard (Value),20
9904.19.08,1901.10.16,Global,Base Rate,,,,0.036,cents/kg,Infant Formula Safeguard (Value),20
9904.19.08,1901.10.36,Global,Base Rate,,,,0.036,cents/kg,Infant Formula Safeguard (Value),20
9904.19.09,1901.10.16,Global,Base Rate,,,,,,Infant Formula Safeguard (Value),20
9904.19.09,1901.10.36,Global,Base Rate,,,,,,Infant Formula Safeguard (Value),20
9904.19.11,1901.20.35,Global,Base Rate,,,,0.366,cents/kg,Mixes and Doughs Safeguard (Value),20
9904.19.11,1901.20.70,Global,Base Rate,,,,0.366,cents/kg,Mixes and Doughs Safeguard (Value),20
9904.19.12,1901.20.35,Global,Base Rate,,,,0.276,cents/kg,Mixes and Doughs Safeguard (Value),20
9904.19.12,1901.20.70,Global,Base Rate,,,,0.276,cents/kg,Mixes and Doughs Safeguard (Value),20
9904.19.13,1901.20.35,Global,Base Rate,,,,0.202,cents/kg,Mixes and Doughs Safeguard (Value),20
9904.19.13,1901.20.70,Global,Base Rate,,,,0.202,cents/kg,Mixes and Doughs Safeguard (Value),20
9904.19.14,1901.20.35,Global,Base Rate,,,,0.142,cents/kg,Mixes and Doughs Safeguard (Value),20
9904.19.14,1901.20.70,Global,Base Rate,,,,0.142,cents/kg,Mixes and Doughs Safeguard (Value),20
9904.19.15,1901.20.35,Global,Base Rate,,,,0.092,cents/kg,Mixes and Doughs Safeguard (Value),20
9904.19.15,1901.20.70,Global,Base Rate,,,,0.092,cents/kg,Mixes and Doughs Safeguard (Value),20
9904.19.16,1901.20.35,Global,Base Rate,,,,0.057,cents/kg,Mixes and Doughs Safeguard (Value),20
9904.19.16,1901.20.70,Global,Base Rate,,,,0.057,cents/kg,Mixes and Doughs Safeguard (Value),20
9904.19.17,1901.20.35,Global,Base Rate,,,,0.027,cents/kg,Mixes and Doughs Safeguard (Value),20
9904.19.17,1901.20.70,Global,Base Rate,,,,0.027,cents/kg,Mixes and Doughs Safeguard (Value),20
9904.19.18,1901.20.35,Global,Base Rate,,,,,,Mixes and Doughs Safeguard (Value),20
9904.19.18,1901.20.70,Global,Base Rate,,,,,,Mixes and Doughs Safeguard (Value),20
9904.20.01,2008.11.15,Global,Base Rate,,,,0.434,cents/kg,Peanut Butter Safeguard (Value),20
9904.20.02,2008.11.15,Global,Base Rate,,,,0.344,cents/kg,Peanut Butter Safeguard (Value),20
9904.20.03,2008.11.15,Global,Base Rate,,,,0.258,cents/kg,Peanut Butter Safeguard (Value),20
9904.20.04,2008.11.15,Global,Base Rate,,,,0.188,cents/kg,Peanut Butter Safeguard (Value),20
9904.20.05,2008.11.15,Global,Base Rate,,,,0.134,cents/kg,Peanut Butter Safeguard (Value),20
9904.20.06,2008.11.15,Global,Base Rate,,,,0.084,cents/kg,Peanut Butter Safeguard (Value),20
9904.20.07,2008.11.15,Global,Base Rate,,,,0.054,cents/kg,Peanut Butter Safeguard (Value),20
9904.20.08,2008.11.15,Global,Base Rate,,,,0.024,cents/kg,Peanut Butter Safeguard (Value),20
9904.20.09,2008.11.15,Global,Base Rate,,,,,,Peanut Butter Safeguard (Value),20
9904.21.01,2103.90.78,Global,Base Rate,,,,0.207,cents/kg,Condiment Safeguard (Value),20
9904.21.02,2103.90.78,Global,Base Rate,,,,0.162,cents/kg,Condiment Safeguard (Value),20
9904.21.03,2103.90.78,Global,Base Rate,,,,0.122,cents/kg,Condiment Safeguard (Value),20
9904.21.04,2103.90.78,Global,Base Rate,,,,0.089,cents/kg,Condiment Safeguard (Value),20
9904.21.05,2103.90.78,Global,Base Rate,,,,0.064,cents/kg,Condiment Safeguard (Value),20
9904.21.06,2103.90.78,Global,Base Rate,,,,0.041,cents/kg,Condiment Safeguard (Value),20
9904.21.07,2103.90.78,Global,Base Rate,,,,0.026,cents/kg,Condiment Safeguard (Value),20
9904.21.08,2103.90.78,Global,Base Rate,,,,,,Condiment Safeguard (Value),20
9904.21.10,2105.00.20,Global,Base Rate,,,,0.323,cents/liter,Ice Cream Safeguard (Value),20
9904.21.11,2105.00.20,Global,Base Rate,,,,0.245,cents/liter,Ice Cream Safeguard (Value),20
9904.21.12,2105.00.20,Global,Base Rate,,,,0.178,cents/liter,Ice Cream Safeguard (Value),20
9904.21.13,2105.00.20,Global,Base Rate,,,,0.128,cents/liter,Ice Cream Safeguard (Value),20
9904.21.14,2105.00.20,Global,Base Rate,,,,0.082,cents/liter,Ice Cream Safeguard (Value),20
9904.21.15,2105.00.20,Global,Base Rate,,,,0.052,cents/liter,Ice Cream Safeguard (Value),20
9904.21.16,2105.00.20,Global,Base Rate,,,,0.022,cents/liter,Ice Cream Safeguard (Value),20
9904.21.17,2105.00.20,Global,Base Rate,,,,,,Ice Cream Safeguard (Value),20
9904.23.01,2309.90.28,Global,Base Rate,,,,0.278,cents/liter,Animal Feed Safeguard (Value),20
9904.23.01,2309.90.48,Global,Base Rate,,,,0.278,cents/liter,Animal Feed Safeguard (Value),20
9904.23.02,2309.90.28,Global,Base Rate,,,,0.208,cents/liter,Animal Feed Safeguard (Value),20
9904.23.02,2309.90.48,Global,Base Rate,,,,0.208,cents/liter,Animal Feed Safeguard (Value),20
9904.23.03,2309.90.28,Global,Base Rate,,,,0.151,cents/liter,Animal Feed Safeguard (Value),20
9904.23.03,2309.90.48,Global,Base Rate,,,,0.151,cents/liter,Animal Feed Safeguard (Value),20
9904.23.04,2309.90.28,Global,Base Rate,,,,0.101,cents/liter,Animal Feed Safeguard (Value),20
9904.23.04,2309.90.48,Global,Base Rate,,,,0.101,cents/liter,Animal Feed Safeguard (Value),20
9904.23.05,2309.90.28,Global,Base Rate,,,,0.078,cents/liter,Animal Feed Safeguard (Value),20
9904.23.05,2309.90.48,Global,Base Rate,,,,0.078,cents/liter,Animal Feed Safeguard (Value),20
9904.23.06,2309.90.28,Global,Base Rate,,,,0.051,cents/liter,Animal Feed Safeguard (Value),20
9904.23.06,2309.90.48,Global,Base Rate,,,,0.051,cents/liter,Animal Feed Safeguard (Value),20
9904.23.07,2309.90.28,Global,Base Rate,,,,0.023,cents/liter,Animal Feed Safeguard (Value),20
9904.23.07,2309.90.48,Global,Base Rate,,,,0.023,cents/liter,Animal Feed Safeguard (Value),20
9904.23.08,2309.90.28,Global,Base Rate,,,,,,Animal Feed Safeguard (Value),20
9904.23.08,2309.90.48,Global,Base Rate,,,,,,Animal Feed Safeguard (Value),20
9904.52.01,5201.00.18,Global,Base Rate,,,,0.515,cents/kg,Cotton Safeguard (Value),20
9904.52.02,5201.00.18,Global,Base Rate,,,,0.366,cents/kg,Cotton Safeguard (Value),20
9904.52.03,5201.00.18,Global,Base Rate,,,,0.248,cents/kg,Cotton Safeguard (Value),20
9904.52.04,5201.00.18,Global,Base Rate,,,,0.148,cents/kg,Cotton Safeguard (Value),20
9904.52.05,5201.00.18,Global,Base Rate,,,,0.086,cents/kg,Cotton Safeguard (Value),20
9904.52.06,5201.00.18,Global,Base Rate,,,,0.056,cents/kg,Cotton Safeguard (Value),20
9904.52.07,5201.00.18,Global,Base Rate,,,,0.026,cents/kg,Cotton Safeguard (Value),20
9904.52.08,5201.00.18,Global,Base Rate,,,,,,Cotton Safeguard (Value),20
9904.52.10,5201.00.28,Global,Base Rate,,,,0.491,cents/kg,Cotton Safeguard (Value),20
9904.52.11,5201.00.28,Global,Base Rate,,,,0.315,cents/kg,Cotton Safeguard (Value),20
9904.52.12,5201.00.28,Global,Base Rate,,,,0.186,cents/kg,Cotton Safeguard (Value),20
9904.52.13,5201.00.28,Global,Base Rate,,,,0.092,cents/kg,Cotton Safeguard (Value),20
9904.52.14,5201.00.28,Global,Base Rate,,,,0.032,cents/kg,Cotton Safeguard (Value),20
9904.52.15,5201.00.28,Global,Base Rate,,,,,,Cotton Safeguard (Value),20
9904.52.17,5201.00.38,Global,Base Rate,,,,0.442,cents/kg,Cotton Safeguard (Value),20
9904.52.18,5201.00.38,Global,Base Rate,,,,0.283,cents/kg,Cotton Safeguard (Value),20
9904.52.19,5201.00.38,Global,Base Rate,,,,0.167,cents/kg,Cotton Safeguard (Value),20
9904.52.20,5201.00.38,Global,Base Rate,,,,0.083,cents/kg,Cotton Safeguard (Value),20
9904.52.21,5201.00.38,Global,Base Rate,,,,0.023,cents/kg,Cotton Safeguard (Value),20
9904.52.22,5201.00.38,Global,Base Rate,,,,,,Cotton Safeguard (Value),20
9904.52.24,5201.00.80,Global,Base Rate,,,,0.981,cents/kg,Cotton Safeguard (Value),20
9904.52.25,5201.00.80,Global,Base Rate,,,,0.733,cents/kg,Cotton Safeguard (Value),20
9904.52.26,5201.00.80,Global,Base Rate,,,,0.523,cents/kg,Cotton Safeguard (Value),20
9904.52.27,5201.00.80,Global,Base Rate,,,,0.373,cents/kg,Cotton Safeguard (Value),20
9904.52.28,5201.00.80,Global,Base Rate,,,,0.233,cents/kg,Cotton Safeguard (Value),20
9904.52.29,5201.00.80,Global,Base Rate,,,,0.143,cents/kg,Cotton Safeguard (Value),20
9904.52.30,5201.00.80,Global,Base Rate,,,,0.083,cents/kg,Cotton Safeguard (Value),20
9904.52.31,5201.00.80,Global,Base Rate,,,,0.053,cents/kg,Cotton Safeguard (Value),20
9904.52.32,5201.00.80,Global,Base Rate,,,,0.023,cents/kg,Cotton Safeguard (Value),20
9904.52.33,5201.00.80,Global,Base Rate,,,,,,Cotton Safeguard (Value),20
9904.52.35,5202.99.30,Global,Base Rate,,,,3.159,/kg,Cotton Waste Safeguard (Value),20
9904.52.36,5202.99.30,Global,Base Rate,,,,2.291,/kg,Cotton Waste Safeguard (Value),20
9904.52.37,5202.99.30,Global,Base Rate,,,,1.591,/kg,Cotton Waste Safeguard (Value),20
9904.52.38,5202.99.30,Global,Base Rate,,,,1.079,/kg,Cotton Waste Safeguard (Value),20
9904.52.39,5202.99.30,Global,Base Rate,,,,0.641,cents/kg,Cotton Waste Safeguard (Value),20
9904.52.40,5202.99.30,Global,Base Rate,,,,0.341,cents/kg,Cotton Waste Safeguard (Value),20
9904.52.41,5202.99.30,Global,Base Rate,,,,0.041,cents/kg,Cotton Waste Safeguard (Value),20
9904.52.42,5202.99.30,Global,Base Rate,,,,,,Cotton Waste Safeguard (Value),20
9904.52.44,5203.00.30,Global,Base Rate,,,,0.241,cents/kg,Cotton Fiber Safeguard (Value),20
9904.52.45,5203.00.30,Global,Base Rate,,,,0.159,cents/kg,Cotton Fiber Safeguard (Value),20
9904.52.46,5203.00.30,Global,Base Rate,,,,0.098,cents/kg,Cotton Fiber Safeguard (Value),20
9904.52.47,5203.00.30,Global,Base Rate,,,,0.052,cents/kg,Cotton Fiber Safeguard (Value),20
9904.52.48,5203.00.30,Global,Base Rate,,,,0.022,cents/kg,Cotton Fiber Safeguard (Value),20
9904.52.49,5203.00.30,Global,Base Rate,,,,,,Cotton Fiber Safeguard (Value),20
9915.04.13,0402.21.90,Costa Rica,Base Rate,,,,1.556,$/kg,CAFTA-DR Surcharge,10
9915.04.13,0402.21.90,El Salvador,Base Rate,,,,1.556,$/kg,CAFTA-DR Surcharge,10
9915.04.13,0402.21.90,Honduras,Base Rate,,,,1.556,$/kg,CAFTA-DR Surcharge,10
9915.04.13,0403.90.65,Costa Rica,Base Rate,,,,1.556,$/kg,CAFTA-DR Surcharge,10
9915.04.13,0403.90.65,El Salvador,Base Rate,,,,1.556,$/kg,CAFTA-DR Surcharge,10
9915.04.13,0403.90.65,Honduras,Base Rate,,,,1.556,$/kg,CAFTA-DR Surcharge,10
9915.50.01,6115.95.60,Honduras,0.05,0.05,,,,,CAFTA-DR (Orig),10
9915.50.01,6115.95.90,Honduras,0.05,0.05,,,,,CAFTA-DR (Orig),10
9915.61.03,6112.41.00,Costa Rica,0,0.0,,,,,CAFTA-DR (Apparel),10
9915.61.04,6112.49.00,Costa Rica,0,0.0,,,,,CAFTA-DR (Apparel),10
9920.38.01,3824.71.01,South Korea,0,0.0,,,,,US-Korea FTA,10
9920.38.02,3824.71.01,South Korea,0,0.0,,,,,US-Korea FTA,10
9920.85.01,8544.42.90,South Korea,0,0.0,,,,,US-Korea FTA,10
9920.85.02,8544.42.90,South Korea,0,0.0,,,,,US-Korea FTA,10
9921.01.01,8415.90.80,Japan,0.014,0.014,,,,,US-Japan Trade Agreement,10
9921.01.02,8415.90.80,Japan,0,0.0,,,,,US-Japan Trade Agreement,10
9922.01.01,1202.30.80,Mexico,0,0.0,,,,,USMCA,10
9922.01.01,1202.30.80,United States,0,0.0,,,,,USMCA,10
9922.01.02,1202.30.80,Canada,0.22,0.22,,,,,USMCA,10
9922.01.03,1202.41.80,Mexico,0,0.0,,,,,USMCA,10
9922.01.03,1202.41.80,United States,0,0.0,,,,,USMCA,10
9922.01.04,1202.41.80,Canada,0.273,0.273,,,,,USMCA,10
9922.01.05,1202.42.90,Mexico,0,0.0,,,,,USMCA,10
9922.01.05,1202.42.90,United States,0,0.0,,,,,USMCA,10
9922.01.06,1202.42.90,Canada,0.22,0.22,,,,,USMCA,10
9922.01.07,2008.11.15,Mexico,0,0.0,,,,,USMCA,10
9922.01.07,2008.11.15,United States,0,0.0,,,,,USMCA,10
9922.01.08,2008.11.15,Canada,0.22,0.22,,,,,USMCA,10
9922.01.09,1202.42.20,Mexico,0,0.0,,,,,USMCA,10
9922.01.09,1202.42.20,United States,0,0.0,,,,,USMCA,10
9922.01.10,1202.42.20,Canada,0.22,0.22,,,,,USMCA,10
9922.01.11,2008.11.61,Mexico,0,0.0,,,,,USMCA,10
9922.01.11,2008.11.61,United States,0,0.0,,,,,USMCA,10
9922.01.12,2008.11.61,Canada,0.22,0.22,,,,,USMCA,10
9922.52.01,5201.00.18,Mexico,0,0.0,,,,,USMCA,10
9922.52.01,5201.00.18,United States,0,0.0,,,,,USMCA,10
9922.52.02,5201.00.18,Canada,Base Rate,,,,0.052,cents/kg,USMCA,10
9922.52.03,5201.00.28,Mexico,0,0.0,,,,,USMCA,10
9922.52.03,5201.00.28,United States,0,0.0,,,,,USMCA,10
9922.52.04,5201.00.28,Canada,Base Rate,,,,0.052,cents/kg,USMCA,10
9922.52.05,5201.00.38,Mexico,0,0.0,,,,,USMCA,10
9922.52.05,5201.00.38,United States,0,0.0,,,,,USMCA,10
9922.52.06,5201.00.38,Canada,Base Rate,,,,0.052,cents/kg,USMCA,10
9922.52.07,5201.00.80,Mexico,0,0.0,,,,,USMCA,10
9922.52.07,5201.00.80,United States,0,0.0,,,,,USMCA,10
9922.52.08,5201.00.80,Canada,Base Rate,,,,0.052,cents/kg,USMCA,10
9922.52.09,5202.99.30,Mexico,0,0.0,,,,,USMCA,10
9922.52.09,5202.99.30,United States,0,0.0,,,,,USMCA,10
9922.52.10,5202.99.30,Canada,Base Rate,,,,0.013,cents/kg,USMCA,10
9922.52.11,5203.00.30,Mexico,0,0.0,,,,,USMCA,10
9922.52.11,5203.00.30,United States,0,0.0,,,,,USMCA,10
9922.52.12,5203.00.30,Canada,Base Rate,,,,0.052,cents/kg,USMCA,10
